tld,apply_intervention,apply_collect_links
observer.com,TRUE,FALSE
mcdowellnews.com,TRUE,FALSE
richmond.com,TRUE,FALSE
itn.co.uk,TRUE,FALSE
g1.globo.com,TRUE,FALSE
ilfattoquotidiano.it,TRUE,FALSE
columbinecourier.com,TRUE,FALSE
bigbendsentinel.com,TRUE,FALSE
vf.is,TRUE,FALSE
sctonline.net,TRUE,FALSE
geeko.lesoir.be,TRUE,FALSE
businessexaminer.com,TRUE,FALSE
windsorstar.com,TRUE,FALSE
benesovsky.denik.cz,TRUE,FALSE
affarsvarlden.se,TRUE,FALSE
sthelensstar.co.uk,TRUE,FALSE
recordgazette.net,TRUE,FALSE
ourvalley.org,TRUE,FALSE
gadcotimes.com,TRUE,FALSE
gladwinmi.com,TRUE,FALSE
milforddailynews.com,TRUE,FALSE
ap22.ru,TRUE,FALSE
thesunchronicle.com,TRUE,FALSE
dailynewstranscript.com,TRUE,FALSE
formulapassion.it,TRUE,FALSE
abc13.com,TRUE,FALSE
thetandd.com,TRUE,FALSE
lusakatimes.com,TRUE,FALSE
cincyjungle.com,TRUE,FALSE
theledger.com,TRUE,FALSE
collectspace.com,TRUE,FALSE
cherokeetribune.com,TRUE,FALSE
trftimes.com,TRUE,FALSE
laois-nationalist.ie,TRUE,FALSE
thecoastnews.com,TRUE,FALSE
newsru.com,TRUE,FALSE
mississauga.com,TRUE,FALSE
nenaghguardian.ie,TRUE,FALSE
pjstar.com,TRUE,FALSE
msjnews.com,TRUE,FALSE
medicalnewstoday.com,TRUE,FALSE
southernstandard.com,TRUE,FALSE
karvinsky.denik.cz,TRUE,FALSE
support.espn.com,TRUE,FALSE
phoenixnewtimes.com,TRUE,FALSE
magyarszo.com,TRUE,FALSE
thenewsgramonline.net,TRUE,FALSE
herb.co,TRUE,FALSE
acritica.net,TRUE,FALSE
hollywoodreporter.com,TRUE,FALSE
opovofamalicense.com,TRUE,FALSE
deia.com,TRUE,FALSE
starbeacon.com,TRUE,FALSE
finanzen.ch,TRUE,FALSE
desporto.sapo.pt,TRUE,FALSE
msp.money.pl,TRUE,FALSE
krzbb.de,TRUE,FALSE
taste.com.au,TRUE,FALSE
imolaoggi.it,TRUE,FALSE
norwichbulletin.com,TRUE,FALSE
albertleatribune.com,TRUE,FALSE
mkset.ru,TRUE,FALSE
nyti.ms,TRUE,FALSE
philstar.com,TRUE,FALSE
thebanner.com,TRUE,FALSE
sport-fm.gr,TRUE,FALSE
jornalmedico.pt,TRUE,FALSE
glasgowdailytimes.com,TRUE,FALSE
jogos.uol.com.br,TRUE,FALSE
mult-kor.hu,TRUE,FALSE
chas.cv.ua,TRUE,FALSE
news24.com,TRUE,FALSE
antonnews.com,TRUE,FALSE
antyradio.pl,TRUE,FALSE
sport.oe24.at,TRUE,FALSE
teaweekly.com,TRUE,FALSE
indeonline.com,TRUE,FALSE
island-reporter.com,TRUE,FALSE
kuzzbas.ru,TRUE,FALSE
piercecountyherald.com,TRUE,FALSE
valleyadvocate.com,TRUE,FALSE
news1130.com,TRUE,FALSE
dailychiefunion.com,TRUE,FALSE
hoopsworld.com,TRUE,FALSE
film.interia.pl,TRUE,FALSE
pitchfork.com,TRUE,FALSE
theadanews.com,TRUE,FALSE
the-star.co.ke,TRUE,FALSE
fairfaxconnection.com,TRUE,FALSE
lgbtqnation.com,TRUE,FALSE
roanoke.com,TRUE,FALSE
livesport.ru,TRUE,FALSE
dailyfinance.com,TRUE,FALSE
news.gov.hk,TRUE,FALSE
wilsonvillenews.com,TRUE,FALSE
empregopelomundo.com,TRUE,FALSE
boerse-frankfurt.de,TRUE,FALSE
pudelek.pl,TRUE,FALSE
rumbotx.com,TRUE,FALSE
cumbernauld-news.co.uk,TRUE,FALSE
inspiremore.com,TRUE,FALSE
mittelhessen.de,TRUE,FALSE
islander.org,TRUE,FALSE
seacoastecho.com,TRUE,FALSE
france24.com,TRUE,FALSE
nazory.ihned.cz,TRUE,FALSE
rkw.3w.pl,TRUE,FALSE
tylertribute.com,TRUE,FALSE
buzzfeed.com,TRUE,FALSE
revelstoketimesreview.com,TRUE,FALSE
thedutchharborfisherman.com,TRUE,FALSE
leaderandtimes.com,TRUE,FALSE
murrayjournal.com,TRUE,FALSE
budstikka.no,TRUE,FALSE
panbalsas.lt,TRUE,FALSE
thesouthern.com,TRUE,FALSE
thefloridastar.com,TRUE,FALSE
inweekly.net,TRUE,FALSE
marlindemocrat.com,TRUE,FALSE
mondafriquedaily.com,TRUE,FALSE
shannoncountycurrentwave.com,TRUE,FALSE
pressball.by,TRUE,FALSE
celebrity-gossip.net,TRUE,FALSE
go-jamaica.com,TRUE,FALSE
radiosport.co.nz,TRUE,FALSE
thevitalvoice.com,TRUE,FALSE
delish.com,TRUE,FALSE
wday.com,TRUE,FALSE
landeszeitung.cz,TRUE,FALSE
jcrs.uol.com.br,TRUE,FALSE
thebridgeweekly.com,TRUE,FALSE
myfoxatlanta.com,TRUE,FALSE
sn.dk,TRUE,FALSE
theintelligencer.net,TRUE,FALSE
worstpreviews.com,TRUE,FALSE
olympics.nbcsports.com,TRUE,FALSE
roadracingworld.com,TRUE,FALSE
lewiscountyherald.com,TRUE,FALSE
vimmerbytidning.se,TRUE,FALSE
tribdem.com,TRUE,FALSE
zpravy.idnes.cz,TRUE,FALSE
tcnewsleader.com,TRUE,FALSE
ellsworthamerican.com,TRUE,FALSE
hilltimes.com,TRUE,FALSE
theclaytontribune.com,TRUE,FALSE
giants.com,TRUE,FALSE
la-croix.com,TRUE,FALSE
bhgnews.com,TRUE,FALSE
dinside.no,TRUE,FALSE
daily-mail.co.zm,TRUE,FALSE
timesherald.com,TRUE,FALSE
sportsworldreport.com,TRUE,FALSE
ts.cn,TRUE,FALSE
carrizospringsjavelin.com,TRUE,FALSE
kaiserhealthnews.org,TRUE,FALSE
callandpost.com,TRUE,FALSE
sz.lv,TRUE,FALSE
diit.cz,TRUE,FALSE
atlasobscura.com,TRUE,FALSE
lompocrecord.com,TRUE,FALSE
news.ustrotting.com,TRUE,FALSE
ukiahdailyjournal.com,TRUE,FALSE
tervareitti.fi,TRUE,FALSE
ostlendingen.no,TRUE,FALSE
rr.sapo.pt,TRUE,FALSE
commercial-news.com,TRUE,FALSE
happyherald.com,TRUE,FALSE
idgnow.com.br,TRUE,FALSE
sfvbj.com,TRUE,FALSE
radaronline.com,TRUE,FALSE
liberta.it,TRUE,FALSE
directolia.com,TRUE,FALSE
bakercountypress.com,TRUE,FALSE
wattsupwiththat.com,TRUE,FALSE
gizmocrave.com,TRUE,FALSE
maxpreps.com,TRUE,FALSE
timeslive.co.za,TRUE,FALSE
pagesix.com,TRUE,FALSE
myfoxal.com,TRUE,FALSE
news.superscommesse.it,TRUE,FALSE
capital.gr,TRUE,FALSE
incont.stirileprotv.ro,TRUE,FALSE
chesterstandard.co.uk,TRUE,FALSE
revistaquem.globo.com,TRUE,FALSE
krqe.com,TRUE,FALSE
herald-leader.net,TRUE,FALSE
centralmaine.com,TRUE,FALSE
news.google.ie,TRUE,FALSE
macrumors.com,TRUE,FALSE
bedfordtoday.co.uk,TRUE,FALSE
komiatlehti.fi,TRUE,FALSE
recombu.com,TRUE,FALSE
sisa-savolehti.fi,TRUE,FALSE
ocweekly.com,TRUE,FALSE
thenewsrecord.com,TRUE,FALSE
sitkasentinel.com,TRUE,FALSE
amic.ru,TRUE,FALSE
defensenews.com,TRUE,FALSE
laola1.at,TRUE,FALSE
wilsoncountynews.com,TRUE,FALSE
middleeasteye.net,TRUE,FALSE
sportpanorama.by,TRUE,FALSE
clintonchronicle.com,TRUE,FALSE
seattleweekly.com,TRUE,FALSE
nordeclair.fr,TRUE,FALSE
spencervillejournalnews.com,TRUE,FALSE
homemediamagazine.com,TRUE,FALSE
dibollfreepress.com,TRUE,FALSE
givemefootball.com,TRUE,FALSE
bhpioneer.com,TRUE,FALSE
itbiz.cz,TRUE,FALSE
eldiadecordoba.es,TRUE,FALSE
wetmountaintribune.com,TRUE,FALSE
times-georgian.com,TRUE,FALSE
hblad.no,TRUE,FALSE
levensmiddelenkrant.nl,TRUE,FALSE
altarimini.it,TRUE,FALSE
dailycorinthian.com,TRUE,FALSE
chronicletimes.com,TRUE,FALSE
gazetanord-vest.ro,TRUE,FALSE
lawrencecountypress.com,TRUE,FALSE
kurzy.cz,TRUE,FALSE
bgdailynews.com,TRUE,FALSE
stratfordandnewhamexpress.co.uk,TRUE,FALSE
outokummunseutu.fi,TRUE,FALSE
vip.de,TRUE,FALSE
sciencerecorder.com,TRUE,FALSE
rtl.fr,TRUE,FALSE
curier.ro,TRUE,FALSE
herald-review.com,TRUE,FALSE
680news.com,TRUE,FALSE
popdust.com,TRUE,FALSE
mun2.tv,TRUE,FALSE
benewsjournal.com,TRUE,FALSE
ltz.se,TRUE,FALSE
duluthshippingnews.com,TRUE,FALSE
nintendolife.com,TRUE,FALSE
tomshardware.de,TRUE,FALSE
nbc4i.com,TRUE,FALSE
wifr.com,TRUE,FALSE
esquire.com,TRUE,FALSE
jp.se,TRUE,FALSE
telecinco.es,TRUE,FALSE
staplesworld.com,TRUE,FALSE
fark.com,TRUE,FALSE
myconsolidated.net,TRUE,FALSE
voicenews.com,TRUE,FALSE
fodors.com,TRUE,FALSE
weatherforddemocrat.com,TRUE,FALSE
stevenspointjournal.com,TRUE,FALSE
hunedoreanul.gandul.info,TRUE,FALSE
ostnyland.fi,TRUE,FALSE
shakopeenews.com,TRUE,FALSE
osttiroler-bote.at,TRUE,FALSE
otempo.com.br,TRUE,FALSE
mondo.rs,TRUE,FALSE
rmf24.pl,TRUE,FALSE
vechorka.ru,TRUE,FALSE
dna.fr,TRUE,FALSE
clicapiaui.com,TRUE,FALSE
newhampshirelakesandmountains.com,TRUE,FALSE
thepaper.cn,TRUE,FALSE
weartv.com,TRUE,FALSE
recordonline.com,TRUE,FALSE
treehugger.com,TRUE,FALSE
dispatch.com,TRUE,FALSE
ftimes.ru,TRUE,FALSE
mobilenet.cz,TRUE,FALSE
ketv.com,TRUE,FALSE
kp24.fi,TRUE,FALSE
accuweather.com,TRUE,FALSE
biztimes.com,TRUE,FALSE
theintermountain.com,TRUE,FALSE
hutchinsonleader.com,TRUE,FALSE
the-towncrier.com,TRUE,FALSE
ktuu.com,TRUE,FALSE
cheatsheet.com,TRUE,FALSE
euronews.com,TRUE,FALSE
totalprosports.com,TRUE,FALSE
jeffersonpost.com,TRUE,FALSE
thestokesnews.com,TRUE,FALSE
panoramaaz.com,TRUE,FALSE
milb.com,TRUE,FALSE
thisislincolnshire.co.uk,TRUE,FALSE
pulshr.pl,TRUE,FALSE
nwherald.qwestoffice.net,TRUE,FALSE
fremover.no,TRUE,FALSE
tillamookheadlightherald.com,TRUE,FALSE
niagarafallsreview.ca,TRUE,FALSE
news.tj,TRUE,FALSE
thehimalayantimes.com,TRUE,FALSE
libertylakesplash.com,TRUE,FALSE
wjon.com,TRUE,FALSE
tottenhamhotspur.com,TRUE,FALSE
patrasevents.gr,TRUE,FALSE
thehartwellsun.com,TRUE,FALSE
ntz.lv,TRUE,FALSE
statesville.com,TRUE,FALSE
leominsterchamp.com,TRUE,FALSE
wtrf.com,TRUE,FALSE
letemps.ch,TRUE,FALSE
ntnews.com.au,TRUE,FALSE
news.samaratoday.ru,TRUE,FALSE
lansisaimaa.fi,TRUE,FALSE
news.bbc.co.uk,TRUE,FALSE
thrakikiagora.gr,TRUE,FALSE
wctrib.com,TRUE,FALSE
kjrh.com,TRUE,FALSE
clarionledger.com,TRUE,FALSE
tvline.com,TRUE,FALSE
asiaone.com,TRUE,FALSE
staugustine.com,TRUE,FALSE
herald-journal.com,TRUE,FALSE
glas-javnosti.rs,TRUE,FALSE
zuonline.ch,TRUE,FALSE
film.wp.pl,TRUE,FALSE
c-span.org,TRUE,FALSE
maderatribune.com,TRUE,FALSE
leggo.it,TRUE,FALSE
gladsaxebladet.dk,TRUE,FALSE
news.naij.com,TRUE,FALSE
xinhuanet.com,TRUE,FALSE
90min.com,TRUE,FALSE
24blekinge.se,TRUE,FALSE
arab-today.com,TRUE,FALSE
news-journalonline.com,TRUE,FALSE
algheronewsitaly.com,TRUE,FALSE
pcworld.cz,TRUE,FALSE
thetown-crier.com,TRUE,FALSE
pnp.de,TRUE,FALSE
rantapohja.fi,TRUE,FALSE
greercitizen.com,TRUE,FALSE
monroebuzz.com,TRUE,FALSE
trustnet.com,TRUE,FALSE
semissourian.com,TRUE,FALSE
fabsugar.com,TRUE,FALSE
poznan.sport.pl,TRUE,FALSE
fonearena.com,TRUE,FALSE
muleshoejournal.com,TRUE,FALSE
bassmaster.com,TRUE,FALSE
sz-online.de,TRUE,FALSE
ncnlocal.com,TRUE,FALSE
treinreiziger.nl,TRUE,FALSE
palmbeachpost.com,TRUE,FALSE
houstoncountycourier.com,TRUE,FALSE
privataaffarer.se,TRUE,FALSE
politiek.tpo.nl,TRUE,FALSE
gazetawroclawska.pl,TRUE,FALSE
hetkompassliedrecht.nl,TRUE,FALSE
smartcompany.com.au,TRUE,FALSE
pcadvisor.co.uk,TRUE,FALSE
hallandsposten.se,TRUE,FALSE
thecomet.net,TRUE,FALSE
mt-vernon.com,TRUE,FALSE
millercountyliberal.com,TRUE,FALSE
zlin.cz,TRUE,FALSE
newsrepublican.com,TRUE,FALSE
cityweekly.net,TRUE,FALSE
elnortedecastilla.es,TRUE,FALSE
hendersondailynews.com,TRUE,FALSE
stuff.tv,TRUE,FALSE
news.techworld.com,TRUE,FALSE
roanecounty.com,TRUE,FALSE
21alive.com,TRUE,FALSE
milano.corriere.it,TRUE,FALSE
nutpub.net,TRUE,FALSE
m.mobilmania.cz:mobilmania.cz,TRUE,FALSE
carynews.com,TRUE,FALSE
iolaregister.com,TRUE,FALSE
dailyreportonline.com,TRUE,FALSE
mobilesyrup.com,TRUE,FALSE
overtoncountynews.com,TRUE,FALSE
dglobe.com,TRUE,FALSE
nepszava.hu,TRUE,FALSE
wundo.ch,TRUE,FALSE
aetv.com,TRUE,FALSE
hrvatskarijec.rs,TRUE,FALSE
celebritybabyscoop.com,TRUE,FALSE
mobilmania.cz,TRUE,FALSE
tennessean.com,TRUE,FALSE
jstv.com,TRUE,FALSE
silskivisti.kiev.ua,TRUE,FALSE
dbtechno.com,TRUE,FALSE
bhgnews.com,TRUE,FALSE
sport.ilmessaggero.it,TRUE,FALSE
warszawa.wyborcza.pl,TRUE,FALSE
uk.sports.yahoo.com,TRUE,FALSE
thearcticsounder.com,TRUE,FALSE
clintonnews.com,TRUE,FALSE
latgaleslaiks.lv,TRUE,FALSE
wptz.com,TRUE,FALSE
capitalfm.co.ke,TRUE,FALSE
ziuadevest.ro,TRUE,FALSE
cpv.ru,TRUE,FALSE
land.lu,TRUE,FALSE
terrasdabeira.com,TRUE,FALSE
demo-mo.com,TRUE,FALSE
svherald.com,TRUE,FALSE
hendersondispatch.com,TRUE,FALSE
afspot.net,TRUE,FALSE
newbernsj.com,TRUE,FALSE
krtv.com,TRUE,FALSE
plattecountycitizen.com,TRUE,FALSE
myfoxdc.com,TRUE,FALSE
lewisboroledger.com,TRUE,FALSE
cbsatlanta.com,TRUE,FALSE
skrastas.lt,TRUE,FALSE
sugarscape.com,TRUE,FALSE
sueddeutsche.de,TRUE,FALSE
eltemps.cat,TRUE,FALSE
dolce-sport.ro,TRUE,FALSE
portugalresident.com,TRUE,FALSE
eliesma.lv,TRUE,FALSE
theputnamstandard.com,TRUE,FALSE
cambstimes.co.uk,TRUE,FALSE
windiescricket.com,TRUE,FALSE
thealpenanews.com,TRUE,FALSE
mymonticellonews.net,TRUE,FALSE
grandrapidsmn.com,TRUE,FALSE
news.msn.co.nz,TRUE,FALSE
guardianlv.com,TRUE,FALSE
press.foxbusiness.com,TRUE,FALSE
aktiv-online.de,TRUE,FALSE
purcellregister.com,TRUE,FALSE
rednews.ru,TRUE,FALSE
officer.com,TRUE,FALSE
gdp.ch,TRUE,FALSE
racingpost.com,TRUE,FALSE
times-gazette.com,TRUE,FALSE
laopinion.com,TRUE,FALSE
eastbayexpress.com,TRUE,FALSE
carboncountynews.com,TRUE,FALSE
lasicilia.it,TRUE,FALSE
news-reporter.com,TRUE,FALSE
natchezsun.com,TRUE,FALSE
entornointeligente.com,TRUE,FALSE
journalpress.com,TRUE,FALSE
thejakartaglobe.com,TRUE,FALSE
durangoherald.com,TRUE,FALSE
seminoleproducer.com,TRUE,FALSE
baltictimes.com,TRUE,FALSE
times-series.co.uk,TRUE,FALSE
channel3000.com,TRUE,FALSE
baylorbanner.com,TRUE,FALSE
joemiller.us,TRUE,FALSE
sg.finance.yahoo.com,TRUE,FALSE
quepasamedia.com,TRUE,FALSE
mendotareporter.com,TRUE,FALSE
fedpress.ru,TRUE,FALSE
fr.canoe.ca,TRUE,FALSE
cynthianademocrat.com,TRUE,FALSE
mteagle.com,TRUE,FALSE
espnfc.com,TRUE,FALSE
lamanyana.es,TRUE,FALSE
salzburg.orf.at,TRUE,FALSE
kspr.com,TRUE,FALSE
nashvillecitypaper.com,TRUE,FALSE
hereisthecity.com,TRUE,FALSE
planetnorthshore.com,TRUE,FALSE
talks.su,TRUE,FALSE
rangerreview.com,TRUE,FALSE
thepamliconews.com,TRUE,FALSE
msn.com,TRUE,FALSE
pt.blastingnews.com,TRUE,FALSE
quatrorodas.abril.com.br,TRUE,FALSE
gry-online.pl,TRUE,FALSE
timesuniononline.com,TRUE,FALSE
si24.it,TRUE,FALSE
starcasm.net,TRUE,FALSE
wfmz.com,TRUE,FALSE
indiainfoline.com,TRUE,FALSE
psu.com,TRUE,FALSE
canarianweekly.com,TRUE,FALSE
exeterexpressandecho.co.uk,TRUE,FALSE
fox7austin.com,TRUE,FALSE
derboersianer.com,TRUE,FALSE
redding.com,TRUE,FALSE
vg.hu,TRUE,FALSE
nez.de,TRUE,FALSE
brasil247.com,TRUE,FALSE
forksforum.com,TRUE,FALSE
geopolis.francetvinfo.fr,TRUE,FALSE
redrocknews.com,TRUE,FALSE
sportal.com.au,TRUE,FALSE
bristolpost.co.uk,TRUE,FALSE
gothess.gr,TRUE,FALSE
newjerseyhills.com,TRUE,FALSE
aliran.com,TRUE,FALSE
popsugar.com,TRUE,FALSE
maxpressnet.com.br,TRUE,FALSE
seekingalpha.com,TRUE,FALSE
eladelantado.com,TRUE,FALSE
lequotidien.lu,TRUE,FALSE
alagoas24horas.com.br,TRUE,FALSE
andoveradvertiser.co.uk,TRUE,FALSE
blog.caranddriver.com,TRUE,FALSE
faz.net,TRUE,FALSE
wsoctv.com,TRUE,FALSE
glavnoe.ua,TRUE,FALSE
piadvance.com,TRUE,FALSE
dailycitizen.com,TRUE,FALSE
onetz.de,TRUE,FALSE
meridianstar.com,TRUE,FALSE
waunetanebraska.com,TRUE,FALSE
cricbuzz.com,TRUE,FALSE
arktimes.com,TRUE,FALSE
cuyahogacounty.us,TRUE,FALSE
rockymounttelegram.com,TRUE,FALSE
huffingtonpost.ca,TRUE,FALSE
turlockjournal.com,TRUE,FALSE
pressmentor.com,TRUE,FALSE
independent-al.ro,TRUE,FALSE
eastday.com,TRUE,FALSE
home.myhughesnet.com,TRUE,FALSE
kcra.com,TRUE,FALSE
kobieta.wp.pl,TRUE,FALSE
falkirkherald.co.uk,TRUE,FALSE
ouest-france.fr,TRUE,FALSE
economia.ilmessaggero.it,TRUE,FALSE
desertsun.com,TRUE,FALSE
press-times.com,TRUE,FALSE
freepressonline.com,TRUE,FALSE
fcnp.com,TRUE,FALSE
thenewsstar.com,TRUE,FALSE
foreverymom.com,TRUE,FALSE
coshoctontribune.com,TRUE,FALSE
abcnews.go.com,TRUE,FALSE
thueringer-allgemeine.de,TRUE,FALSE
msgr.com,TRUE,FALSE
msn.com,TRUE,FALSE
wics.com,TRUE,FALSE
intertownrecord.com,TRUE,FALSE
negocios.com,TRUE,FALSE
jiaodong.net,TRUE,FALSE
timesdispatch.com,TRUE,FALSE
themontgomeryindependent.com,TRUE,FALSE
ga-online.de,TRUE,FALSE
getreading.co.uk,TRUE,FALSE
thejc.com,TRUE,FALSE
hazipatika.com,TRUE,FALSE
weei.com,TRUE,FALSE
ahaonline.cz,TRUE,FALSE
indymedia.org,TRUE,FALSE
bossierpress.com,TRUE,FALSE
diariojaen.es,TRUE,FALSE
pulaskinews.net,TRUE,FALSE
f1vilag.hu,TRUE,FALSE
aol.com,TRUE,FALSE
westportnow.com,TRUE,FALSE
dagenssamhalle.se,TRUE,FALSE
local8now.com,TRUE,FALSE
juneauempire.com,TRUE,FALSE
weaselzippers.us,TRUE,FALSE
theatlantic.com,TRUE,FALSE
bad.eserver.org,TRUE,FALSE
liberazione.it,TRUE,FALSE
thewest.com.au,TRUE,FALSE
johnsoncitypress.com,TRUE,FALSE
seguingazette.com,TRUE,FALSE
ruscur.ru,TRUE,FALSE
oblgazeta.ru,TRUE,FALSE
thecarconnection.com,TRUE,FALSE
spettacoliecultura.ilmessaggero.it,TRUE,FALSE
proinoslogos.gr,TRUE,FALSE
sb.no,TRUE,FALSE
cambodia.org,TRUE,FALSE
galvnews.com,TRUE,FALSE
svencioniu.krastas.w3.lt,TRUE,FALSE
evilbeetgossip.com,TRUE,FALSE
lawdailyrecord.com,TRUE,FALSE
gs.by,TRUE,FALSE
fakti.bg,TRUE,FALSE
npr.org,TRUE,FALSE
indreg.com,TRUE,FALSE
laserbuddy.com,TRUE,FALSE
mashable.com,TRUE,FALSE
wbez.org,TRUE,FALSE
pressconnects.com,TRUE,FALSE
wmagazine.com,TRUE,FALSE
sanjuanislander.com,TRUE,FALSE
thebristolbaytimes.com,TRUE,FALSE
toponline.ch,TRUE,FALSE
oe24.at,TRUE,FALSE
localnews8.com,TRUE,FALSE
farmvilleherald.com,TRUE,FALSE
herald-publishing.com,TRUE,FALSE
tsf.pt,TRUE,FALSE
drudge.com,TRUE,FALSE
dailyrecord.com,TRUE,FALSE
businessweek.com,TRUE,FALSE
missoulian.com,TRUE,FALSE
examiner.com.au,TRUE,FALSE
radiotv.cz,TRUE,FALSE
si.com,TRUE,FALSE
ptleader.com,TRUE,FALSE
syfy.com,TRUE,FALSE
farmers-exchange.net,TRUE,FALSE
skagwaynews.com,TRUE,FALSE
zlinsky.denik.cz,TRUE,FALSE
rheintaler.ch,TRUE,FALSE
bankier.pl,TRUE,FALSE
armytimes.com,TRUE,FALSE
kreativ.hu,TRUE,FALSE
eastpeoriatimescourier.com,TRUE,FALSE
yahoo.com,TRUE,FALSE
enca.com,TRUE,FALSE
elmensajero.com,TRUE,FALSE
vratza.com,TRUE,FALSE
setubalnarede.pt,TRUE,FALSE
stourbridgenews.co.uk,TRUE,FALSE
monde-diplomatique.fr,TRUE,FALSE
veja.abril.com.br,TRUE,FALSE
solihullobserver.co.uk,TRUE,FALSE
westbendnews.net,TRUE,FALSE
hirek.oldal.info,TRUE,FALSE
waxahachietx.com,TRUE,FALSE
bricktimes.micromediapubs.com,TRUE,FALSE
zap2it.com,TRUE,FALSE
diariocordoba.com,TRUE,FALSE
thisiswiltshire.co.uk,TRUE,FALSE
gazzetta.gr,TRUE,FALSE
omropfryslan.nl,TRUE,FALSE
bama.hu,TRUE,FALSE
fox26houston.com,TRUE,FALSE
masoncountydailynews.com,TRUE,FALSE
skywrighter.com,TRUE,FALSE
esportes.terra.com.br,TRUE,FALSE
mininggazette.com,TRUE,FALSE
wiadomosci.onet.pl,TRUE,FALSE
moviefone.com,TRUE,FALSE
hermannstaedter.ro,TRUE,FALSE
poznan.naszemiasto.pl,TRUE,FALSE
bransondailynews.com,TRUE,FALSE
cnetfrance.fr,TRUE,FALSE
moss-avis.no,TRUE,FALSE
2dayfm.com.au,TRUE,FALSE
goblueridge.net,TRUE,FALSE
jacksontimes.micromediapubs.com,TRUE,FALSE
kboi2.com,TRUE,FALSE
delmartimes.net,TRUE,FALSE
expresso.sapo.pt,TRUE,FALSE
thenews-journal.com,TRUE,FALSE
handelsblatt.com,TRUE,FALSE
firstcoastnews.com,TRUE,FALSE
bresciaoggi.it,TRUE,FALSE
sltrib.com,TRUE,FALSE
krem.com,TRUE,FALSE
thewoodstockindependent.com,TRUE,FALSE
prescottaz.com,TRUE,FALSE
bransontrilakesnews.com,TRUE,FALSE
news8000.com,TRUE,FALSE
4-traders.com,TRUE,FALSE
seminolesentinel.com,TRUE,FALSE
golem.de,TRUE,FALSE
adelnews.com,TRUE,FALSE
groningerkrant.nl,TRUE,FALSE
wbaltv.com,TRUE,FALSE
pennlive.com,TRUE,FALSE
klassekampen.no,TRUE,FALSE
columbiadailyherald.com,TRUE,FALSE
sb.by,TRUE,FALSE
wellsvilledaily.com,TRUE,FALSE
pirmasenser-zeitung.de,TRUE,FALSE
eluniversal.com.co,TRUE,FALSE
kuhmoistensanomat.fi,TRUE,FALSE
jezebel.com,TRUE,FALSE
puterea.ro,TRUE,FALSE
whas11.com,TRUE,FALSE
saludastandard-sentinel.com,TRUE,FALSE
bhamweekly.com,TRUE,FALSE
effinghamdailynews.com,TRUE,FALSE
tctimes.com,TRUE,FALSE
oa.no,TRUE,FALSE
dvdtalk.com,TRUE,FALSE
gailtal-journal.at,TRUE,FALSE
northyorkshirenews.com,TRUE,FALSE
lokalkompass.de,TRUE,FALSE
clarendonlive.com,TRUE,FALSE
lyonne.fr,TRUE,FALSE
talkingpointsmemo.com,TRUE,FALSE
boursier.com,TRUE,FALSE
gamestar.hu,TRUE,FALSE
babble.com,TRUE,FALSE
businessmagazin.ro,TRUE,FALSE
fstribune.com,TRUE,FALSE
njbiz.com,TRUE,FALSE
eveningtribune.com,TRUE,FALSE
hl.rs,TRUE,FALSE
americustimesrecorder.com,TRUE,FALSE
dodgeglobe.com,TRUE,FALSE
claytodayonline.com,TRUE,FALSE
moto.pl,TRUE,FALSE
m.news247.gr:news247.gr,TRUE,FALSE
sharonherald.com,TRUE,FALSE
thewrap.com,TRUE,FALSE
kauhajoki-lehti.fi,TRUE,FALSE
westernnebraskaobserver.net,TRUE,FALSE
linfo.re,TRUE,FALSE
komputerswiat.pl,TRUE,FALSE
newkirkherald.com,TRUE,FALSE
szon.hu,TRUE,FALSE
reviews.in.gr,TRUE,FALSE
bakersfield.com,TRUE,FALSE
ca.news.yahoo.com,TRUE,FALSE
ubmedia.biz,TRUE,FALSE
gliwice.wyborcza.pl,TRUE,FALSE
cnwest.com,TRUE,FALSE
dailytradealert.com,TRUE,FALSE
sumtercountytimes.com,TRUE,FALSE
radiohamburg.de,TRUE,FALSE
dagensmedicin.se,TRUE,FALSE
maitlandmercury.com.au,TRUE,FALSE
news.rambler.ru,TRUE,FALSE
ontheredcarpet.com,TRUE,FALSE
thedailycitizen.com,TRUE,FALSE
statesman.com,TRUE,FALSE
olathedailynews.com,TRUE,FALSE
commonwealthfund.org,TRUE,FALSE
thr.cm,TRUE,FALSE
clatskaniechiefnews.com,TRUE,FALSE
actualidad.rt.com,TRUE,FALSE
b92.net,TRUE,FALSE
hu.euronews.com,TRUE,FALSE
sanibel-captiva-islander.com,TRUE,FALSE
diariodeleon.es,TRUE,FALSE
bjournal.com,TRUE,FALSE
jeudi.lu,TRUE,FALSE
losangeles.cbslocal.com,TRUE,FALSE
hesperianbeacononline.com,TRUE,FALSE
sportlive.co.za,TRUE,FALSE
mensxp.com,TRUE,FALSE
cas.sk,TRUE,FALSE
rp.pl,TRUE,FALSE
m.niezalezna.pl:niezalezna.pl,TRUE,FALSE
orlandosentinel.com,TRUE,FALSE
wbko.com,TRUE,FALSE
manilastandardtoday.com,TRUE,FALSE
grist.org,TRUE,FALSE
themoscowtimes.com,TRUE,FALSE
corrieredibologna.corriere.it,TRUE,FALSE
krcrtv.com,TRUE,FALSE
pulaskinews.net,TRUE,FALSE
sub.gmnews.com,TRUE,FALSE
carycitizen.com,TRUE,FALSE
news.yahoo.com,TRUE,FALSE
independentvoice.com,TRUE,FALSE
neoiagones.gr,TRUE,FALSE
firda.no,TRUE,FALSE
salem-news.com,TRUE,FALSE
computerworld.cz,TRUE,FALSE
aberdeennews.com,TRUE,FALSE
bbherald.com,TRUE,FALSE
woman.at,TRUE,FALSE
news-shield.com,TRUE,FALSE
paolinewsrepublican.com,TRUE,FALSE
govolsxtra.com,TRUE,FALSE
patdollard.com,TRUE,FALSE
krgv.com,TRUE,FALSE
realitytvworld.com,TRUE,FALSE
catholicnewsagency.com,TRUE,FALSE
gatewaynews.org,TRUE,FALSE
vcnewsreview.com,TRUE,FALSE
juancole.com,TRUE,FALSE
wvmetronews.com,TRUE,FALSE
lakewoodobserver.com,TRUE,FALSE
guymondailyherald.com,TRUE,FALSE
newsnet5.com,TRUE,FALSE
jtimes.ru,TRUE,FALSE
burgasnews.com,TRUE,FALSE
7dney.by,TRUE,FALSE
smdp.com,TRUE,FALSE
stokecityfc.com,TRUE,FALSE
gtspirit.com,TRUE,FALSE
pe.com,TRUE,FALSE
koolnews.gr,TRUE,FALSE
thebrightonblade.com,TRUE,FALSE
kurzemes-vards.lv,TRUE,FALSE
novayagazeta.ru,TRUE,FALSE
phonedog.com,TRUE,FALSE
freepatriot.org,TRUE,FALSE
forsal.pl,TRUE,FALSE
eastsideboxing.com,TRUE,FALSE
mydaily.co.uk,TRUE,FALSE
theherald.com.au,TRUE,FALSE
standaard.be,TRUE,FALSE
shewired.com,TRUE,FALSE
exa.gmnews.com,TRUE,FALSE
montevistajournal.com,TRUE,FALSE
ttela.se,TRUE,FALSE
och-c.com,TRUE,FALSE
punkalaitumensanomat.fi,TRUE,FALSE
newera.com.na,TRUE,FALSE
demokraatti.fi,TRUE,FALSE
edhtelegraph.com,TRUE,FALSE
investireoggi.it,TRUE,FALSE
navarrepress.com,TRUE,FALSE
observador.pt,TRUE,FALSE
thedailygreen.com,TRUE,FALSE
wrdw.com,TRUE,FALSE
trud.ru,TRUE,FALSE
focus.levif.be,TRUE,FALSE
perryvillenews.com,TRUE,FALSE
pulaskinews.net,TRUE,FALSE
herald-dispatch.com,TRUE,FALSE
sondagsavisen.dk,TRUE,FALSE
ertribune.com,TRUE,FALSE
tatar-inform.ru,TRUE,FALSE
mbnews.it,TRUE,FALSE
openminds.tv,TRUE,FALSE
mobile.businessinsider.com,TRUE,FALSE
axs.tv,TRUE,FALSE
lanouvellegazette.be,TRUE,FALSE
whittierdailynews.com,TRUE,FALSE
hammontongazette.com,TRUE,FALSE
rccatalyst.com,TRUE,FALSE
baltimore.cbslocal.com,TRUE,FALSE
nhc24.hu,TRUE,FALSE
personcountylife.com,TRUE,FALSE
rfi.fr,TRUE,FALSE
schools.com,TRUE,FALSE
motoryzacja.interia.pl,TRUE,FALSE
nydailynews.com,TRUE,FALSE
puruvesi.net,TRUE,FALSE
blackhole.beeline.ru,TRUE,FALSE
eduline.hu,TRUE,FALSE
greeleytribune.com,TRUE,FALSE
easternwakenews.com,TRUE,FALSE
rexburgstandardjournal.com,TRUE,FALSE
chillicothetimesbulletin.com,TRUE,FALSE
inhetnieuws.eenvandaag.nl,TRUE,FALSE
vn.se,TRUE,FALSE
buffalobills.com,TRUE,FALSE
nypress.com,TRUE,FALSE
wlbt.com,TRUE,FALSE
dublincitizen.com,TRUE,FALSE
cuatro.com,TRUE,FALSE
baxterbulletin.com,TRUE,FALSE
betabeat.com,TRUE,FALSE
harboroughmail.co.uk,TRUE,FALSE
digitallife.gr,TRUE,FALSE
derpatriot.de,TRUE,FALSE
thenorthernlight.com,TRUE,FALSE
independenttribune.com,TRUE,FALSE
iphoned.nl,TRUE,FALSE
tribune.gr,TRUE,FALSE
lieksanlehti.fi,TRUE,FALSE
presspubs.com,TRUE,FALSE
unionesarda.it,TRUE,FALSE
knews.kg,TRUE,FALSE
luumaenlehti.fi,TRUE,FALSE
newstatesman.com,TRUE,FALSE
viaranews.com,TRUE,FALSE
thetruecitizen.com,TRUE,FALSE
blv.no,TRUE,FALSE
politico.eu,TRUE,FALSE
tonganoxiemirror.com,TRUE,FALSE
baynews9.com,TRUE,FALSE
lt.nu,TRUE,FALSE
wadenapj.com,TRUE,FALSE
zaman.bg,TRUE,FALSE
carthagecourier.com,TRUE,FALSE
savonsanomat.fi,TRUE,FALSE
lonokenews.net,TRUE,FALSE
jewishworldreview.com,TRUE,FALSE
takepart.com,TRUE,FALSE
courant.com,TRUE,FALSE
catholic.org,TRUE,FALSE
dutchitchannel.nl,TRUE,FALSE
hadeland.no,TRUE,FALSE
magyarszo.rs,TRUE,FALSE
monitorfg.ro,TRUE,FALSE
paysonroundup.com,TRUE,FALSE
clujeanul.gandul.info,TRUE,FALSE
jornalfloripa.com.br,TRUE,FALSE
boxrec.com,TRUE,FALSE
culvercityobserver.com,TRUE,FALSE
nashvillescene.com,TRUE,FALSE
portlandobserver.com,TRUE,FALSE
nwaonline.com,TRUE,FALSE
albianews.com,TRUE,FALSE
zephyrhillsnewsonline.com,TRUE,FALSE
zofingertagblatt.ch,TRUE,FALSE
thevillagesdailysun.com,TRUE,FALSE
independentnews.com,TRUE,FALSE
aprinkis.lv,TRUE,FALSE
grimsbytelegraph.co.uk,TRUE,FALSE
columbuspost.com,TRUE,FALSE
koule.cz,TRUE,FALSE
toledoblade.com,TRUE,FALSE
torontosun.com,TRUE,FALSE
althouse.blogspot.com,TRUE,FALSE
discuss.today.com,TRUE,FALSE
brigitte.de,TRUE,FALSE
nationalgeographic.com,TRUE,FALSE
qctimes.com,TRUE,FALSE
minotdailynews.com,TRUE,FALSE
majorcadailybulletin.com,TRUE,FALSE
berkshireeagle.com,TRUE,FALSE
cnnexpansion.com,TRUE,FALSE
rtl.de,TRUE,FALSE
aurorasentinel.com,TRUE,FALSE
gol24.pl,TRUE,FALSE
bluemountaineagle.com,TRUE,FALSE
jarviseudunsanomat.fi,TRUE,FALSE
liferadio.at,TRUE,FALSE
corrierecomo.it,TRUE,FALSE
wilcosun.com,TRUE,FALSE
issaquahpress.com,TRUE,FALSE
bnd.com,TRUE,FALSE
gactv.com,TRUE,FALSE
ilgolfo.it,TRUE,FALSE
pielisjokiseutu.fi,TRUE,FALSE
pcguru.hu,TRUE,FALSE
palermo.gds.it,TRUE,FALSE
kiskegyed.hu,TRUE,FALSE
washingtonexaminer.com,TRUE,FALSE
torsdags-avisen.com,TRUE,FALSE
idesigntimes.com,TRUE,FALSE
wabi.tv,TRUE,FALSE
instalki.pl,TRUE,FALSE
kentontimes.com,TRUE,FALSE
indiewire.com,TRUE,FALSE
sitnews.us,TRUE,FALSE
newsandtribune.com,TRUE,FALSE
sunburynews.com,TRUE,FALSE
kicker.de,TRUE,FALSE
globalpost.com,TRUE,FALSE
telegrafua.com,TRUE,FALSE
pressdemocrat.com,TRUE,FALSE
sanjuanjournal.com,TRUE,FALSE
madisoncourier.com,TRUE,FALSE
wscountytimes.co.uk,TRUE,FALSE
blitzquotidiano.it,TRUE,FALSE
thepress.net,TRUE,FALSE
barnesville.com,TRUE,FALSE
myjohnstownbreeze.com,TRUE,FALSE
hamlethub.com,TRUE,FALSE
internet.com,TRUE,FALSE
theregionalnews.com,TRUE,FALSE
heraldnet.com,TRUE,FALSE
diariopalentino.es,TRUE,FALSE
tdn.com,TRUE,FALSE
jdnews.com,TRUE,FALSE
bdg.by,TRUE,FALSE
novinar.bg,TRUE,FALSE
enstarz.com,TRUE,FALSE
rsf.org,TRUE,FALSE
ointerior.pt,TRUE,FALSE
bbv-net.de,TRUE,FALSE
lagazzettadelmezzogiorno.it,TRUE,FALSE
newschannel6now.com,TRUE,FALSE
sport360.com,TRUE,FALSE
primocanale.it,TRUE,FALSE
mailtribune.com,TRUE,FALSE
moberlymonitor.com,TRUE,FALSE
newjerseyhills.com,TRUE,FALSE
kiowanews.com,TRUE,FALSE
legalinsurrection.com,TRUE,FALSE
intoday.in,TRUE,FALSE
carplace.uol.com.br,TRUE,FALSE
morningstaronline.co.uk,TRUE,FALSE
royalgazette.com,TRUE,FALSE
news.in.msn.com,TRUE,FALSE
main-spitze.de,TRUE,FALSE
neg.by,TRUE,FALSE
news-star.com,TRUE,FALSE
aviisi.fi,TRUE,FALSE
greatfallstribune.com,TRUE,FALSE
caradvice.com.au,TRUE,FALSE
bainbridgereview.com,TRUE,FALSE
wmur.com,TRUE,FALSE
fultoncountynews.com,TRUE,FALSE
rus.azattyk.org,TRUE,FALSE
tribtoday.com,TRUE,FALSE
bedfordbulletin.com,TRUE,FALSE
hn.se,TRUE,FALSE
webpronews.com,TRUE,FALSE
mongabay.com,TRUE,FALSE
wktv.com,TRUE,FALSE
elsberrydemocrat.com,TRUE,FALSE
budas.lt,TRUE,FALSE
burgenland.orf.at,TRUE,FALSE
abc10.com,TRUE,FALSE
scledger.net,TRUE,FALSE
wbal.com,TRUE,FALSE
hamptonroadsmessenger.com,TRUE,FALSE
odili.net,TRUE,FALSE
bz-berlin.de,TRUE,FALSE
7sport.net,TRUE,FALSE
quebec.huffingtonpost.ca,TRUE,FALSE
starcourier.com,TRUE,FALSE
marcoislandflorida.com,TRUE,FALSE
zn.ua,TRUE,FALSE
timesnownews.com,TRUE,FALSE
nextinpact.com,TRUE,FALSE
telegrafonline.ro,TRUE,FALSE
kontakt24.tvn24.pl,TRUE,FALSE
kuriren.nu,TRUE,FALSE
newschannel9.com,TRUE,FALSE
gunssavelives.net,TRUE,FALSE
jornaltorrejano.pt,TRUE,FALSE
lakecountybanner.com,TRUE,FALSE
katholieknieuwsblad.nl,TRUE,FALSE
btimes.com.my,TRUE,FALSE
hometownlife.com,TRUE,FALSE
pikecountydaily.com,TRUE,FALSE
geenstijl.nl,TRUE,FALSE
7dvt.com,TRUE,FALSE
canarias7.es,TRUE,FALSE
skipr.nl,TRUE,FALSE
ziuadecj.realitatea.net,TRUE,FALSE
awfulannouncing.com,TRUE,FALSE
ulvilanseutu.fi,TRUE,FALSE
eleconomista.es,TRUE,FALSE
soccerway.com,TRUE,FALSE
palisadetribune.com,TRUE,FALSE
novella2000.it,TRUE,FALSE
dni.ru,TRUE,FALSE
ekai.pl,TRUE,FALSE
harlowstar.co.uk,TRUE,FALSE
styleweekly.com,TRUE,FALSE
zpravy.e15.cz,TRUE,FALSE
leader-news.com,TRUE,FALSE
olhardireto.com.br,TRUE,FALSE
it.euronews.com,TRUE,FALSE
altoonamirror.com,TRUE,FALSE
sympatico.ca,TRUE,FALSE
kreis-anzeiger.de,TRUE,FALSE
hola-arkansas.com,TRUE,FALSE
gooieneemlander.nl,TRUE,FALSE
jordannews.com,TRUE,FALSE
ziemellatvija.diena.lv,TRUE,FALSE
iclarified.com,TRUE,FALSE
hickoryrecord.com,TRUE,FALSE
mother.ly,TRUE,FALSE
liherald.com,TRUE,FALSE
life.of.lugansk.ua,TRUE,FALSE
ind.gmnews.com,TRUE,FALSE
m.diepresse.com:diepresse.com,TRUE,FALSE
okcfox.com,TRUE,FALSE
ilkka.fi,TRUE,FALSE
strana39.ru,TRUE,FALSE
abc12.com,TRUE,FALSE
rustonleader.com,TRUE,FALSE
aegindia.org,TRUE,FALSE
msn.com,TRUE,FALSE
metropole-olomouc.cz,TRUE,FALSE
coopercrier.com,TRUE,FALSE
brobible.com,TRUE,FALSE
timesleader.com,TRUE,FALSE
local-iq.com,TRUE,FALSE
zelenograd41news.ru,TRUE,FALSE
animenewsnetwork.com,TRUE,FALSE
mediabistro.com,TRUE,FALSE
gossipblog.it,TRUE,FALSE
rondoniadinamica.com,TRUE,FALSE
theithacajournal.com,TRUE,FALSE
folkebladet.dk,TRUE,FALSE
press.foxnews.com,TRUE,FALSE
molokaiadvertiser-news.com,TRUE,FALSE
lacampana.us,TRUE,FALSE
centralillinoisproud.com,TRUE,FALSE
heritage.com,TRUE,FALSE
fox17online.com,TRUE,FALSE
postimees.ee,TRUE,FALSE
leadernewspaper.com,TRUE,FALSE
big5.bg,TRUE,FALSE
radiopik.pl,TRUE,FALSE
baikal-daily.ru,TRUE,FALSE
unionrecorder.com,TRUE,FALSE
destak.pt,TRUE,FALSE
speedweek.com,TRUE,FALSE
milfordbeacon.com,TRUE,FALSE
soledadbee.com,TRUE,FALSE
boatnerd.com,TRUE,FALSE
antimusic.com,TRUE,FALSE
mx.dk,TRUE,FALSE
wfxg.com,TRUE,FALSE
beaumontenterprise.com,TRUE,FALSE
tristate-media.com,TRUE,FALSE
thisiskent.co.uk,TRUE,FALSE
calhountimes.com,TRUE,FALSE
mobilegeeks.de,TRUE,FALSE
weeklystandard.com,TRUE,FALSE
btn.com,TRUE,FALSE
heraldpubs.com,TRUE,FALSE
va.se,TRUE,FALSE
stadi-online.ch,TRUE,FALSE
citybeat.com,TRUE,FALSE
santafenewmexican.com,TRUE,FALSE
in.finance.yahoo.com,TRUE,FALSE
auto55.be,TRUE,FALSE
eurosport.fr,TRUE,FALSE
cumminghome.com,TRUE,FALSE
hoopdirt.com,TRUE,FALSE
bigbeargrizzly.net,TRUE,FALSE
gatesvillemessenger.com,TRUE,FALSE
duma.bg,TRUE,FALSE
prosport.ro,TRUE,FALSE
ortonvilleindependent.com,TRUE,FALSE
trustedreviews.com,TRUE,FALSE
bromsgrovestandard.co.uk,TRUE,FALSE
noticiasdealava.com,TRUE,FALSE
championnewspapers.com,TRUE,FALSE
hcn.org,TRUE,FALSE
hammondstar.com,TRUE,FALSE
newson6.com,TRUE,FALSE
gulfcoastnews.com,TRUE,FALSE
floydcountytimes.com,TRUE,FALSE
cfpmidweek.com,TRUE,FALSE
newage-examiner.com,TRUE,FALSE
allvoices.com,TRUE,FALSE
vrisko.gr,TRUE,FALSE
annandaleadvocate.com,TRUE,FALSE
charleston.thedigitel.com,TRUE,FALSE
abc24.com,TRUE,FALSE
bayofplentytimes.co.nz,TRUE,FALSE
independentmail.com,TRUE,FALSE
southwestjournal.com,TRUE,FALSE
collegecandy.com,TRUE,FALSE
knowyourmobile.com,TRUE,FALSE
sverigesradio.se,TRUE,FALSE
the-news.net,TRUE,FALSE
yamei-today.com,TRUE,FALSE
ledgertranscript.com,TRUE,FALSE
thecouriertimesnews.com,TRUE,FALSE
niagaraadvance.ca,TRUE,FALSE
thisisgloucestershire.co.uk,TRUE,FALSE
nme.com,TRUE,FALSE
codyenterprise.com,TRUE,FALSE
wallstcheatsheet.com,TRUE,FALSE
cittadellaspezia.com,TRUE,FALSE
inc.com,TRUE,FALSE
millenniumbcp.pt,TRUE,FALSE
scientias.nl,TRUE,FALSE
nordeclair.be,TRUE,FALSE
money.pl,TRUE,FALSE
westerngazette.co.uk,TRUE,FALSE
numbersusa.com,TRUE,FALSE
universityworldnews.com,TRUE,FALSE
cellesche-zeitung.de,TRUE,FALSE
patris.gr,TRUE,FALSE
m.espn.com,TRUE,FALSE
mrc.org,TRUE,FALSE
drimble.nl,TRUE,FALSE
valleycentral.com,TRUE,FALSE
gva.be,TRUE,FALSE
irish.nbcsports.com,TRUE,FALSE
wwltv.com,TRUE,FALSE
centralwinews.com,TRUE,FALSE
espressonews.gr,TRUE,FALSE
hillsborofreepress.com,TRUE,FALSE
phuketgazette.net,TRUE,FALSE
tech2.in.com,TRUE,FALSE
ariquemesonline.com.br,TRUE,FALSE
bonnersprings.com,TRUE,FALSE
stav.kp.ru,TRUE,FALSE
bournemouthecho.co.uk,TRUE,FALSE
business.leak.pt,TRUE,FALSE
geekwire.com,TRUE,FALSE
thejournal.ie,TRUE,FALSE
cedarkeybeacon.com,TRUE,FALSE
kqed.org,TRUE,FALSE
nwcn.com,TRUE,FALSE
lyd.com.cn,TRUE,FALSE
mg.co.za,TRUE,FALSE
hastingstribune.com,TRUE,FALSE
hometowndebate.com,TRUE,FALSE
cheshireherald.com,TRUE,FALSE
webroot.com,TRUE,FALSE
lancasterguardian.co.uk,TRUE,FALSE
hln.be,TRUE,FALSE
ok-magazin.de,TRUE,FALSE
kenmarend.com,TRUE,FALSE
signalscv.com,TRUE,FALSE
umoloda.kiev.ua,TRUE,FALSE
fifa.com,TRUE,FALSE
dewezet.de,TRUE,FALSE
thestarphoenix.com,TRUE,FALSE
prestonhollowpeople.com,TRUE,FALSE
1815.ch,TRUE,FALSE
mlb.com,TRUE,FALSE
mariettatimes.com,TRUE,FALSE
viatavalcii.ro,TRUE,FALSE
ucc.org,TRUE,FALSE
themonticellonews.com,TRUE,FALSE
24-ore.com,TRUE,FALSE
pga.com,TRUE,FALSE
mountainstatesman.com,TRUE,FALSE
dir.bg,TRUE,FALSE
ledgernews.com,TRUE,FALSE
t3.com,TRUE,FALSE
wranglernews.com,TRUE,FALSE
gpclub.ru,TRUE,FALSE
connectmidmissouri.com,TRUE,FALSE
colombopage.com,TRUE,FALSE
stauntondaily.com,TRUE,FALSE
greenbaypressgazette.com,TRUE,FALSE
bleacherreport.com,TRUE,FALSE
geelongadvertiser.com.au,TRUE,FALSE
nbclosangeles.com,TRUE,FALSE
nl.metrotime.be,TRUE,FALSE
grahamhancock.com,TRUE,FALSE
veteranstoday.com,TRUE,FALSE
deutschlandfunk.de,TRUE,FALSE
portsmouth.co.uk,TRUE,FALSE
westsideconnect.com,TRUE,FALSE
economica.net,TRUE,FALSE
sanmarcosrecord.com,TRUE,FALSE
hpdetijd.nl,TRUE,FALSE
vidaeconomica.pt,TRUE,FALSE
waitsburgtimes.com,TRUE,FALSE
somersetlive.co.uk,TRUE,FALSE
wzonline.de,TRUE,FALSE
wkyc.com,TRUE,FALSE
doghouseboxing.com,TRUE,FALSE
therecord.com,TRUE,FALSE
tlz.de,TRUE,FALSE
milanotoday.it,TRUE,FALSE
gansudaily.com.cn,TRUE,FALSE
onthewight.com,TRUE,FALSE
wylr.net,TRUE,FALSE
m.rp-online.de:rp-online.de,TRUE,FALSE
fair.org,TRUE,FALSE
borkenerzeitung.de,TRUE,FALSE
shekulli.com.al,TRUE,FALSE
gmtoday.com,TRUE,FALSE
willitsnews.com,TRUE,FALSE
blueridgenow.com,TRUE,FALSE
columbianprogress.com,TRUE,FALSE
dichtbij.nl,TRUE,FALSE
thelancasterandmorecambecitizen.co.uk,TRUE,FALSE
leelanaunews.com,TRUE,FALSE
thebellevuegazette.com,TRUE,FALSE
lenconnect.com,TRUE,FALSE
military.com,TRUE,FALSE
espn.co.uk,TRUE,FALSE
esports.yahoo.com,TRUE,FALSE
pioneer-review.com,TRUE,FALSE
abendzeitung-muenchen.de,TRUE,FALSE
fairfieldcitizenonline.com,TRUE,FALSE
zugerpresse.ch,TRUE,FALSE
eldesmarque.com,TRUE,FALSE
frc.org,TRUE,FALSE
goldcoast.com.au,TRUE,FALSE
cape-coral-daily-breeze.com,TRUE,FALSE
gd.se,TRUE,FALSE
lesoir.be,TRUE,FALSE
13abc.com,TRUE,FALSE
starfl.com,TRUE,FALSE
ntz.de,TRUE,FALSE
courier-journal.com,TRUE,FALSE
whtimes.co.uk,TRUE,FALSE
fhsaa.org,TRUE,FALSE
calbears.com,TRUE,FALSE
pineisland-eagle.com,TRUE,FALSE
glsa.ro,TRUE,FALSE
svethardware.cz,TRUE,FALSE
thecash-book.com,TRUE,FALSE
thevisitor.co.uk,TRUE,FALSE
marseilleplus.com,TRUE,FALSE
myfoxboston.com,TRUE,FALSE
ydr.com,TRUE,FALSE
studiocataldi.it,TRUE,FALSE
nbcconnecticut.com,TRUE,FALSE
stokesentinel.co.uk,TRUE,FALSE
de.euronews.com,TRUE,FALSE
pressofatlanticcity.com,TRUE,FALSE
megatv.com,TRUE,FALSE
ottopagine.it,TRUE,FALSE
timeshighereducation.co.uk,TRUE,FALSE
pajamasmedia.com,TRUE,FALSE
seriouseats.com,TRUE,FALSE
mumbaimirror.com,TRUE,FALSE
couriernews.com,TRUE,FALSE
dfb.de,TRUE,FALSE
newtoncitizen.com,TRUE,FALSE
bankwars.gr,TRUE,FALSE
ejz.de,TRUE,FALSE
leprogres.fr,TRUE,FALSE
pohjoissatakuntalehti.fi,TRUE,FALSE
tygodnik.lt,TRUE,FALSE
mtjulietnews.com,TRUE,FALSE
cenariomt.com.br,TRUE,FALSE
lacapitale.be,TRUE,FALSE
palestineherald.com,TRUE,FALSE
yarsk.ru,TRUE,FALSE
lancasteronline.com,TRUE,FALSE
independentlivingnews.com,TRUE,FALSE
gothamgazette.com,TRUE,FALSE
melillahoy.es,TRUE,FALSE
sowo.ch,TRUE,FALSE
timesnews.net,TRUE,FALSE
filmtotaal.nl,TRUE,FALSE
landeszeitung.de,TRUE,FALSE
starnewsgroup.com,TRUE,FALSE
l-iz.de,TRUE,FALSE
paz-online.de,TRUE,FALSE
grossepointenews.com,TRUE,FALSE
chinovalleyreview.com,TRUE,FALSE
dailycall.com,TRUE,FALSE
recordherald.com,TRUE,FALSE
newhavenleader.com,TRUE,FALSE
kilkennypeople.ie,TRUE,FALSE
longislandpress.com,TRUE,FALSE
digitaltrends.com,TRUE,FALSE
elburnherald.com,TRUE,FALSE
princetonpacket.com,TRUE,FALSE
hhcourier.com,TRUE,FALSE
elimparcial.es,TRUE,FALSE
dapmalaysia.org,TRUE,FALSE
5minutes.rtl.lu,TRUE,FALSE
bb.is,TRUE,FALSE
mail.ru,TRUE,FALSE
travelmole.com,TRUE,FALSE
cbn.com,TRUE,FALSE
pocketnow.com,TRUE,FALSE
forestparkreview.com,TRUE,FALSE
heraldchronicle.com,TRUE,FALSE
laprovence.com,TRUE,FALSE
valleynewslive.com,TRUE,FALSE
janesvillecourant-com.webs.com,TRUE,FALSE
gloucestertimes.com,TRUE,FALSE
donegalnews.com,TRUE,FALSE
contattolab.it,TRUE,FALSE
regiaonoroeste.com,TRUE,FALSE
southafrica.info,TRUE,FALSE
carmagazine.co.uk,TRUE,FALSE
express.de,TRUE,FALSE
heralddemocrat.com,TRUE,FALSE
heartlandconnection.com,TRUE,FALSE
auto.in.gr,TRUE,FALSE
ew.com,TRUE,FALSE
uusimaa.fi,TRUE,FALSE
dinheirodigital.sapo.pt,TRUE,FALSE
popcrunch.com,TRUE,FALSE
waltonsun.com,TRUE,FALSE
times.co.zm,TRUE,FALSE
periskop-pribram.cz,TRUE,FALSE
wmcactionnews5.com,TRUE,FALSE
wboc.com,TRUE,FALSE
tyronecourier.uk.com,TRUE,FALSE
schweizerbauer.ch,TRUE,FALSE
ipaideia.gr,TRUE,FALSE
pctipp.ch,TRUE,FALSE
kctv5.com,TRUE,FALSE
styleite.com,TRUE,FALSE
inhnews.com,TRUE,FALSE
adozona.hu,TRUE,FALSE
gazettextra.com,TRUE,FALSE
jerseyeveningpost.com,TRUE,FALSE
firdaposten.no,TRUE,FALSE
trojmiasto.wyborcza.pl,TRUE,FALSE
3aw.com.au,TRUE,FALSE
lakewyliepilot.com,TRUE,FALSE
michigancitizen.com,TRUE,FALSE
captivacurrent.com,TRUE,FALSE
riehener-zeitung.ch,TRUE,FALSE
thehuttonews.com,TRUE,FALSE
it.blastingnews.com,TRUE,FALSE
szabadsag.ro,TRUE,FALSE
southingtonobserver.com,TRUE,FALSE
readwrite.com,TRUE,FALSE
sunherald.com,TRUE,FALSE
n-tv.de,TRUE,FALSE
m.ceskatelevize.cz:ceskatelevize.cz,TRUE,FALSE
itemonline.com,TRUE,FALSE
longfordleader.ie,TRUE,FALSE
u.tv,TRUE,FALSE
leaderherald.com,TRUE,FALSE
tbo.com,TRUE,FALSE
crescent-news.com,TRUE,FALSE
sj-r.com,TRUE,FALSE
wmdt.com,TRUE,FALSE
parismatch.com,TRUE,FALSE
sunews.net,TRUE,FALSE
esciencenews.com,TRUE,FALSE
neelov.ru,TRUE,FALSE
clreporter.com,TRUE,FALSE
walb.com,TRUE,FALSE
richmondregister.com,TRUE,FALSE
medischcontact.nl,TRUE,FALSE
atlantadailyworld.com,TRUE,FALSE
silverspringvoice.com,TRUE,FALSE
sport.de,TRUE,FALSE
derbund.ch,TRUE,FALSE
mystateline.com,TRUE,FALSE
news.in.gr,TRUE,FALSE
parool.nl,TRUE,FALSE
servedaily.com,TRUE,FALSE
crawfordcountyavalanche.com,TRUE,FALSE
eudoranews.com,TRUE,FALSE
karlovarsky.denik.cz,TRUE,FALSE
elperiodic.ad,TRUE,FALSE
jacksonfreepress.com,TRUE,FALSE
dp.ru,TRUE,FALSE
statesboroherald.net,TRUE,FALSE
tomahawkleader.com,TRUE,FALSE
capitalpress.com,TRUE,FALSE
atlantafalcons.com,TRUE,FALSE
maaleht.delfi.ee,TRUE,FALSE
ekuriren.se,TRUE,FALSE
rtvnh.nl,TRUE,FALSE
heraldstaronline.com,TRUE,FALSE
tmz.com,TRUE,FALSE
sport24.gr,TRUE,FALSE
autospies.com,TRUE,FALSE
gcnewsgazette.com,TRUE,FALSE
wtsp.com,TRUE,FALSE
nhs.uk,TRUE,FALSE
bright.nl,TRUE,FALSE
policeone.com,TRUE,FALSE
southalabamian.com,TRUE,FALSE
wiltshiretimes.co.uk,TRUE,FALSE
tippgazette.com,TRUE,FALSE
pjtv.com,TRUE,FALSE
intrafish.no,TRUE,FALSE
wetter.com,TRUE,FALSE
thisisnorthdevon.co.uk,TRUE,FALSE
br.sputniknews.com,TRUE,FALSE
melodika.net,TRUE,FALSE
swflorida.blogspot.com,TRUE,FALSE
avclub.com,TRUE,FALSE
sunshinecoastdaily.com.au,TRUE,FALSE
abc4.com,TRUE,FALSE
vn.ru,TRUE,FALSE
wbtv.com,TRUE,FALSE
12up.com,TRUE,FALSE
deon.pl,TRUE,FALSE
spin.com,TRUE,FALSE
southbeltleader.com,TRUE,FALSE
messengerpress.com,TRUE,FALSE
louisianapressjournal.com,TRUE,FALSE
news.makedonias.gr,TRUE,FALSE
timescolonist.com,TRUE,FALSE
alvinsun.net,TRUE,FALSE
tracking.si.com,TRUE,FALSE
grandlakenews.com,TRUE,FALSE
auroranewsregister.com,TRUE,FALSE
wafb.com,TRUE,FALSE
wrestlingattitude.com,TRUE,FALSE
suntelegraph.com,TRUE,FALSE
canelaehortela.com,TRUE,FALSE
hometownargus.com,TRUE,FALSE
robesonian.com,TRUE,FALSE
diariodetrasosmontes.com,TRUE,FALSE
impala.pt,TRUE,FALSE
vocea.biz,TRUE,FALSE
niticentral.com,TRUE,FALSE
leechild.com,TRUE,FALSE
fenceviewer.com,TRUE,FALSE
natmonitor.com,TRUE,FALSE
rbnett.no,TRUE,FALSE
claremoreprogress.com,TRUE,FALSE
bhgnews.com,TRUE,FALSE
m.repubblica.it:repubblica.it,TRUE,FALSE
vb.by,TRUE,FALSE
ilcorrieredelgiorno.net,TRUE,FALSE
abc.es,TRUE,FALSE
metro.cz,TRUE,FALSE
computerbild.de,TRUE,FALSE
enviweb.cz,TRUE,FALSE
larena.it,TRUE,FALSE
mtcarmelregister.com,TRUE,FALSE
thephinsider.com,TRUE,FALSE
feministe.us,TRUE,FALSE
bendsource.com,TRUE,FALSE
health.com,TRUE,FALSE
hawaiireporter.com,TRUE,FALSE
onmed.gr,TRUE,FALSE
newscientist.com,TRUE,FALSE
entretenimento.r7.com,TRUE,FALSE
townsendstar.net,TRUE,FALSE
kourdistoportocali.com,TRUE,FALSE
automobilwoche.de,TRUE,FALSE
metropoles.com,TRUE,FALSE
shreveporttimes.com,TRUE,FALSE
dailyjournal.net,TRUE,FALSE
vb.is,TRUE,FALSE
ranablad.no,TRUE,FALSE
thevillagereporter.com,TRUE,FALSE
investing.com,TRUE,FALSE
mmajunkie.com,TRUE,FALSE
chrudimsky.denik.cz,TRUE,FALSE
pensionioggi.it,TRUE,FALSE
peoplespressnews.com,TRUE,FALSE
malaya.com.ph,TRUE,FALSE
digitalspy.co.uk,TRUE,FALSE
leaderadvertiser.com,TRUE,FALSE
mke.ee,TRUE,FALSE
sonntagszeitung.ch,TRUE,FALSE
ojogo.pt,TRUE,FALSE
derapate.allaguida.it,TRUE,FALSE
eastbaytimes.com,TRUE,FALSE
acorianooriental.pt,TRUE,FALSE
nkctribune.com,TRUE,FALSE
kvsun.com,TRUE,FALSE
junctioneagle.com,TRUE,FALSE
echo-pilot.com,TRUE,FALSE
bloodyelbow.com,TRUE,FALSE
nhregister.com,TRUE,FALSE
dalabygden.se,TRUE,FALSE
gamespot.com,TRUE,FALSE
athensnews.com,TRUE,FALSE
otz.de,TRUE,FALSE
katv.com,TRUE,FALSE
thedillonherald.com,TRUE,FALSE
bcbr.com,TRUE,FALSE
tolosapress.com,TRUE,FALSE
idyllwildtowncrier.com,TRUE,FALSE
niagarafallsreporter.com,TRUE,FALSE
communityadvocate.com,TRUE,FALSE
free-sunday.gr,TRUE,FALSE
obiectivdesuceava.ro,TRUE,FALSE
hardwarezone.com.sg,TRUE,FALSE
warkaudenlehti.fi,TRUE,FALSE
bizjournals.com,TRUE,FALSE
pomponik.pl,TRUE,FALSE
oddee.com,TRUE,FALSE
timesrecord.com,TRUE,FALSE
zenit.org,TRUE,FALSE
autosprint.corrieredellosport.it,TRUE,FALSE
finanza-mercati.ilsole24ore.com,TRUE,FALSE
pulaskinews.net,TRUE,FALSE
gamereactor.se,TRUE,FALSE
examiner-enterprise.com,TRUE,FALSE
bcr.ro,TRUE,FALSE
middletownjournal.com,TRUE,FALSE
lematin.ch,TRUE,FALSE
gallupindependent.com,TRUE,FALSE
397news.com,TRUE,FALSE
flz.de,TRUE,FALSE
ftleavenworthlamp.com,TRUE,FALSE
pourquoidocteur.fr,TRUE,FALSE
connectamarillo.com,TRUE,FALSE
finanzen.net,TRUE,FALSE
ujszo.com,TRUE,FALSE
allblacks.com,TRUE,FALSE
tv.yahoo.com,TRUE,FALSE
gazetakrakowska.pl,TRUE,FALSE
regions.ru,TRUE,FALSE
rotherhamadvertiser.co.uk,TRUE,FALSE
telekom-presse.at,TRUE,FALSE
wyattresearch.com,TRUE,FALSE
tomsrivertimes.micromediapubs.com,TRUE,FALSE
rtve.es,TRUE,FALSE
offnews.bg,TRUE,FALSE
fr.uefa.com,TRUE,FALSE
firenze.repubblica.it,TRUE,FALSE
maysville-online.com,TRUE,FALSE
artvoice.com,TRUE,FALSE
diepresse.com,TRUE,FALSE
al-monitor.com,TRUE,FALSE
em.com.br,TRUE,FALSE
bucksfreepress.co.uk,TRUE,FALSE
meltyfan.it,TRUE,FALSE
riverreporter.com,TRUE,FALSE
shifter.pt,TRUE,FALSE
gather.com,TRUE,FALSE
lupa.cz,TRUE,FALSE
morenytt.no,TRUE,FALSE
skaraborgslanstidning.se,TRUE,FALSE
brandonsun.com,TRUE,FALSE
scpr.org,TRUE,FALSE
shareably.net,TRUE,FALSE
newtimesslo.com,TRUE,FALSE
fosna-folket.no,TRUE,FALSE
fotbal.idnes.cz,TRUE,FALSE
onlinesentinel.com,TRUE,FALSE
thenewsherald.com,TRUE,FALSE
molbuk.ua,TRUE,FALSE
moundcitynews.com,TRUE,FALSE
inyoregister.com,TRUE,FALSE
citizensvoice.com,TRUE,FALSE
msnewsnow.com,TRUE,FALSE
thereddingpilot.com,TRUE,FALSE
eurogamer.pt,TRUE,FALSE
biomedcentral.com,TRUE,FALSE
prozdor.ru,TRUE,FALSE
xman.idnes.cz,TRUE,FALSE
kfvs12.com,TRUE,FALSE
novasports.gr,TRUE,FALSE
vaol.hu,TRUE,FALSE
rosinvest.com,TRUE,FALSE
dodgecountynews.com,TRUE,FALSE
dnn.de,TRUE,FALSE
fostoriafocus.com,TRUE,FALSE
demopolistimes.com,TRUE,FALSE
mainpost.de,TRUE,FALSE
androidgeek.pt,TRUE,FALSE
gazettetimes.com,TRUE,FALSE
montenews.com,TRUE,FALSE
seahawks.com,TRUE,FALSE
novini.bg,TRUE,FALSE
dailynews.co.tz,TRUE,FALSE
informer.rs,TRUE,FALSE
hsfo.dk,TRUE,FALSE
themountaineagle.com,TRUE,FALSE
az-online.de,TRUE,FALSE
altoadige.gelocal.it,TRUE,FALSE
vikings.com,TRUE,FALSE
clubalfa.it,TRUE,FALSE
90min.com,TRUE,FALSE
jewishtimes-sj.com,TRUE,FALSE
heatworld.com,TRUE,FALSE
thebisbeeobserver.com,TRUE,FALSE
witness.co.za,TRUE,FALSE
gazeta.pl,TRUE,FALSE
theboombox.com,TRUE,FALSE
libertycountytimes.net,TRUE,FALSE
kurzemnieks.lv,TRUE,FALSE
prawo.gazetaprawna.pl,TRUE,FALSE
astronews.com,TRUE,FALSE
deccanherald.com,TRUE,FALSE
designntrend.com,TRUE,FALSE
freakoutnation.com,TRUE,FALSE
tomshw.it,TRUE,FALSE
timeofindia.indiatimes.com,TRUE,FALSE
theactivetimes.com,TRUE,FALSE
charkoosta.com,TRUE,FALSE
wcregisteronline.com,TRUE,FALSE
dailylocal.com,TRUE,FALSE
aerztezeitung.de,TRUE,FALSE
aktualne.cz,TRUE,FALSE
gelderlander.nl,TRUE,FALSE
philboxing.com,TRUE,FALSE
southbostoninfo.com,TRUE,FALSE
lockportjournal.com,TRUE,FALSE
thedailyjournal.com,TRUE,FALSE
ozarksfirst.com,TRUE,FALSE
sme.sk,TRUE,FALSE
zougla.gr,TRUE,FALSE
vcstar.com,TRUE,FALSE
gosc.pl,TRUE,FALSE
sportsonearth.com,TRUE,FALSE
fr.newsmonkey.be,TRUE,FALSE
dasselcokato.com,TRUE,FALSE
graphic.com.gh,TRUE,FALSE
krasnews.com,TRUE,FALSE
thisisleicestershire.co.uk,TRUE,FALSE
woodburnindependent.com,TRUE,FALSE
beenews.com,TRUE,FALSE
altsantiri.gr,TRUE,FALSE
bmwblog.com,TRUE,FALSE
tameteora.gr,TRUE,FALSE
security.nl,TRUE,FALSE
thebull.com.au,TRUE,FALSE
cjob.com,TRUE,FALSE
sevastopol.press,TRUE,FALSE
lapresse.it,TRUE,FALSE
bmhirlap.hu,TRUE,FALSE
london24.com,TRUE,FALSE
livestockweekly.com,TRUE,FALSE
sidhtech.com,TRUE,FALSE
unsertirol24.com,TRUE,FALSE
argonautnews.com,TRUE,FALSE
newsdemocrat.com,TRUE,FALSE
pamplinmedia.com,TRUE,FALSE
wanderer.com,TRUE,FALSE
sgcarmart.com,TRUE,FALSE
echodnia.eu,TRUE,FALSE
hrw.org,TRUE,FALSE
exmouthherald.co.uk,TRUE,FALSE
finanse.wnp.pl,TRUE,FALSE
skysportaustria.at,TRUE,FALSE
haarlemsdagblad.nl,TRUE,FALSE
viiskunta.fi,TRUE,FALSE
thetrumpet.com,TRUE,FALSE
boxingnews24.com,TRUE,FALSE
fox28.com,TRUE,FALSE
radiomerkury.pl,TRUE,FALSE
insidehighered.com,TRUE,FALSE
comunidadecultura.com,TRUE,FALSE
riasv.ru,TRUE,FALSE
cascaraamarga.es,TRUE,FALSE
di.se,TRUE,FALSE
montereycountyweekly.com,TRUE,FALSE
ottawaherald.com,TRUE,FALSE
zdbc.ro,TRUE,FALSE
ksbw.com,TRUE,FALSE
bcfc.com,TRUE,FALSE
keizertimes.com,TRUE,FALSE
manchesterjournal.com,TRUE,FALSE
weekend.di.se,TRUE,FALSE
revistaport.com,TRUE,FALSE
polamjournal.com,TRUE,FALSE
idahostatesman.com,TRUE,FALSE
seattlepi.com,TRUE,FALSE
bccourier.com,TRUE,FALSE
nadignewspapers.com,TRUE,FALSE
bsnett.no,TRUE,FALSE
mantsalanuutiset.fi,TRUE,FALSE
rentonreporter.com,TRUE,FALSE
banffcragandcanyon.com,TRUE,FALSE
stabroeknews.com,TRUE,FALSE
gulf-daily-news.com,TRUE,FALSE
belmarket.by,TRUE,FALSE
magyarforum.hu,TRUE,FALSE
bloodhorse.com,TRUE,FALSE
avgi.gr,TRUE,FALSE
arkansasbusiness.com,TRUE,FALSE
thedailyrecord.com,TRUE,FALSE
batesvilleheraldtribune.com,TRUE,FALSE
reminderusa.net,TRUE,FALSE
monroenews.com,TRUE,FALSE
polkcountydemocrat.com,TRUE,FALSE
eugeneweekly.com,TRUE,FALSE
dentonrc.com,TRUE,FALSE
radionz.co.nz,TRUE,FALSE
glamouronline.hu,TRUE,FALSE
tobaccovalleynews.com,TRUE,FALSE
imdb.com,TRUE,FALSE
gonews.it,TRUE,FALSE
standard.net.au,TRUE,FALSE
twoharborsmn.com,TRUE,FALSE
creweguardian.co.uk,TRUE,FALSE
chillicothegazette.com,TRUE,FALSE
cnet.com,TRUE,FALSE
thehollandsentinel.net,TRUE,FALSE
telluridenews.com,TRUE,FALSE
canada.com,TRUE,FALSE
polit.ru,TRUE,FALSE
fakty.tvn24.pl,TRUE,FALSE
sydansatakunta.fi,TRUE,FALSE
coffscoastadvocate.com.au,TRUE,FALSE
jacksonnewspapers.com,TRUE,FALSE
ourtown.com,TRUE,FALSE
goldmansachs.com,TRUE,FALSE
vz.ru,TRUE,FALSE
tribunecourier.com,TRUE,FALSE
ziaruldevrancea.ro,TRUE,FALSE
poslovni.hr,TRUE,FALSE
newstimes.com,TRUE,FALSE
cnews.ru,TRUE,FALSE
hartlepoolmail.co.uk,TRUE,FALSE
gpupdate.net,TRUE,FALSE
komonews.com,TRUE,FALSE
leavenworthecho.com,TRUE,FALSE
tribune.net.ph,TRUE,FALSE
krone.at,TRUE,FALSE
regio.tpo.nl,TRUE,FALSE
newraleigh.com,TRUE,FALSE
russian.rt.com,TRUE,FALSE
zimbio.com,TRUE,FALSE
news-daily.com,TRUE,FALSE
em.gmnews.com,TRUE,FALSE
strefabiznesu.pomorska.pl,TRUE,FALSE
itcafe.hu,TRUE,FALSE
bocabeacon.com,TRUE,FALSE
laruecountyherald.com,TRUE,FALSE
ohtuleht.ee,TRUE,FALSE
alicetx.com,TRUE,FALSE
bfmtv.com,TRUE,FALSE
bigforkeagle.com,TRUE,FALSE
lenta.ru,TRUE,FALSE
lemarssentinel.com,TRUE,FALSE
msn.com,TRUE,FALSE
vaterland.li,TRUE,FALSE
wkrn.com,TRUE,FALSE
sagharboronline.com,TRUE,FALSE
rizopoulospost.com,TRUE,FALSE
tn.nova.cz,TRUE,FALSE
thesmokymountaintimes.com,TRUE,FALSE
hexham-courant.co.uk,TRUE,FALSE
praca.gazetaprawna.pl,TRUE,FALSE
valkeakoskensanomat.fi,TRUE,FALSE
jalopnik.com,TRUE,FALSE
newarkadvocate.com,TRUE,FALSE
thekansan.com,TRUE,FALSE
syvnews.com,TRUE,FALSE
observernewsonline.com,TRUE,FALSE
ecoteuve.es,TRUE,FALSE
oneworld.nl,TRUE,FALSE
soompi.com,TRUE,FALSE
sapo.pt,TRUE,FALSE
964eagle.co.uk,TRUE,FALSE
westondemocrat.com,TRUE,FALSE
elevenwarriors.com,TRUE,FALSE
antenna.com.ua,TRUE,FALSE
alfavita.gr,TRUE,FALSE
timesheraldonline.com,TRUE,FALSE
sciencealert.com,TRUE,FALSE
pewforum.org,TRUE,FALSE
marketbusinessnews.com,TRUE,FALSE
tuttosport.com,TRUE,FALSE
vybermiauto.cz,TRUE,FALSE
vidayestilo.terra.com.co,TRUE,FALSE
kfiam640.iheart.com,TRUE,FALSE
plamerican.com,TRUE,FALSE
lovingtonleaderonline.com,TRUE,FALSE
hna.de,TRUE,FALSE
svenska.yle.fi,TRUE,FALSE
dailyjournalonline.com,TRUE,FALSE
tranas-posten.se,TRUE,FALSE
vplayer.nbcsports.com,TRUE,FALSE
palltimes.com,TRUE,FALSE
laweekly.com,TRUE,FALSE
newsoxy.com,TRUE,FALSE
vvdailypress.com,TRUE,FALSE
dagogtid.no,TRUE,FALSE
chattanoogan.com,TRUE,FALSE
fitsugar.com,TRUE,FALSE
emporiagazette.com,TRUE,FALSE
hirtv.hu,TRUE,FALSE
countytimes.co.uk,TRUE,FALSE
rtlz.nl,TRUE,FALSE
wpsuperfanboy.com,TRUE,FALSE
lincolnjournalonline.com,TRUE,FALSE
hometownclinton.com,TRUE,FALSE
startlap.hu,TRUE,FALSE
alarmeringen.nl,TRUE,FALSE
benchmark.rs,TRUE,FALSE
jacksoncountydaily.com,TRUE,FALSE
corrieredisiena.corr.it,TRUE,FALSE
upi.com,TRUE,FALSE
caracol.com.co,TRUE,FALSE
nujournal.com,TRUE,FALSE
gloswielkopolski.pl,TRUE,FALSE
heroichollywood.com,TRUE,FALSE
automobilemag.com,TRUE,FALSE
carthagepress.com,TRUE,FALSE
osceolatimes.com,TRUE,FALSE
softonet.pl,TRUE,FALSE
hamlethub.com,TRUE,FALSE
time.com,TRUE,FALSE
northcoastcitizen.com,TRUE,FALSE
oakhillgazette.com,TRUE,FALSE
finanznachrichten.de,TRUE,FALSE
derwesten.de,TRUE,FALSE
gbtribune.com,TRUE,FALSE
anorak.co.uk,TRUE,FALSE
kaakonkulma.fi,TRUE,FALSE
eastoregonian.com,TRUE,FALSE
avaz.ba,TRUE,FALSE
mlb.si.com,TRUE,FALSE
countylive.ca,TRUE,FALSE
greeleygazette.com,TRUE,FALSE
cheboygannews.com,TRUE,FALSE
sandyjournal.com,TRUE,FALSE
sandiegouniontribune.com,TRUE,FALSE
fcupdate.nl,TRUE,FALSE
mngz.ru,TRUE,FALSE
nowosci.com.pl,TRUE,FALSE
brnensky.denik.cz,TRUE,FALSE
dnes.dir.bg,TRUE,FALSE
thespread.com,TRUE,FALSE
nordic.businessinsider.com,TRUE,FALSE
noticiasaominuto.com.br,TRUE,FALSE
the-american-interest.com,TRUE,FALSE
technowinki.onet.pl,TRUE,FALSE
ecartelera.com,TRUE,FALSE
ba.no,TRUE,FALSE
prospekt.ee,TRUE,FALSE
marca.com,TRUE,FALSE
auburnpub.com,TRUE,FALSE
wealthdaily.com,TRUE,FALSE
nbc.com,TRUE,FALSE
romper.com,TRUE,FALSE
wrestlezone.com,TRUE,FALSE
presstv.ir,TRUE,FALSE
othellooutlook.com,TRUE,FALSE
uticaod.com,TRUE,FALSE
vz.lt,TRUE,FALSE
westword.com,TRUE,FALSE
elwatan.com,TRUE,FALSE
goskagit.com,TRUE,FALSE
lasvegassun.com,TRUE,FALSE
tuttomercatoweb.com,TRUE,FALSE
baytownsun.com,TRUE,FALSE
musicfeeds.com.au,TRUE,FALSE
pnas.org,TRUE,FALSE
focus-news.net,TRUE,FALSE
milfordmirror.com,TRUE,FALSE
sulphurtimes.com,TRUE,FALSE
rs.n1info.com,TRUE,FALSE
wbir.com,TRUE,FALSE
onenewsnow.com,TRUE,FALSE
greatnews.ro,TRUE,FALSE
rutherfordreader.com,TRUE,FALSE
newsarama.com,TRUE,FALSE
truthdive.com,TRUE,FALSE
vm.ru,TRUE,FALSE
petapixel.com,TRUE,FALSE
herndonconnection.com,TRUE,FALSE
fox11online.com,TRUE,FALSE
timeswv.com,TRUE,FALSE
theborneopost.com,TRUE,FALSE
pronews.gr,TRUE,FALSE
grenadastar.com,TRUE,FALSE
augustagazette.com,TRUE,FALSE
reporter-times.com,TRUE,FALSE
midvalejournal.com,TRUE,FALSE
turuntienoo.fi,TRUE,FALSE
crestonnewsadvertiser.com,TRUE,FALSE
krdo.com,TRUE,FALSE
sovereign-investor.com,TRUE,FALSE
cascadebusnews.com,TRUE,FALSE
clintondailynews.com,TRUE,FALSE
nbcwashington.com,TRUE,FALSE
zczuba.sport.pl,TRUE,FALSE
mountainvalleynews.net,TRUE,FALSE
wspolczesna.pl,TRUE,FALSE
los40.com,TRUE,FALSE
tacomaweekly.com,TRUE,FALSE
blscourierherald.com,TRUE,FALSE
metroherald.ie,TRUE,FALSE
verdenews.com,TRUE,FALSE
wpolityce.pl,TRUE,FALSE
golfdigest.com,TRUE,FALSE
csnne.com,TRUE,FALSE
sportmagazine.knack.be,TRUE,FALSE
wprost.pl,TRUE,FALSE
m.zive.cz:zive.cz,TRUE,FALSE
pocketgamer.co.uk,TRUE,FALSE
myssnews.com,TRUE,FALSE
geelongcats.com.au,TRUE,FALSE
fingerlakes1.com,TRUE,FALSE
barnstablepatriot.com,TRUE,FALSE
motorsport.com,TRUE,FALSE
enorth.com.cn,TRUE,FALSE
cash.bg,TRUE,FALSE
am-news.com,TRUE,FALSE
smithfieldherald.com,TRUE,FALSE
ruhrnachrichten.de,TRUE,FALSE
news.google.com.na,TRUE,FALSE
luzernerzeitung.ch,TRUE,FALSE
varden.no,TRUE,FALSE
mantecabulletin.com,TRUE,FALSE
cbslocal.com,TRUE,FALSE
arizonawildcats.com,TRUE,FALSE
southportvisiter.co.uk,TRUE,FALSE
gazetalubuska.pl,TRUE,FALSE
13wham.com,TRUE,FALSE
bdemo.com,TRUE,FALSE
lansesentinel.com,TRUE,FALSE
camaspostrecord.com,TRUE,FALSE
nwfdailynews.com,TRUE,FALSE
theweeklyonline.net,TRUE,FALSE
jupanu.ro,TRUE,FALSE
oceanaheraldjournal.com,TRUE,FALSE
nachrichten.at,TRUE,FALSE
thetomahawk.com,TRUE,FALSE
timesofmalta.com,TRUE,FALSE
rusprav.tv,TRUE,FALSE
press-citizen.com,TRUE,FALSE
arabianbusiness.com,TRUE,FALSE
bocojo.com,TRUE,FALSE
improntaunika.it,TRUE,FALSE
wrex.com,TRUE,FALSE
theapopkachief.com,TRUE,FALSE
atl.nu,TRUE,FALSE
huffingtonpost.es,TRUE,FALSE
gmuender-tagespost.de,TRUE,FALSE
southsidebusiness.com,TRUE,FALSE
kotilappi.fi,TRUE,FALSE
campaignforliberty.com,TRUE,FALSE
helena-arkansas.com,TRUE,FALSE
idahopress.com,TRUE,FALSE
edmontonsun.com,TRUE,FALSE
presstelegram.com,TRUE,FALSE
law.com,TRUE,FALSE
it.businessinsider.com,TRUE,FALSE
ilmajoki-lehti.fi,TRUE,FALSE
411mania.com,TRUE,FALSE
lakecityreporter.com,TRUE,FALSE
ktvn.com,TRUE,FALSE
spaldingtoday.co.uk,TRUE,FALSE
auto.dziennik.pl,TRUE,FALSE
ledger-dispatch.com,TRUE,FALSE
mariposagazette.com,TRUE,FALSE
mountainenterprise.com,TRUE,FALSE
pahrumpvalleytimes.com,TRUE,FALSE
thepeoplestribune.com,TRUE,FALSE
thisisgrimsby.co.uk,TRUE,FALSE
ngnews.ca,TRUE,FALSE
thealpinesun.com,TRUE,FALSE
heraldbulletin.com,TRUE,FALSE
thecourierexpress.com,TRUE,FALSE
frazeeforum.com,TRUE,FALSE
journalreview.com,TRUE,FALSE
galtheraldonline.com,TRUE,FALSE
thecincinnatiherald.com,TRUE,FALSE
catholicworldreport.com,TRUE,FALSE
glasistre.hr,TRUE,FALSE
bollywoodmantra.com,TRUE,FALSE
pcformat.pl,TRUE,FALSE
teleport2001.ru,TRUE,FALSE
mymillcreekjournal.com,TRUE,FALSE
versii.com,TRUE,FALSE
nsk.se,TRUE,FALSE
boston25news.com,TRUE,FALSE
business-standard.com,TRUE,FALSE
kitv.com,TRUE,FALSE
nsf.gov,TRUE,FALSE
sundayworld.co.za,TRUE,FALSE
kerdos.gr,TRUE,FALSE
unian.net,TRUE,FALSE
timesofoman.com,TRUE,FALSE
ura-inform.com,TRUE,FALSE
hamlethub.com,TRUE,FALSE
metrogreece.gr,TRUE,FALSE
arbetarbladet.se,TRUE,FALSE
doba.cv.ua,TRUE,FALSE
affaritaliani.it,TRUE,FALSE
mail.com,TRUE,FALSE
news.trust.org,TRUE,FALSE
ta.no,TRUE,FALSE
hurherald.com,TRUE,FALSE
mattijaliisa.fi,TRUE,FALSE
philaasiannews.net,TRUE,FALSE
chiesa.espresso.repubblica.it,TRUE,FALSE
fnp.de,TRUE,FALSE
greenstyle.it,TRUE,FALSE
opiniatransilvana.ro,TRUE,FALSE
themonitor.net,TRUE,FALSE
jw.org,TRUE,FALSE
kltv.com,TRUE,FALSE
home.knology.net,TRUE,FALSE
glcitizen.com,TRUE,FALSE
news.google.ca,TRUE,FALSE
latinotimes.com,TRUE,FALSE
wn.com,TRUE,FALSE
theeaglegroveeagle.com,TRUE,FALSE
hothothoops.com,TRUE,FALSE
pb.pl,TRUE,FALSE
oceancity.com,TRUE,FALSE
thespectrum.com,TRUE,FALSE
journalstandard.com,TRUE,FALSE
rttnews.com,TRUE,FALSE
kokomoherald.com,TRUE,FALSE
quotenet.nl,TRUE,FALSE
ridus.ru,TRUE,FALSE
oakridgeobserver.com,TRUE,FALSE
freitag.de,TRUE,FALSE
qconline.com,TRUE,FALSE
ky3.com,TRUE,FALSE
fnweb.de,TRUE,FALSE
kalvotoji.lt,TRUE,FALSE
daijiworld.com,TRUE,FALSE
burlesoncrowley.com,TRUE,FALSE
kangasalansanomat.fi,TRUE,FALSE
bit.pt,TRUE,FALSE
glencoenews.com,TRUE,FALSE
houstonpress.com,TRUE,FALSE
televizier.nl,TRUE,FALSE
prestoncitizen.com,TRUE,FALSE
avisa-st.no,TRUE,FALSE
emaxhealth.com,TRUE,FALSE
wjactv.com,TRUE,FALSE
wxyz.com,TRUE,FALSE
sfglobe.com,TRUE,FALSE
maconcountytimes.com,TRUE,FALSE
euractiv.ro,TRUE,FALSE
politica.diariodelweb.it,TRUE,FALSE
highline.huffingtonpost.com,TRUE,FALSE
nraila.org,TRUE,FALSE
news-register.net,TRUE,FALSE
unioneagle.com,TRUE,FALSE
dudleynews.co.uk,TRUE,FALSE
eltambor.es,TRUE,FALSE
denoordoostpolder.nl,TRUE,FALSE
yorkshirepost.co.uk,TRUE,FALSE
m.hvg.hu:hvg.hu,TRUE,FALSE
buffaloriverreview.com,TRUE,FALSE
kazved.ru,TRUE,FALSE
marysvilleglobe.com,TRUE,FALSE
fm1today.ch,TRUE,FALSE
ozarkcountytimes.com,TRUE,FALSE
cotidianul.ro,TRUE,FALSE
infosalus.com,TRUE,FALSE
gadaa.com,TRUE,FALSE
fox21news.com,TRUE,FALSE
dariknews.bg,TRUE,FALSE
villagevoice.com,TRUE,FALSE
news18.com,TRUE,FALSE
murrayledger.com,TRUE,FALSE
stjtelegraph.org,TRUE,FALSE
lejdd.fr,TRUE,FALSE
sundaytimes.lk,TRUE,FALSE
radiozet.pl,TRUE,FALSE
lrytas.lt,TRUE,FALSE
elgincourier.com,TRUE,FALSE
state-journal.com,TRUE,FALSE
schwaebische.de,TRUE,FALSE
lawrenceledger.com,TRUE,FALSE
dailyinterlake.com,TRUE,FALSE
lcfc.com,TRUE,FALSE
lancastereaglegazette.com,TRUE,FALSE
urnerwochenblatt.ch,TRUE,FALSE
threeriversnews.com,TRUE,FALSE
mdr.de,TRUE,FALSE
star-herald.com,TRUE,FALSE
vancouverdesi.com,TRUE,FALSE
consequenceofsound.net,TRUE,FALSE
augustafreepress.com,TRUE,FALSE
domradio.de,TRUE,FALSE
filodimos.gr,TRUE,FALSE
salute.diariodelweb.it,TRUE,FALSE
news.arseblog.com,TRUE,FALSE
scenenewspaper.com,TRUE,FALSE
mobil.stern.de,TRUE,FALSE
albanyherald.com,TRUE,FALSE
wunc.org,TRUE,FALSE
vantaansanomat.fi,TRUE,FALSE
americanprogress.org,TRUE,FALSE
ut.se,TRUE,FALSE
thecleverowl.com,TRUE,FALSE
wgnradio.com,TRUE,FALSE
dailydemocrat.com,TRUE,FALSE
itthon.transindex.ro,TRUE,FALSE
pressargus.com,TRUE,FALSE
digi24.ro,TRUE,FALSE
elplural.com,TRUE,FALSE
crikey.com.au,TRUE,FALSE
heraldmailmedia.com,TRUE,FALSE
dvice.com,TRUE,FALSE
westmeathexaminer.ie,TRUE,FALSE
thenews-gazette.com,TRUE,FALSE
impactwrestling.com,TRUE,FALSE
athinapoli.gr,TRUE,FALSE
sundayexpress.co.uk,TRUE,FALSE
news-leader.com,TRUE,FALSE
news.cision.com,TRUE,FALSE
nasa.gov,TRUE,FALSE
alternet.org,TRUE,FALSE
stapravda.ru,TRUE,FALSE
reviewatlas.com,TRUE,FALSE
joplinbusinessjournal.com,TRUE,FALSE
businessupdate.com,TRUE,FALSE
citizen.co.za,TRUE,FALSE
cinemablend.com,TRUE,FALSE
chillicothenews.com,TRUE,FALSE
vox.com,TRUE,FALSE
olneydailymail.com,TRUE,FALSE
caller.com,TRUE,FALSE
v-bal.nl,TRUE,FALSE
kurier.at,TRUE,FALSE
accesshollywood.com,TRUE,FALSE
corren.se,TRUE,FALSE
wapakdailynews.com,TRUE,FALSE
greensboro.com,TRUE,FALSE
techgear.gr,TRUE,FALSE
willcoxrangenews.com,TRUE,FALSE
thecatoctinbanner.com,TRUE,FALSE
eveshamjournal.co.uk,TRUE,FALSE
sussexcountian.com,TRUE,FALSE
hiphopdx.com,TRUE,FALSE
valdezstar.net,TRUE,FALSE
events.today.com,TRUE,FALSE
decaturtribune.com,TRUE,FALSE
movenoticias.com,TRUE,FALSE
lidkopingsnytt.nu,TRUE,FALSE
petersburgpilot.com,TRUE,FALSE
anzeiger.biz,TRUE,FALSE
periodistadigital.com,TRUE,FALSE
smithfieldtimes.com,TRUE,FALSE
nordsee-zeitung.de,TRUE,FALSE
wallstreetdaily.com,TRUE,FALSE
pitchfork.com,TRUE,FALSE
massapequapost.com,TRUE,FALSE
ifallsjournal.com,TRUE,FALSE
tvkultura.ru,TRUE,FALSE
gazetaexpress.com,TRUE,FALSE
pittsburgh.cbslocal.com,TRUE,FALSE
theatlanticwire.com,TRUE,FALSE
mesquitenews.com,TRUE,FALSE
wbanews.com,TRUE,FALSE
bakersfieldcalifornian.com,TRUE,FALSE
deltacountyindependent.com,TRUE,FALSE
valleynewsonline.com,TRUE,FALSE
thecontroversialfiles.net,TRUE,FALSE
huffingtonpost.com.au,TRUE,FALSE
miilu.fi,TRUE,FALSE
makedonskosonce.com,TRUE,FALSE
baltimoresun.com,TRUE,FALSE
ekolist.cz,TRUE,FALSE
pbs.org,TRUE,FALSE
melnicko.cz,TRUE,FALSE
bbc.co.uk,TRUE,FALSE
griffindailynews.com,TRUE,FALSE
logandaily.com,TRUE,FALSE
therolladailynews.com,TRUE,FALSE
meadvilletribune.com,TRUE,FALSE
unrealengine.com,TRUE,FALSE
gigamir.net,TRUE,FALSE
nationen.no,TRUE,FALSE
chaskaherald.com,TRUE,FALSE
oinsurgente.org,TRUE,FALSE
lexch.com,TRUE,FALSE
breckenridgeamerican.com,TRUE,FALSE
cnjonline.com,TRUE,FALSE
mdjonline.com,TRUE,FALSE
noticiasdefatima.pt,TRUE,FALSE
centraljersey.com,TRUE,FALSE
chokioreview.com,TRUE,FALSE
scsun-news.com,TRUE,FALSE
mozzartsport.com,TRUE,FALSE
logistyka.pb.pl,TRUE,FALSE
thecharlottepost.com,TRUE,FALSE
wgme.com,TRUE,FALSE
louisville.com,TRUE,FALSE
svpressa.ru,TRUE,FALSE
db.lv,TRUE,FALSE
thecommentator.com,TRUE,FALSE
falkopingstidning.se,TRUE,FALSE
relax.lidovky.cz,TRUE,FALSE
yorkdispatch.com,TRUE,FALSE
aripaev.ee,TRUE,FALSE
gethampshire.co.uk,TRUE,FALSE
spacedaily.com,TRUE,FALSE
cantonrep.com,TRUE,FALSE
tvn24.pl,TRUE,FALSE
instantnewsfortbend.com,TRUE,FALSE
inquirer.net,TRUE,FALSE
kainuunsanomat.fi,TRUE,FALSE
springborosun.com,TRUE,FALSE
formel1.de,TRUE,FALSE
weltfussball.at,TRUE,FALSE
themississippilink.com,TRUE,FALSE
myfoxla.com,TRUE,FALSE
lacote.ch,TRUE,FALSE
gazetadointerior.pt,TRUE,FALSE
cifraclubnews.com.br,TRUE,FALSE
derryjournal.com,TRUE,FALSE
9news.com,TRUE,FALSE
thelawyer.com,TRUE,FALSE
henryherald.com,TRUE,FALSE
yourerie.com,TRUE,FALSE
thisisplymouth.co.uk,TRUE,FALSE
kotikarjala.fi,TRUE,FALSE
dln.com,TRUE,FALSE
shn.ch,TRUE,FALSE
mobil.nachrichten.at,TRUE,FALSE
linncountyleader.com,TRUE,FALSE
sidneyherald.com,TRUE,FALSE
thesundaytimes.co.uk,TRUE,FALSE
clatl.com,TRUE,FALSE
milanmirrorexchange.com,TRUE,FALSE
elcultural.es,TRUE,FALSE
infocalidad.net,TRUE,FALSE
att.yahoo.com,TRUE,FALSE
hawkesbaytoday.co.nz,TRUE,FALSE
postregister.com,TRUE,FALSE
plaintalk.net,TRUE,FALSE
sport.com.mk,TRUE,FALSE
elyecho.com,TRUE,FALSE
citynews.ca,TRUE,FALSE
nieuws.nl,TRUE,FALSE
clevelandbanner.com,TRUE,FALSE
democrats.com,TRUE,FALSE
journal.com.ph,TRUE,FALSE
newsbeast.gr,TRUE,FALSE
news.bg,TRUE,FALSE
ndt1.com,TRUE,FALSE
helenair.com,TRUE,FALSE
ewn.mobi,TRUE,FALSE
chicagoist.com,TRUE,FALSE
pressrepublican.com,TRUE,FALSE
glennbeck.com,TRUE,FALSE
nature.com,TRUE,FALSE
gondola.be,TRUE,FALSE
superzena.b92.net,TRUE,FALSE
colbsent.com,TRUE,FALSE
metropol.hu,TRUE,FALSE
st.nu,TRUE,FALSE
gossipcop.com,TRUE,FALSE
plovdiv24.bg,TRUE,FALSE
dailydot.com,TRUE,FALSE
fredericksburg.com,TRUE,FALSE
lyndentribune.com,TRUE,FALSE
thedigitalcourier.com,TRUE,FALSE
news.excite.com,TRUE,FALSE
teapartyinfo.org,TRUE,FALSE
suntimes.com,TRUE,FALSE
haon.hu,TRUE,FALSE
fwweekly.com,TRUE,FALSE
tdtnews.com,TRUE,FALSE
monticelloexpress.com,TRUE,FALSE
matrix24.gr,TRUE,FALSE
malaysiakini.com,TRUE,FALSE
bulletin-ol.com,TRUE,FALSE
americanrivermessenger.com,TRUE,FALSE
heraldodesoria.es,TRUE,FALSE
tvfanatic.com,TRUE,FALSE
kiiitv.com,TRUE,FALSE
sportbild.bild.de,TRUE,FALSE
bloomsdayrun.org,TRUE,FALSE
recode.net,TRUE,FALSE
scarletknights.com,TRUE,FALSE
peoplestylewatch.com,TRUE,FALSE
fortstocktonpioneer.com,TRUE,FALSE
start.toshiba.com,TRUE,FALSE
toppernewspapers.co.uk,TRUE,FALSE
hamlethub.com,TRUE,FALSE
qz.com,TRUE,FALSE
canberratimes.com.au,TRUE,FALSE
thegrandviewherald.com,TRUE,FALSE
glas-koncila.hr,TRUE,FALSE
sport.blic.rs,TRUE,FALSE
prensa-latina.cu,TRUE,FALSE
northjersey.com,TRUE,FALSE
nyra.com,TRUE,FALSE
herald-zeitung.com,TRUE,FALSE
chaffeecountytimes.com,TRUE,FALSE
aclu.org,TRUE,FALSE
timesofearth.com,TRUE,FALSE
teinteresa.es,TRUE,FALSE
maisfutebol.iol.pt,TRUE,FALSE
strategypage.com,TRUE,FALSE
mysanantonio.com,TRUE,FALSE
mayoclinic.org,TRUE,FALSE
gorenjskiglas.si,TRUE,FALSE
elleuk.com,TRUE,FALSE
northshorenews.com,TRUE,FALSE
farodevigo.es,TRUE,FALSE
ninersnation.com,TRUE,FALSE
bayweekly.com,TRUE,FALSE
formule1.nl,TRUE,FALSE
daily.rbc.ru,TRUE,FALSE
psmag.com,TRUE,FALSE
highlandradio.com,TRUE,FALSE
cn-online.de,TRUE,FALSE
dailyrx.com,TRUE,FALSE
sportskeeda.com,TRUE,FALSE
dn.no,TRUE,FALSE
neovlivni.cz,TRUE,FALSE
northern-scot.co.uk,TRUE,FALSE
kolotv.com,TRUE,FALSE
hamlethub.com,TRUE,FALSE
alithia.gr,TRUE,FALSE
stv.tv,TRUE,FALSE
edp24.co.uk,TRUE,FALSE
bloggar.expressen.se,TRUE,FALSE
theloop.ca,TRUE,FALSE
kendallvillemall.com,TRUE,FALSE
news.bnt.bg,TRUE,FALSE
northernadvocate.co.nz,TRUE,FALSE
theitem.com,TRUE,FALSE
kitcometals.com,TRUE,FALSE
mountaintimes.net,TRUE,FALSE
badische-zeitung.de,TRUE,FALSE
lainformacion.com,TRUE,FALSE
cranburypress.com,TRUE,FALSE
rv.lv,TRUE,FALSE
starvalleyindependent.com,TRUE,FALSE
michaelfairmansoaps.com,TRUE,FALSE
namdalsavisa.no,TRUE,FALSE
rtlnieuws.nl,TRUE,FALSE
tagesspiegel.de,TRUE,FALSE
capital.ro,TRUE,FALSE
tahoedailytribune.com,TRUE,FALSE
madisonet.com,TRUE,FALSE
correiodominho.com,TRUE,FALSE
fox17.com,TRUE,FALSE
latribuna.hn,TRUE,FALSE
dailysun.mobi,TRUE,FALSE
vedomosti.md,TRUE,FALSE
wtkr.com,TRUE,FALSE
shieldsgazette.com,TRUE,FALSE
dailymail.co.uk,TRUE,FALSE
armstrongmywire.com,TRUE,FALSE
monticellodaily.com,TRUE,FALSE
usat.ly,TRUE,FALSE
scout.com,TRUE,FALSE
investigatemagazine.co.nz,TRUE,FALSE
trend.at,TRUE,FALSE
hamar-dagblad.no,TRUE,FALSE
smmirror.com,TRUE,FALSE
heilpraxisnet.de,TRUE,FALSE
somerset-kentucky.com,TRUE,FALSE
badisches-tagblatt.de,TRUE,FALSE
gat.no,TRUE,FALSE
8sidor.se,TRUE,FALSE
bctelegraph.com,TRUE,FALSE
theshelleypioneer.com,TRUE,FALSE
prokerala.com,TRUE,FALSE
mikrometoxos.gr,TRUE,FALSE
vest.mk,TRUE,FALSE
azfamily.com,TRUE,FALSE
directorblue.blogspot.com,TRUE,FALSE
pitajalainen.fi,TRUE,FALSE
wpde.com,TRUE,FALSE
huffingtonpost.de,TRUE,FALSE
coveleaderpress.com,TRUE,FALSE
tdg.ch,TRUE,FALSE
dailyastorian.com,TRUE,FALSE
indyrepnews.com,TRUE,FALSE
policymic.com,TRUE,FALSE
cornishguardian.co.uk,TRUE,FALSE
banburyguardian.co.uk,TRUE,FALSE
outsidethebeltway.com,TRUE,FALSE
informatia-zilei.ro,TRUE,FALSE
b.dk,TRUE,FALSE
elpuntavui.cat,TRUE,FALSE
latino.foxnews.com,TRUE,FALSE
thedailycourier.com,TRUE,FALSE
doncasterfreepress.co.uk,TRUE,FALSE
finanza.lastampa.it,TRUE,FALSE
m.interia.pl:interia.pl,TRUE,FALSE
tribuna.ro,TRUE,FALSE
granthamjournal.co.uk,TRUE,FALSE
hbnews.us,TRUE,FALSE
greenepublishing.com,TRUE,FALSE
calaverasenterprise.com,TRUE,FALSE
boxingscene.com,TRUE,FALSE
malverngazette.co.uk,TRUE,FALSE
gowilkes.com,TRUE,FALSE
unzensuriert.at,TRUE,FALSE
derbyinformer.com,TRUE,FALSE
reporterandfarmer.com,TRUE,FALSE
automatiseringgids.nl,TRUE,FALSE
dnevnik.mk,TRUE,FALSE
tvn24bis.pl,TRUE,FALSE
huffingtonpost.in,TRUE,FALSE
news-banner.com,TRUE,FALSE
pcgameshardware.de,TRUE,FALSE
infullgear.com,TRUE,FALSE
grubstreet.com,TRUE,FALSE
herald-mail.com,TRUE,FALSE
pogoda.interia.pl,TRUE,FALSE
science.orf.at,TRUE,FALSE
pulsinwestora.pb.pl,TRUE,FALSE
norfolkdailynews.com,TRUE,FALSE
arabtimesonline.com,TRUE,FALSE
lovellchronicle.com,TRUE,FALSE
thereflector.com,TRUE,FALSE
adage.com,TRUE,FALSE
tu.no,TRUE,FALSE
newsgazette.com,TRUE,FALSE
sportsnewsireland.com,TRUE,FALSE
radiotimes.com,TRUE,FALSE
abc17news.com,TRUE,FALSE
m.se.pl:se.pl,TRUE,FALSE
abc7news.com,TRUE,FALSE
berrowsjournal.co.uk,TRUE,FALSE
edukacja.dziennik.pl,TRUE,FALSE
yachtsandyachting.com,TRUE,FALSE
mobridgetribune.com,TRUE,FALSE
dundeeonline.com,TRUE,FALSE
thetruthaboutguns.com,TRUE,FALSE
prosieben.de,TRUE,FALSE
vorarlberg.orf.at,TRUE,FALSE
katu.com,TRUE,FALSE
houstonherald.com,TRUE,FALSE
observator.ro,TRUE,FALSE
neoshodailynews.com,TRUE,FALSE
tnonline.com,TRUE,FALSE
iefimerida.gr,TRUE,FALSE
pomeradonews.com,TRUE,FALSE
eb.gmnews.com,TRUE,FALSE
op-online.de,TRUE,FALSE
eastlothiancourier.com,TRUE,FALSE
winnipegsun.com,TRUE,FALSE
wdsu.com,TRUE,FALSE
saratogian.com,TRUE,FALSE
gsmhelpdesk.nl,TRUE,FALSE
burkeconnection.com,TRUE,FALSE
fcpredictor.espn.com,TRUE,FALSE
rivals.com,TRUE,FALSE
reporter-tv.net,TRUE,FALSE
66wz.com,TRUE,FALSE
wkcurrent.com,TRUE,FALSE
thetoc.gr,TRUE,FALSE
standard.net,TRUE,FALSE
kneb.com,TRUE,FALSE
cumberlandnews.co.uk,TRUE,FALSE
artdaily.com,TRUE,FALSE
atletika.cz,TRUE,FALSE
yucatan.com.mx,TRUE,FALSE
musictimes.com,TRUE,FALSE
erietvnews.com,TRUE,FALSE
lubbockonline.com,TRUE,FALSE
standardmedia.co.ke,TRUE,FALSE
alon.hu,TRUE,FALSE
malopolskie.naszemiasto.pl,TRUE,FALSE
vestnesis.lv,TRUE,FALSE
redfieldpress.com,TRUE,FALSE
gazetterecord.com,TRUE,FALSE
arsenal.com,TRUE,FALSE
hiawathaadvocate.net,TRUE,FALSE
carmelpinecone.com,TRUE,FALSE
tabletowo.pl,TRUE,FALSE
thedodo.com,TRUE,FALSE
news-sentinel.com,TRUE,FALSE
newswest9.com,TRUE,FALSE
trebicsky.denik.cz,TRUE,FALSE
resume.se,TRUE,FALSE
sundayrecordherald.com,TRUE,FALSE
jornaldoalgarve.pt,TRUE,FALSE
opensecrets.org,TRUE,FALSE
dartfordtimes.com,TRUE,FALSE
theage.com.au,TRUE,FALSE
sanluisobispo.com,TRUE,FALSE
necn.com,TRUE,FALSE
lasvegastribune.net,TRUE,FALSE
mayonews.ie,TRUE,FALSE
hinckleytimes.net,TRUE,FALSE
ilcorrierelaziale.it,TRUE,FALSE
taylorsvilletimes.com,TRUE,FALSE
thesun.uk,TRUE,FALSE
manager.bg,TRUE,FALSE
kktv.com,TRUE,FALSE
hurriyetdailynews.com,TRUE,FALSE
telegraph.co.uk,TRUE,FALSE
raleightelegram.com,TRUE,FALSE
chichester.co.uk,TRUE,FALSE
starpulse.com,TRUE,FALSE
nieuwsgrazer.nl,TRUE,FALSE
trouw.nl,TRUE,FALSE
tiftongazette.com,TRUE,FALSE
nl.ign.com,TRUE,FALSE
orel-news.ru,TRUE,FALSE
prask.nova.cz,TRUE,FALSE
byggvarlden.se,TRUE,FALSE
bdnews24.com,TRUE,FALSE
as.com,TRUE,FALSE
mcphersonsentinel.com,TRUE,FALSE
podatki.gazetaprawna.pl,TRUE,FALSE
wgntv.com,TRUE,FALSE
luno.hu,TRUE,FALSE
nbcphiladelphia.com,TRUE,FALSE
futebol365.pt,TRUE,FALSE
swtimes.com,TRUE,FALSE
raumnes.no,TRUE,FALSE
wbjournal.com,TRUE,FALSE
vmnews.ru,TRUE,FALSE
gazette.net,TRUE,FALSE
ynetnews.com,TRUE,FALSE
posredniknews.com,TRUE,FALSE
dailyrecord.co.uk,TRUE,FALSE
onlinechester.com,TRUE,FALSE
popsci.com,TRUE,FALSE
commercialrecord.com,TRUE,FALSE
rosregistr.ru,TRUE,FALSE
infolanka.com,TRUE,FALSE
tvnmeteo.tvn24.pl,TRUE,FALSE
insidetucsonbusiness.com,TRUE,FALSE
savannahtribune.com,TRUE,FALSE
torringtontelegram.com,TRUE,FALSE
jp-kunnallissanomat.fi,TRUE,FALSE
tagblatt.ch,TRUE,FALSE
pnj.com,TRUE,FALSE
ballikombit.org,TRUE,FALSE
newsly.it,TRUE,FALSE
news.ifeng.com,TRUE,FALSE
engadget.com,TRUE,FALSE
boon.hu,TRUE,FALSE
financialpost.com,TRUE,FALSE
br.ign.com,TRUE,FALSE
fox5atlanta.com,TRUE,FALSE
portclintonnewsherald.com,TRUE,FALSE
magnoliareporter.com,TRUE,FALSE
opb.org,TRUE,FALSE
golaurens.com,TRUE,FALSE
nuvo.net,TRUE,FALSE
autocar.co.uk,TRUE,FALSE
ktiv.com,TRUE,FALSE
republican-times.com,TRUE,FALSE
home.bt.com,TRUE,FALSE
dhnet.be,TRUE,FALSE
rockawave.com,TRUE,FALSE
gong.bg,TRUE,FALSE
ultimateclassicrock.com,TRUE,FALSE
itavisen.no,TRUE,FALSE
ihigh.com,TRUE,FALSE
presseocean.fr,TRUE,FALSE
wnewsj.com,TRUE,FALSE
cleveland.com,TRUE,FALSE
9news.com.au,TRUE,FALSE
pcauthority.com.au,TRUE,FALSE
seeker.com,TRUE,FALSE
nasha.lv,TRUE,FALSE
bursa.ro,TRUE,FALSE
video.gelocal.it,TRUE,FALSE
paxtondaily.com,TRUE,FALSE
tiogapublishing.com,TRUE,FALSE
uk.news.yahoo.com,TRUE,FALSE
soccer.ru,TRUE,FALSE
newsleadernow.com,TRUE,FALSE
hdnews.net,TRUE,FALSE
wirralglobe.co.uk,TRUE,FALSE
exameinformatica.sapo.pt,TRUE,FALSE
dunnconnect.com,TRUE,FALSE
mno.hu,TRUE,FALSE
fox25boston.com,TRUE,FALSE
pocket-lint.com,TRUE,FALSE
abcactionnews.com,TRUE,FALSE
pravednes.cz,TRUE,FALSE
infobae.com,TRUE,FALSE
bigbugnews.com,TRUE,FALSE
lacronicadeleon.es,TRUE,FALSE
fudzilla.com,TRUE,FALSE
yambol.org,TRUE,FALSE
ojaivalleynews.com,TRUE,FALSE
economico.sapo.pt,TRUE,FALSE
kcchronicle.com,TRUE,FALSE
thezimbabwemail.com,TRUE,FALSE
bollywoodlife.com,TRUE,FALSE
party.pl,TRUE,FALSE
theindependent.co.zw,TRUE,FALSE
quotidianopiemontese.it,TRUE,FALSE
nassaucountyrecord.com,TRUE,FALSE
hbr.org,TRUE,FALSE
liveleak.com,TRUE,FALSE
gizbot.com,TRUE,FALSE
eurasianet.org,TRUE,FALSE
hamlethub.com,TRUE,FALSE
traunsteiner-tagblatt.de,TRUE,FALSE
circlevilletoday.com,TRUE,FALSE
durangotelegraph.com,TRUE,FALSE
flevopost.nl,TRUE,FALSE
poconorecord.com,TRUE,FALSE
clarin.com,TRUE,FALSE
thevoice.us,TRUE,FALSE
therightscoop.com,TRUE,FALSE
canbyherald.com,TRUE,FALSE
dailyadvance.com,TRUE,FALSE
santarve.lt,TRUE,FALSE
recordjournal.net,TRUE,FALSE
smh.com.au,TRUE,FALSE
militarytimes.com,TRUE,FALSE
diariodosacores.pt,TRUE,FALSE
magyarkurir.hu,TRUE,FALSE
at.tennisnet.com,TRUE,FALSE
bakersfieldnow.com,TRUE,FALSE
yorkshireeveningpost.co.uk,TRUE,FALSE
dailyamericannews.com,TRUE,FALSE
teplicky.denik.cz,TRUE,FALSE
egcitizen.com,TRUE,FALSE
tellymix.co.uk,TRUE,FALSE
nazory.aktualne.cz,TRUE,FALSE
westernpeople.ie,TRUE,FALSE
channelworld.cz,TRUE,FALSE
mobil.idnes.cz,TRUE,FALSE
thechronicleonline.com,TRUE,FALSE
kxii.com,TRUE,FALSE
cdispatch.com,TRUE,FALSE
lafayettecountypress.com,TRUE,FALSE
plusmagazine.knack.be,TRUE,FALSE
theglobeandmail.com,TRUE,FALSE
avisa-valdres.no,TRUE,FALSE
meiemaa.ee,TRUE,FALSE
yahoo.com,TRUE,FALSE
bollywoodhungama.com,TRUE,FALSE
dailysentinel.com,TRUE,FALSE
beavercreeknewscurrent.com,TRUE,FALSE
naslovi.net,TRUE,FALSE
wwtdd.com,TRUE,FALSE
mobile.ilsole24ore.com,TRUE,FALSE
patheos.com,TRUE,FALSE
qt.com.au,TRUE,FALSE
compasscayman.com,TRUE,FALSE
thepressproject.gr,TRUE,FALSE
rivieratimes.com,TRUE,FALSE
pcmag.com,TRUE,FALSE
leaderunion.com,TRUE,FALSE
24deoremuresene.ro,TRUE,FALSE
greenwichcitizen.com,TRUE,FALSE
kinston.com,TRUE,FALSE
diarisegre.com,TRUE,FALSE
pcgamer.com,TRUE,FALSE
computertotaal.nl,TRUE,FALSE
leighobserver.co.uk,TRUE,FALSE
ng.sb.by,TRUE,FALSE
programtv.ele.ro,TRUE,FALSE
paintsvilleherald.com,TRUE,FALSE
irishmirror.ie,TRUE,FALSE
pt.uefa.com,TRUE,FALSE
glattaler.ch,TRUE,FALSE
chinookobserver.com,TRUE,FALSE
flatheadnewsgroup.com,TRUE,FALSE
monargent.lecho.be,TRUE,FALSE
firedoglake.com,TRUE,FALSE
neagle.com,TRUE,FALSE
bedfordshire-news.co.uk,TRUE,FALSE
rockdalenews.com,TRUE,FALSE
mchnews.com,TRUE,FALSE
autoforum.cz,TRUE,FALSE
abcnewspapers.com,TRUE,FALSE
koillis-savo.fi,TRUE,FALSE
ccitynews.net,TRUE,FALSE
rochdaleonline.co.uk,TRUE,FALSE
lindenwaldledger.com,TRUE,FALSE
twincitytimes.com,TRUE,FALSE
mendocinobeacon.com,TRUE,FALSE
shelbynews.com,TRUE,FALSE
blesk.cz,TRUE,FALSE
madisoncountyrecord.com,TRUE,FALSE
tnr.com,TRUE,FALSE
on.mktw.net,TRUE,FALSE
novitednik.si,TRUE,FALSE
edenprairienews.com,TRUE,FALSE
profi-forex.org,TRUE,FALSE
starhq.com,TRUE,FALSE
lto.de,TRUE,FALSE
dw.com,TRUE,FALSE
deredactie.be,TRUE,FALSE
dfw.com,TRUE,FALSE
ostrava.idnes.cz,TRUE,FALSE
monitor.bg,TRUE,FALSE
amherstbee.com,TRUE,FALSE
pancevac.com,TRUE,FALSE
thenation.com,TRUE,FALSE
kimatv.com,TRUE,FALSE
constructionenquirer.com,TRUE,FALSE
kens5.com,TRUE,FALSE
whiterivercurrent.com,TRUE,FALSE
tribune-democrat.com,TRUE,FALSE
regio7.cat,TRUE,FALSE
fltimes.com,TRUE,FALSE
gry.onet.pl,TRUE,FALSE
tydenik-km.cz,TRUE,FALSE
thetimes24-7.com,TRUE,FALSE
decinsky.denik.cz,TRUE,FALSE
wsvn.com,TRUE,FALSE
bhweekly.com,TRUE,FALSE
voetbalkrant.com,TRUE,FALSE
abc7.com,TRUE,FALSE
linkiest.com,TRUE,FALSE
peterboroughtoday.co.uk,TRUE,FALSE
stargazette.com,TRUE,FALSE
tracypress.com,TRUE,FALSE
melty.fr,TRUE,FALSE
wwlp.com,TRUE,FALSE
williamspioneerreview.com,TRUE,FALSE
m.tt.com:tt.com,TRUE,FALSE
boernestar.com,TRUE,FALSE
m.hln.be:hln.be,TRUE,FALSE
gateline.com,TRUE,FALSE
cinemablend.com,TRUE,FALSE
farmer.pl,TRUE,FALSE
ricelakeonline.com,TRUE,FALSE
westerndailypress.co.uk,TRUE,FALSE
djournal.com,TRUE,FALSE
aporelmundial.com,TRUE,FALSE
bellinghamherald.com,TRUE,FALSE
gruenderszene.de,TRUE,FALSE
footytips.com.au,TRUE,FALSE
wearecentralpa.com,TRUE,FALSE
dominionpost.com,TRUE,FALSE
pzc.nl,TRUE,FALSE
glasgowlive.co.uk,TRUE,FALSE
arizonasports.com,TRUE,FALSE
zaol.hu,TRUE,FALSE
weeklycitizen.com,TRUE,FALSE
gs24.pl,TRUE,FALSE
broadwayworld.com,TRUE,FALSE
e-radio.gr,TRUE,FALSE
caras.sapo.pt,TRUE,FALSE
thevirginianpilot.com,TRUE,FALSE
wiwo.de,TRUE,FALSE
kentnews.co.uk,TRUE,FALSE
newsib.net,TRUE,FALSE
telva.com,TRUE,FALSE
paloverdevalleytimes.com,TRUE,FALSE
thecabin.net,TRUE,FALSE
clarechampion.ie,TRUE,FALSE
mediatakeout.com,TRUE,FALSE
northamptonchron.co.uk,TRUE,FALSE
wickenburgsun.com,TRUE,FALSE
bostonglobe.com,TRUE,FALSE
clutchpoints.com,TRUE,FALSE
vandaliadaily.com,TRUE,FALSE
rederegional.com,TRUE,FALSE
fredzone.org,TRUE,FALSE
lodinews.com,TRUE,FALSE
sachsenews.com,TRUE,FALSE
democratherald.com,TRUE,FALSE
atv.hu,TRUE,FALSE
mcdonoughvoice.com,TRUE,FALSE
gazzettadimodena.gelocal.it,TRUE,FALSE
crimeonline.com,TRUE,FALSE
domaci.ihned.cz,TRUE,FALSE
bgr.com,TRUE,FALSE
le10sport.com,TRUE,FALSE
moles.ee,TRUE,FALSE
nhl.cz,TRUE,FALSE
herald-citizen.com,TRUE,FALSE
raiders.com,TRUE,FALSE
thesuntimes.com,TRUE,FALSE
wivb.com,TRUE,FALSE
petaluma360.com,TRUE,FALSE
iosconews.com,TRUE,FALSE
ackleyworldjournal.com,TRUE,FALSE
direct-montpellier-plus.com,TRUE,FALSE
nysun.com,TRUE,FALSE
sfchronicle.com,TRUE,FALSE
laopinion.es,TRUE,FALSE
wibc.com,TRUE,FALSE
newjerseyhills.com,TRUE,FALSE
pulsetoday.co.uk,TRUE,FALSE
timponline.ro,TRUE,FALSE
ycobserver.com,TRUE,FALSE
woxx.lu,TRUE,FALSE
ica.se,TRUE,FALSE
smithvillereview.com,TRUE,FALSE
boxofficemojo.com,TRUE,FALSE
theadobepress.com,TRUE,FALSE
lanoticia.com,TRUE,FALSE
aftenbladet.no,TRUE,FALSE
dagelijksestandaard.nl,TRUE,FALSE
luoteisvayla.fi,TRUE,FALSE
news.kuwaittimes.net,TRUE,FALSE
nacion.com,TRUE,FALSE
ie.kis.scr.kaspersky-labs.com,TRUE,FALSE
wlwt.com,TRUE,FALSE
thecourier.co.uk,TRUE,FALSE
m.mediafax.ro:mediafax.ro,TRUE,FALSE
glomdalen.no,TRUE,FALSE
ledgersentinel.com,TRUE,FALSE
zpravy.aktualne.cz,TRUE,FALSE
khou.com,TRUE,FALSE
pagosadailypost.com,TRUE,FALSE
westbranchtimes.com,TRUE,FALSE
news.moviefone.ca,TRUE,FALSE
telebasel.ch,TRUE,FALSE
digi.no,TRUE,FALSE
m.focus.de:focus.de,TRUE,FALSE
mountainx.com,TRUE,FALSE
diariodesevilla.es,TRUE,FALSE
nj.com,TRUE,FALSE
capebretonpost.com,TRUE,FALSE
gadsdentimes.com,TRUE,FALSE
businessnews.gr,TRUE,FALSE
bodyandsoul.com.au,TRUE,FALSE
earthsky.org,TRUE,FALSE
athlonsports.com,TRUE,FALSE
wtoc.com,TRUE,FALSE
ma.hu,TRUE,FALSE
chronicle-independent.com,TRUE,FALSE
rv.ru,TRUE,FALSE
it.eurosport.com,TRUE,FALSE
nextmovie.com,TRUE,FALSE
blogto.com,TRUE,FALSE
ok.ru,TRUE,FALSE
gb.cri.cn,TRUE,FALSE
homerlive.cz,TRUE,FALSE
steiermark.orf.at,TRUE,FALSE
tozsdeforum.hu,TRUE,FALSE
novinite.bg,TRUE,FALSE
de.reuters.com,TRUE,FALSE
secure.today.com,TRUE,FALSE
arcadiaportal.gr,TRUE,FALSE
hokej.idnes.cz,TRUE,FALSE
thestar.com.my,TRUE,FALSE
channelnewsasia.com,TRUE,FALSE
taftmidwaydriller.com,TRUE,FALSE
thestage.co.uk,TRUE,FALSE
dailybreeze.com,TRUE,FALSE
thefacts.com,TRUE,FALSE
accessnorthga.com,TRUE,FALSE
myiris.com,TRUE,FALSE
christianpost.com,TRUE,FALSE
leonoticias.com,TRUE,FALSE
arcataeye.com,TRUE,FALSE
tengrinews.kz,TRUE,FALSE
boulderweekly.com,TRUE,FALSE
lincolnshireecho.co.uk,TRUE,FALSE
xindb.com,TRUE,FALSE
climatecentral.org,TRUE,FALSE
adaherald.com,TRUE,FALSE
cbsnews.com,TRUE,FALSE
cambridgeclarion.com,TRUE,FALSE
wetter.at,TRUE,FALSE
boersen-zeitung.de,TRUE,FALSE
dailyliberal.com.au,TRUE,FALSE
dailyhome.com,TRUE,FALSE
gatorcountry.com,TRUE,FALSE
soccernews.nl,TRUE,FALSE
travelandleisure.com,TRUE,FALSE
e.businessinsider.com,TRUE,FALSE
nieuws.tpo.nl,TRUE,FALSE
news.stluciastar.com,TRUE,FALSE
sovch.chuvashia.com,TRUE,FALSE
thereader.com,TRUE,FALSE
ptinews.com,TRUE,FALSE
ilrestodelcarlino.it,TRUE,FALSE
penbaypilot.com,TRUE,FALSE
crn.com,TRUE,FALSE
madison-press.com,TRUE,FALSE
diariodecadiz.es,TRUE,FALSE
pescanik.net,TRUE,FALSE
pnp.ru,TRUE,FALSE
mysoutex.com,TRUE,FALSE
heute.at,TRUE,FALSE
pghcitypaper.com,TRUE,FALSE
gazownictwo.wnp.pl,TRUE,FALSE
ourherald.com,TRUE,FALSE
crookstontimes.com,TRUE,FALSE
weeklypostnc.com,TRUE,FALSE
tehachapinews.com,TRUE,FALSE
dissapore.com,TRUE,FALSE
zollernalbkurier.de,TRUE,FALSE
news.gr,TRUE,FALSE
philenews.com,TRUE,FALSE
brandebladet.dk,TRUE,FALSE
glendalestar.com,TRUE,FALSE
forskning.se,TRUE,FALSE
norwaypost.no,TRUE,FALSE
outlookindia.com,TRUE,FALSE
10tv.com,TRUE,FALSE
thenewcivilrightsmovement.com,TRUE,FALSE
canoe.ca,TRUE,FALSE
capecodchronicle.com,TRUE,FALSE
metropulse.com,TRUE,FALSE
mspoweruser.com,TRUE,FALSE
enidnews.com,TRUE,FALSE
archiv.ihned.cz,TRUE,FALSE
peshtigotimes.net,TRUE,FALSE
valleycenter.com,TRUE,FALSE
pomorskie.naszemiasto.pl,TRUE,FALSE
nevadaappeal.com,TRUE,FALSE
roscovoice.com,TRUE,FALSE
wa.de,TRUE,FALSE
sligoweekender.ie,TRUE,FALSE
straight.com,TRUE,FALSE
suindependent.com,TRUE,FALSE
moz.de,TRUE,FALSE
mundohispanotn.com,TRUE,FALSE
hameenkyronsanomat.fi,TRUE,FALSE
cadenaser.com,TRUE,FALSE
banderabulletin.com,TRUE,FALSE
limmattalerzeitung.ch,TRUE,FALSE
connectoregonwi.com,TRUE,FALSE
ok.co.uk,TRUE,FALSE
newstrackindia.com,TRUE,FALSE
mynoviny.sk,TRUE,FALSE
thenewsjournal.net,TRUE,FALSE
ventasbalss.lv,TRUE,FALSE
advertiser-tribune.com,TRUE,FALSE
vk.se,TRUE,FALSE
sbj.net,TRUE,FALSE
nationalreview.com,TRUE,FALSE
tsn.ca,TRUE,FALSE
lobservateur.com,TRUE,FALSE
beacononlinenews.com,TRUE,FALSE
berthoudsurveyor.com,TRUE,FALSE
lehighvalleylive.com,TRUE,FALSE
sierracountyprospect.org,TRUE,FALSE
soisalonseutu.fi,TRUE,FALSE
wz-net.de,TRUE,FALSE
gloucestercitizen.co.uk,TRUE,FALSE
motor-talk.de,TRUE,FALSE
dnevnik.bg,TRUE,FALSE
wggb.com,TRUE,FALSE
westfalen-blatt.de,TRUE,FALSE
worldlottery.net,TRUE,FALSE
autobild.de,TRUE,FALSE
salemleader.com,TRUE,FALSE
bundesliga.com,TRUE,FALSE
rsport.ru,TRUE,FALSE
ellenvillejournal.com,TRUE,FALSE
elperiodico.com,TRUE,FALSE
normalite.com,TRUE,FALSE
jacksboronewspapers.com,TRUE,FALSE
dailygood.org,TRUE,FALSE
leak.pt,TRUE,FALSE
themorningsun.com,TRUE,FALSE
atmoreadvance.com,TRUE,FALSE
valleyreporter.com,TRUE,FALSE
cibolabeacon.com,TRUE,FALSE
jewishaz.com,TRUE,FALSE
zentralplus.ch,TRUE,FALSE
costanachrichten.com,TRUE,FALSE
thesouthernreporter.co.uk,TRUE,FALSE
ihre-az.de,TRUE,FALSE
southbendtribune.com,TRUE,FALSE
sydsvenskan.se,TRUE,FALSE
radiobremen.de,TRUE,FALSE
riveraveblues.com,TRUE,FALSE
athensvoice.gr,TRUE,FALSE
side3.no,TRUE,FALSE
kozaczek.pl,TRUE,FALSE
autoblog.nl,TRUE,FALSE
pedestrian.tv,TRUE,FALSE
tylkkari.fi,TRUE,FALSE
planetf1.com,TRUE,FALSE
royalcentral.co.uk,TRUE,FALSE
thecherawchronicle.com,TRUE,FALSE
galvanews.com,TRUE,FALSE
hotair.com,TRUE,FALSE
portal.mygrande.net,TRUE,FALSE
vastranyland.fi,TRUE,FALSE
mostecky.denik.cz,TRUE,FALSE
yorknewstimes.com,TRUE,FALSE
businesswire.com,TRUE,FALSE
progress-index.com,TRUE,FALSE
flatheadnewsgroup.com,TRUE,FALSE
halifaxcourier.co.uk,TRUE,FALSE
lankabusinessonline.com,TRUE,FALSE
binnenland.eenvandaag.nl,TRUE,FALSE
bordeaux7.com,TRUE,FALSE
stillwatergazette.com,TRUE,FALSE
northwaleschronicle.co.uk,TRUE,FALSE
techtudo.com.br,TRUE,FALSE
rollingthunderexpress.com,TRUE,FALSE
cvfarmerandminer.com,TRUE,FALSE
enikonomia.gr,TRUE,FALSE
yourwestvalley.com,TRUE,FALSE
cfnews13.com,TRUE,FALSE
greaterkashmir.com,TRUE,FALSE
goduke.com,TRUE,FALSE
talkofnaija.com,TRUE,FALSE
opavsky.denik.cz,TRUE,FALSE
journalgazette.net,TRUE,FALSE
sanbenitocountytoday.com,TRUE,FALSE
fortmeadeleader.com,TRUE,FALSE
middevonstar.co.uk,TRUE,FALSE
foreignaffairs.com,TRUE,FALSE
celebuzz.com,TRUE,FALSE
atlanticbb.net,TRUE,FALSE
wallstreetitalia.com,TRUE,FALSE
bltsydostran.se,TRUE,FALSE
montecitojournal.net,TRUE,FALSE
irishpost.co.uk,TRUE,FALSE
lavenir.net,TRUE,FALSE
si.com,TRUE,FALSE
omroepwest.nl,TRUE,FALSE
drweil.com,TRUE,FALSE
oxfordpress.com,TRUE,FALSE
centralsomersetgazette.co.uk,TRUE,FALSE
hemmetsvan.se,TRUE,FALSE
sakala.ajaleht.ee,TRUE,FALSE
vanityfair.com,TRUE,FALSE
businessspectator.com.au,TRUE,FALSE
ottumwacourier.com,TRUE,FALSE
bemidjipioneer.com,TRUE,FALSE
19actionnews.com,TRUE,FALSE
whptv.com,TRUE,FALSE
craigdailypress.com,TRUE,FALSE
skysports.com,TRUE,FALSE
heraldtimesonline.com,TRUE,FALSE
newsherald.com,TRUE,FALSE
yazooherald.net,TRUE,FALSE
wiadomosci24.pl,TRUE,FALSE
orf.at,TRUE,FALSE
morningjournal.com,TRUE,FALSE
sunraysiadaily.com.au,TRUE,FALSE
ktrh.com,TRUE,FALSE
nouvelobs.com,TRUE,FALSE
wabcradio.com,TRUE,FALSE
hirmondo.ro,TRUE,FALSE
wetterauer-zeitung.de,TRUE,FALSE
teleshow.wp.pl,TRUE,FALSE
libyaherald.com,TRUE,FALSE
radioem.pl,TRUE,FALSE
schwaebische-post.de,TRUE,FALSE
aamuposti.fi,TRUE,FALSE
seymourherald.com,TRUE,FALSE
cadillacnews.com,TRUE,FALSE
bnr.nl,TRUE,FALSE
informationclearinghouse.info,TRUE,FALSE
ampravda.ru,TRUE,FALSE
budejovice.idnes.cz,TRUE,FALSE
tomsguide.com,TRUE,FALSE
indiatimes.com,TRUE,FALSE
starherald.com,TRUE,FALSE
hoefner.ch,TRUE,FALSE
entertainmentwise.com,TRUE,FALSE
dirigentesdigital.com,TRUE,FALSE
bt.dk,TRUE,FALSE
torun.wyborcza.pl,TRUE,FALSE
novilist.hr,TRUE,FALSE
rigzone.com,TRUE,FALSE
tyrvaansanomat.fi,TRUE,FALSE
eonline.com,TRUE,FALSE
newportplaintalk.com,TRUE,FALSE
wdt.net,TRUE,FALSE
cineplex.com,TRUE,FALSE
motherjones.com,TRUE,FALSE
rfj.ch,TRUE,FALSE
chicagotribune.com,TRUE,FALSE
universetoday.com,TRUE,FALSE
titusvilleherald.com,TRUE,FALSE
hamlethub.com,TRUE,FALSE
braunschweiger-zeitung.de,TRUE,FALSE
video.repubblica.it,TRUE,FALSE
marketwatch.com,TRUE,FALSE
hemeltoday.co.uk,TRUE,FALSE
staradvertiser.com,TRUE,FALSE
ns-game.com,TRUE,FALSE
timesindicator.com,TRUE,FALSE
deita.ru,TRUE,FALSE
brasilpost.com.br,TRUE,FALSE
androidworld.nl,TRUE,FALSE
kauno.diena.lt,TRUE,FALSE
lep.co.uk,TRUE,FALSE
3dnews.ru,TRUE,FALSE
newhamrecorder.co.uk,TRUE,FALSE
democraticunderground.com,TRUE,FALSE
durantdemocrat.com,TRUE,FALSE
webcafe.bg,TRUE,FALSE
mitchellrepublic.com,TRUE,FALSE
reflex.cz,TRUE,FALSE
factcheck.org,TRUE,FALSE
siskiyoudaily.com,TRUE,FALSE
stableytimes.com,TRUE,FALSE
starlocalmedia.com,TRUE,FALSE
dotekomanie.cz,TRUE,FALSE
lasvegasnow.com,TRUE,FALSE
publituris.pt,TRUE,FALSE
sgvtribune.com,TRUE,FALSE
midhudsonnews.com,TRUE,FALSE
hgazette.com,TRUE,FALSE
theexaminer.com,TRUE,FALSE
lakegazette.net,TRUE,FALSE
ammoland.com,TRUE,FALSE
utrinski.mk,TRUE,FALSE
mariestadstidningen.se,TRUE,FALSE
solothurnerzeitung.ch,TRUE,FALSE
gazeta.ru,TRUE,FALSE
in.gr,TRUE,FALSE
glendalenewspress.com,TRUE,FALSE
newportnewstimes.com,TRUE,FALSE
sky.com,TRUE,FALSE
mybiglake.com,TRUE,FALSE
krmg.com,TRUE,FALSE
perezhilton.com,TRUE,FALSE
thestreet.com,TRUE,FALSE
miamitimesonline.com,TRUE,FALSE
sporza.be,TRUE,FALSE
vilaverde.net,TRUE,FALSE
theworldlink.com,TRUE,FALSE
tmnews.com,TRUE,FALSE
detroitlions.com,TRUE,FALSE
helsingordagblad.dk,TRUE,FALSE
thehamiltonherald-news.com,TRUE,FALSE
ksla.com,TRUE,FALSE
grandhaventribune.com,TRUE,FALSE
boiseweekly.com,TRUE,FALSE
tcpalm.com,TRUE,FALSE
nak.org,TRUE,FALSE
commondreams.org,TRUE,FALSE
slamonline.com,TRUE,FALSE
wqad.com,TRUE,FALSE
cullmansense.com,TRUE,FALSE
fridolin.ch,TRUE,FALSE
taylordailypress.net,TRUE,FALSE
norrteljetidning.se,TRUE,FALSE
wsws.org,TRUE,FALSE
pottsmerc.com,TRUE,FALSE
houghtonlakeresorter.com,TRUE,FALSE
michaelmoore.com,TRUE,FALSE
zet.cz,TRUE,FALSE
newswithviews.com,TRUE,FALSE
tbnewswatch.com,TRUE,FALSE
galvestondailynews.com,TRUE,FALSE
plymouthherald.co.uk,TRUE,FALSE
rappnews.com,TRUE,FALSE
np-coburg.de,TRUE,FALSE
de.finance.yahoo.com,TRUE,FALSE
montgomeryherald.com,TRUE,FALSE
harlowherald.co.uk,TRUE,FALSE
pitch.com,TRUE,FALSE
politicker.com,TRUE,FALSE
corsicanadailysun.com,TRUE,FALSE
watfordobserver.co.uk,TRUE,FALSE
orientpress.hu,TRUE,FALSE
alamosanews.com,TRUE,FALSE
waynepost.com,TRUE,FALSE
siliconera.com,TRUE,FALSE
am980.ca,TRUE,FALSE
boersen-kurier.at,TRUE,FALSE
lvs.fi,TRUE,FALSE
regiaoderiomaior.pt,TRUE,FALSE
yidio.com,TRUE,FALSE
svet.rs,TRUE,FALSE
conwaydailysun.com,TRUE,FALSE
hoodrivernews.com,TRUE,FALSE
miusoccer.com,TRUE,FALSE
taz.de,TRUE,FALSE
colemannews.com,TRUE,FALSE
theandrewsjournal.com,TRUE,FALSE
odn.info.md,TRUE,FALSE
pasoroblesdailynews.com,TRUE,FALSE
vi.nl,TRUE,FALSE
bradystandard.com,TRUE,FALSE
kurjeris.lt,TRUE,FALSE
munster-express.ie,TRUE,FALSE
mpnnow.com,TRUE,FALSE
sportske.jutarnji.hr,TRUE,FALSE
mb.com.ph,TRUE,FALSE
gossip.fanpage.it,TRUE,FALSE
vpravda.ru,TRUE,FALSE
fox8live.com,TRUE,FALSE
katholisch.de,TRUE,FALSE
nzherald.co.nz,TRUE,FALSE
msn.com,TRUE,FALSE
sequimgazette.com,TRUE,FALSE
politicsweb.co.za,TRUE,FALSE
heinavedenlehti.fi,TRUE,FALSE
malaysia-chronicle.com,TRUE,FALSE
newyork.cbslocal.com,TRUE,FALSE
westfargopioneer.com,TRUE,FALSE
israelnationalnews.com,TRUE,FALSE
the-dispatch.com,TRUE,FALSE
bajoelsol.com,TRUE,FALSE
theverge.com,TRUE,FALSE
24sata.rs,TRUE,FALSE
thedailyobserver.ca,TRUE,FALSE
suburbanchicagonews.com,TRUE,FALSE
morgenpost.de,TRUE,FALSE
hellomagazine.com,TRUE,FALSE
frontline.in,TRUE,FALSE
pctipp.ch,TRUE,FALSE
davisonindex.mihomepaper.com,TRUE,FALSE
heraldtribune.com,TRUE,FALSE
now.msn.com,TRUE,FALSE
buzzmachine.com,TRUE,FALSE
plaindealer-sun.com,TRUE,FALSE
terrasdoave.pt,TRUE,FALSE
imperialbeachnewsca.com,TRUE,FALSE
theknoxvillejournal.com,TRUE,FALSE
pagosasun.com,TRUE,FALSE
fortmorgantimes.com,TRUE,FALSE
alytausnaujienos.lt,TRUE,FALSE
jungewelt.de,TRUE,FALSE
permv.ru,TRUE,FALSE
sport.eurozpravy.cz,TRUE,FALSE
thecarthaginian.com,TRUE,FALSE
nationalmemo.com,TRUE,FALSE
mvgazette.com,TRUE,FALSE
baltische-rundschau.eu,TRUE,FALSE
jxnews.com.cn,TRUE,FALSE
diarioinsular.com,TRUE,FALSE
gala.fr,TRUE,FALSE
times-herald.com,TRUE,FALSE
kansas.com,TRUE,FALSE
cbs8.com,TRUE,FALSE
zdf.de,TRUE,FALSE
westlondonsport.com,TRUE,FALSE
safely.yahoo.com,TRUE,FALSE
perrysburg.com,TRUE,FALSE
desteptarea.ro,TRUE,FALSE
gosanangelo.com,TRUE,FALSE
fashionnstyle.com,TRUE,FALSE
m.standaard.be:standaard.be,TRUE,FALSE
gazettenet.com,TRUE,FALSE
truth-out.org,TRUE,FALSE
krsk.kp.ru,TRUE,FALSE
agi.it,TRUE,FALSE
wbtw.com,TRUE,FALSE
academiacatavencu.info,TRUE,FALSE
publico.pt,TRUE,FALSE
greatfallsconnection.com,TRUE,FALSE
carrollcountytimes.com,TRUE,FALSE
nbt.ch,TRUE,FALSE
vn.mk.ua,TRUE,FALSE
observatorcl.info,TRUE,FALSE
officialworldgolfranking.com,TRUE,FALSE
skynews.com.au,TRUE,FALSE
wtol.com,TRUE,FALSE
euractiv.cz,TRUE,FALSE
potterleaderenterprise.com,TRUE,FALSE
lavozdeasturias.es,TRUE,FALSE
fakt.pl,TRUE,FALSE
thetyee.ca,TRUE,FALSE
zdrowie.dziennik.pl,TRUE,FALSE
lakechelanmirror.com,TRUE,FALSE
scnews.com,TRUE,FALSE
upnorthlive.com,TRUE,FALSE
thesportreview.com,TRUE,FALSE
tooeleonline.com,TRUE,FALSE
sealynews.com,TRUE,FALSE
post-gazette.com,TRUE,FALSE
marvel.com,TRUE,FALSE
asfera.info,TRUE,FALSE
objevit.cz,TRUE,FALSE
wabashplaindealer.com,TRUE,FALSE
zilinskyvecernik.sk,TRUE,FALSE
theimnews.com,TRUE,FALSE
delawareonline.com,TRUE,FALSE
vladtv.com,TRUE,FALSE
fanatik.ro,TRUE,FALSE
24dunia.com,TRUE,FALSE
romeobserver.com,TRUE,FALSE
planet.fr,TRUE,FALSE
wtov9.com,TRUE,FALSE
yardbarker.com,TRUE,FALSE
fredericknewspost.com,TRUE,FALSE
aoh.dk,TRUE,FALSE
fbc.com.fj,TRUE,FALSE
pressandjournal.co.uk,TRUE,FALSE
kwtx.com,TRUE,FALSE
dailynews.com,TRUE,FALSE
mainstreetnews.com,TRUE,FALSE
ndr.de,TRUE,FALSE
rpp.com.pe,TRUE,FALSE
tsnews.com,TRUE,FALSE
appeal-democrat.com,TRUE,FALSE
primorske.si,TRUE,FALSE
trinidadexpress.com,TRUE,FALSE
cityrumors.it,TRUE,FALSE
libertynews.com,TRUE,FALSE
boyens-medien.de,TRUE,FALSE
buffalobulletin.com,TRUE,FALSE
clydebankpost.co.uk,TRUE,FALSE
aleteia.org,TRUE,FALSE
redditchstandard.co.uk,TRUE,FALSE
lincolntimesnews.com,TRUE,FALSE
the-leader.com,TRUE,FALSE
pjmedia.com,TRUE,FALSE
dchieftain.com,TRUE,FALSE
eurofotbal.cz,TRUE,FALSE
draperjournal.com,TRUE,FALSE
ktvb.com,TRUE,FALSE
noticiasdevilareal.com,TRUE,FALSE
parents.com,TRUE,FALSE
investorplace.com,TRUE,FALSE
joinfo.ua,TRUE,FALSE
theurbandaily.com,TRUE,FALSE
rbc.ua,TRUE,FALSE
bihon.ro,TRUE,FALSE
michigansthumb.com,TRUE,FALSE
die-glocke.de,TRUE,FALSE
ennisdailynews.com,TRUE,FALSE
therecordofwilkes.com,TRUE,FALSE
keloland.com,TRUE,FALSE
un.org,TRUE,FALSE
amren.com,TRUE,FALSE
cdr.cz,TRUE,FALSE
corrierediviterbo.corr.it,TRUE,FALSE
neworleanscitybusiness.com,TRUE,FALSE
nme.com,TRUE,FALSE
news.pba.com,TRUE,FALSE
m.oe24.at:oe24.at,TRUE,FALSE
hronika.info,TRUE,FALSE
novved.ru,TRUE,FALSE
advocateanddemocrat.com,TRUE,FALSE
healthheadlines.com,TRUE,FALSE
cricinfo.com,TRUE,FALSE
magic-city-news.com,TRUE,FALSE
hersfelder-zeitung.de,TRUE,FALSE
directsoir.directmedia.fr,TRUE,FALSE
maidenhead-advertiser.co.uk,TRUE,FALSE
beursduivel.be,TRUE,FALSE
fremonttribune.com,TRUE,FALSE
wp.clicrbs.com.br,TRUE,FALSE
whdh.com,TRUE,FALSE
epocanegocios.globo.com,TRUE,FALSE
olmstedcountyjournal.com,TRUE,FALSE
zdnet.com,TRUE,FALSE
smena.ru,TRUE,FALSE
heraldgoa.in,TRUE,FALSE
zurnal24.si,TRUE,FALSE
zcommunications.org,TRUE,FALSE
totalcar.hu,TRUE,FALSE
thejournalonline.com,TRUE,FALSE
deadstate.org,TRUE,FALSE
sandiego.informermg.com,TRUE,FALSE
wjle.com,TRUE,FALSE
rilindjademokratike.com,TRUE,FALSE
hbindependent.com,TRUE,FALSE
freemanjournal.net,TRUE,FALSE
zviazda.by,TRUE,FALSE
soester-anzeiger.de,TRUE,FALSE
si.com,TRUE,FALSE
thecouriertimes.com,TRUE,FALSE
eveningecho.ie,TRUE,FALSE
24kurier.pl,TRUE,FALSE
vh1.com,TRUE,FALSE
wvgazette.com,TRUE,FALSE
thespringfieldsun.com,TRUE,FALSE
thedroidguy.com,TRUE,FALSE
mobil.derstandard.at,TRUE,FALSE
houmatoday.com,TRUE,FALSE
thevillagenews.com,TRUE,FALSE
savagepacer.com,TRUE,FALSE
oregonlive.com,TRUE,FALSE
news12.com,TRUE,FALSE
navasotaexaminer.com,TRUE,FALSE
wctv.tv,TRUE,FALSE
thejournal-news.net,TRUE,FALSE
sunnews.com,TRUE,FALSE
centralkynews.com,TRUE,FALSE
lidovky.cz,TRUE,FALSE
wn.ru,TRUE,FALSE
haaretz.com,TRUE,FALSE
jacksonheraldtoday.com,TRUE,FALSE
cato.org,TRUE,FALSE
search.espn.com,TRUE,FALSE
cdt.ch,TRUE,FALSE
news.lycos.com,TRUE,FALSE
ktbs.com,TRUE,FALSE
indianz.com,TRUE,FALSE
dailystar.com.lb,TRUE,FALSE
edgefieldadvertiser.com,TRUE,FALSE
technet.idnes.cz,TRUE,FALSE
thearabtribune.com,TRUE,FALSE
lakeconews.com,TRUE,FALSE
beurs.nl,TRUE,FALSE
news.malaysia.msn.com,TRUE,FALSE
bt.se,TRUE,FALSE
caranddriver.gr,TRUE,FALSE
republican-news.org,TRUE,FALSE
coastalview.com,TRUE,FALSE
weekend.levif.be,TRUE,FALSE
diena.lv,TRUE,FALSE
newschannel5.com,TRUE,FALSE
lovelycitizen.com,TRUE,FALSE
forward.com,TRUE,FALSE
record-eagle.com,TRUE,FALSE
marshallnews.com,TRUE,FALSE
thecrier.net,TRUE,FALSE
ostsee-zeitung.de,TRUE,FALSE
i4u.com,TRUE,FALSE
vocm.com,TRUE,FALSE
delrionewsherald.com,TRUE,FALSE
laughlinentertainer.com,TRUE,FALSE
thetimes.co.uk,TRUE,FALSE
calhounchronicle.com,TRUE,FALSE
kohajone.com,TRUE,FALSE
bonnercountydailybee.com,TRUE,FALSE
aciclico.com,TRUE,FALSE
nutpub.net,TRUE,FALSE
ecodiario.eleconomista.es,TRUE,FALSE
gr.euronews.com,TRUE,FALSE
hbl.fi,TRUE,FALSE
ign.com,TRUE,FALSE
podravski.hr,TRUE,FALSE
hispanicallyspeakingnews.com,TRUE,FALSE
kristianstadsbladet.se,TRUE,FALSE
xxlmag.com,TRUE,FALSE
infox.ru,TRUE,FALSE
video.foxnews.com,TRUE,FALSE
kron4.com,TRUE,FALSE
all-in.de,TRUE,FALSE
pojoaquenews.com,TRUE,FALSE
amweb.nl,TRUE,FALSE
sportschau.de,TRUE,FALSE
northfulton.com,TRUE,FALSE
bankieren.rabobank.nl,TRUE,FALSE
rediff.com,TRUE,FALSE
tageblatt.lu,TRUE,FALSE
gurl.com,TRUE,FALSE
ketchikandailynews.com,TRUE,FALSE
ziarulevenimentul.ro,TRUE,FALSE
elprogreso.galiciae.com,TRUE,FALSE
yumasun.com,TRUE,FALSE
elpopular.pe,TRUE,FALSE
wqow.com,TRUE,FALSE
countytimes.com,TRUE,FALSE
crestedbuttenews.com,TRUE,FALSE
losbanosenterprise.com,TRUE,FALSE
crainsdetroit.com,TRUE,FALSE
chicagonow.com,TRUE,FALSE
nashcountrydaily.com,TRUE,FALSE
communa.ru,TRUE,FALSE
freeweekly.com,TRUE,FALSE
oblad.no,TRUE,FALSE
chapelhillnews.com,TRUE,FALSE
metteradvertiser.com,TRUE,FALSE
katun24.ru,TRUE,FALSE
salzburg24.at,TRUE,FALSE
heraldargus.com,TRUE,FALSE
clintondailyjournal.com,TRUE,FALSE
ecodibergamo.it,TRUE,FALSE
stowsentry.com,TRUE,FALSE
zakenreisnieuws.nl,TRUE,FALSE
themonitor.com,TRUE,FALSE
arkcity.net,TRUE,FALSE
corrieredelveneto.corriere.it,TRUE,FALSE
prohardver.hu,TRUE,FALSE
fox16.com,TRUE,FALSE
heritage.org,TRUE,FALSE
marshfieldnewsherald.com,TRUE,FALSE
ludingtondailynews.com,TRUE,FALSE
laptopmag.com,TRUE,FALSE
bzi.ro,TRUE,FALSE
atholdailynews.com,TRUE,FALSE
vvox.it,TRUE,FALSE
banki.ru,TRUE,FALSE
allthatsinteresting.com,TRUE,FALSE
countryworldnews.com,TRUE,FALSE
weau.com,TRUE,FALSE
good4utah.com,TRUE,FALSE
ren.tv,TRUE,FALSE
kpic.com,TRUE,FALSE
thepilot.com,TRUE,FALSE
mccallstarnews.com,TRUE,FALSE
thisisbath.co.uk,TRUE,FALSE
centralwinews.com,TRUE,FALSE
sports.in.gr,TRUE,FALSE
guardian.co.uk,TRUE,FALSE
localsource.com,TRUE,FALSE
theweirstimes.com,TRUE,FALSE
manchestertimes.com,TRUE,FALSE
ticinonews.ch,TRUE,FALSE
thealbanyjournal.com,TRUE,FALSE
twincities.com,TRUE,FALSE
vary.idnes.cz,TRUE,FALSE
nycaviation.com,TRUE,FALSE
petofinepe.hu,TRUE,FALSE
state.md.us,TRUE,FALSE
spokanejournal.com,TRUE,FALSE
boursorama.com,TRUE,FALSE
misto.vn.ua,TRUE,FALSE
live5news.com,TRUE,FALSE
newburyportnews.com,TRUE,FALSE
aroundosceola.com,TRUE,FALSE
chanvillager.com,TRUE,FALSE
pyhajokiseutu.fi,TRUE,FALSE
hhjnews.com,TRUE,FALSE
humanite.fr,TRUE,FALSE
elcolombiano.com,TRUE,FALSE
jornaldenegocios.pt,TRUE,FALSE
lokal.hu,TRUE,FALSE
sport-express.ru,TRUE,FALSE
noz.de,TRUE,FALSE
schwarzwaelder-bote.de,TRUE,FALSE
wakefieldexpress.co.uk,TRUE,FALSE
mdmk.ru,TRUE,FALSE
lexpansion.lexpress.fr,TRUE,FALSE
uppermichiganssource.com,TRUE,FALSE
prerovsky.denik.cz,TRUE,FALSE
tvplus.dn.ua,TRUE,FALSE
advertisergleam.com,TRUE,FALSE
birminghampost.co.uk,TRUE,FALSE
sgzt.com,TRUE,FALSE
cashmerevalleyrecord.com,TRUE,FALSE
sn.se,TRUE,FALSE
gtowntimes.com,TRUE,FALSE
dailymail.com,TRUE,FALSE
huntspost.co.uk,TRUE,FALSE
nbcnews.com,TRUE,FALSE
cambridge-news.co.uk,TRUE,FALSE
nashobapublishing.com,TRUE,FALSE
castanet.net,TRUE,FALSE
wigantoday.net,TRUE,FALSE
hl-live.de,TRUE,FALSE
netzwelt.de,TRUE,FALSE
folsomtelegraph.com,TRUE,FALSE
apalachtimes.com,TRUE,FALSE
s2smagazine.com,TRUE,FALSE
autobild.de,TRUE,FALSE
thepublicopinion.com,TRUE,FALSE
popeater.com,TRUE,FALSE
newjerseyhills.com,TRUE,FALSE
zjol.com.cn,TRUE,FALSE
pickenssentinel.com,TRUE,FALSE
wenatcheeworld.com,TRUE,FALSE
banateanul.gandul.info,TRUE,FALSE
lawfareblog.com,TRUE,FALSE
podbrezovan.sk,TRUE,FALSE
uddevallaposten.se,TRUE,FALSE
sabc.co.za,TRUE,FALSE
vanityfair.it,TRUE,FALSE
iowntheworld.com,TRUE,FALSE
gothenburgtimes.com,TRUE,FALSE
thederrick.com,TRUE,FALSE
observertoday.com,TRUE,FALSE
bnt.bg,TRUE,FALSE
prnewswire.com,TRUE,FALSE
de.fifa.com,TRUE,FALSE
fjendsfolkeblad.dk,TRUE,FALSE
tvxs.gr,TRUE,FALSE
newsone.com,TRUE,FALSE
wyff4.com,TRUE,FALSE
ibj.com,TRUE,FALSE
moneyshow.com,TRUE,FALSE
racexpress.nl,TRUE,FALSE
dagenshandel.se,TRUE,FALSE
wheels.ca,TRUE,FALSE
onenewspage.com,TRUE,FALSE
protagon.gr,TRUE,FALSE
monroecountyjournal.com,TRUE,FALSE
bunte.de,TRUE,FALSE
norrahalland.se,TRUE,FALSE
diariosur.es,TRUE,FALSE
sport.be,TRUE,FALSE
fox29.com,TRUE,FALSE
auseklis.lv,TRUE,FALSE
shelbycountyreporter.com,TRUE,FALSE
lewistownsentinel.com,TRUE,FALSE
theaustinvillager.com,TRUE,FALSE
dotnews.com,TRUE,FALSE
muzyka.interia.pl,TRUE,FALSE
whl.ca,TRUE,FALSE
nwt.se,TRUE,FALSE
goal.com,TRUE,FALSE
joroistenlehti.fi,TRUE,FALSE
hodoninsky.denik.cz,TRUE,FALSE
humboldtbeacon.com,TRUE,FALSE
lavozdegalicia.es,TRUE,FALSE
chickasaw360.com,TRUE,FALSE
gamepro.de,TRUE,FALSE
atlasshrugs2000.typepad.com,TRUE,FALSE
lt.se,TRUE,FALSE
cash.ch,TRUE,FALSE
shorenewstoday.com,TRUE,FALSE
whio.com,TRUE,FALSE
lounaleht.ee,TRUE,FALSE
the-journal.com,TRUE,FALSE
lemainelibre.fr,TRUE,FALSE
kamloopsnews.ca,TRUE,FALSE
thejerseytimes.com,TRUE,FALSE
mckenzieriverreflectionsnewspaper.com,TRUE,FALSE
beta.rs,TRUE,FALSE
journalstar.com,TRUE,FALSE
diario.mx,TRUE,FALSE
newsleader.com,TRUE,FALSE
profootballweekly.com,TRUE,FALSE
dailyrecordnews.com,TRUE,FALSE
dmlnews.com,TRUE,FALSE
suedostschweiz.ch,TRUE,FALSE
northlandsnewscenter.com,TRUE,FALSE
breakit.se,TRUE,FALSE
eunews.it,TRUE,FALSE
contactmusic.com,TRUE,FALSE
supersport.com,TRUE,FALSE
fearnet.com,TRUE,FALSE
arizonarepublic.com,TRUE,FALSE
wsav.com,TRUE,FALSE
tagesschau.de,TRUE,FALSE
pressregister.com,TRUE,FALSE
knowyourmeme.com,TRUE,FALSE
permnews.ru,TRUE,FALSE
kokomotribune.com,TRUE,FALSE
sandiego.com,TRUE,FALSE
elkintribune.com,TRUE,FALSE
paddypower.com,TRUE,FALSE
heart.co.uk,TRUE,FALSE
amp.businessinsider.com,TRUE,FALSE
allaboutphones.nl,TRUE,FALSE
dnes.bg,TRUE,FALSE
news3lv.com,TRUE,FALSE
gamezone.com,TRUE,FALSE
sfweekly.com,TRUE,FALSE
tampabay.com,TRUE,FALSE
fayettecountyrecord.com,TRUE,FALSE
dnevnik.rs,TRUE,FALSE
agenda.ro,TRUE,FALSE
poljoinfo.com,TRUE,FALSE
theargus.co.uk,TRUE,FALSE
mountvernonnews.com,TRUE,FALSE
vg247.com,TRUE,FALSE
promiflash.de,TRUE,FALSE
scinexx.de,TRUE,FALSE
portasouthjetty.com,TRUE,FALSE
slate.com,TRUE,FALSE
news-journal.com,TRUE,FALSE
bet.com,TRUE,FALSE
ebony.com,TRUE,FALSE
bauskasdzive.diena.lv,TRUE,FALSE
wtmj.com,TRUE,FALSE
annistonstar.com,TRUE,FALSE
foxsanantonio.com,TRUE,FALSE
mugshots.com,TRUE,FALSE
nsd.se,TRUE,FALSE
sun-sentinel.com,TRUE,FALSE
smalltownpapers.com,TRUE,FALSE
mynorthwest.com,TRUE,FALSE
quotidianosanita.it,TRUE,FALSE
fox5ny.com,TRUE,FALSE
feministing.com,TRUE,FALSE
latribune.fr,TRUE,FALSE
bilan.ch,TRUE,FALSE
milano.repubblica.it,TRUE,FALSE
tagblatt.de,TRUE,FALSE
kansascity.com,TRUE,FALSE
rockmartjrl.com,TRUE,FALSE
olomouc.idnes.cz,TRUE,FALSE
rotoworld.com,TRUE,FALSE
crewechronicle.co.uk,TRUE,FALSE
lelab.europe1.fr,TRUE,FALSE
guardian.co.tt,TRUE,FALSE
laxpower.com,TRUE,FALSE
billmoyers.com,TRUE,FALSE
clarendoncitizen.com,TRUE,FALSE
overclockers.ru,TRUE,FALSE
morganton.com,TRUE,FALSE
westseattleherald.com,TRUE,FALSE
leadvilleherald.com,TRUE,FALSE
goerie.com,TRUE,FALSE
leicestermercury.co.uk,TRUE,FALSE
chorleycitizen.co.uk,TRUE,FALSE
oh.idnes.cz,TRUE,FALSE
dawsontimes.com,TRUE,FALSE
ici.radio-canada.ca,TRUE,FALSE
dan.co.me,TRUE,FALSE
newsmirror.net,TRUE,FALSE
stormlakepilottribune.com,TRUE,FALSE
cricket.yahoo.com,TRUE,FALSE
hannibal.net,TRUE,FALSE
secoloditalia.it,TRUE,FALSE
galesburg.com,TRUE,FALSE
lacittadisalerno.gelocal.it,TRUE,FALSE
eventhubs.com,TRUE,FALSE
waltpub.com,TRUE,FALSE
cvlpress.ro,TRUE,FALSE
news-graphic.com,TRUE,FALSE
lmtribune.com,TRUE,FALSE
newjerseyhills.com,TRUE,FALSE
ilfoglio.it,TRUE,FALSE
myeldorado.net,TRUE,FALSE
globest.com,TRUE,FALSE
victoriagazette.com,TRUE,FALSE
kplctv.com,TRUE,FALSE
tvnwarszawa.tvn24.pl,TRUE,FALSE
infranken.de,TRUE,FALSE
onet.pl,TRUE,FALSE
voices.yahoo.com,TRUE,FALSE
queen.gr,TRUE,FALSE
advertiserdemocrat.com,TRUE,FALSE
wiadomosci.radiozet.pl,TRUE,FALSE
alibi.com,TRUE,FALSE
metrosport.gr,TRUE,FALSE
cobbonline.com,TRUE,FALSE
yellowad.co.uk,TRUE,FALSE
660news.com,TRUE,FALSE
news.haltonhills.halinet.on.ca,TRUE,FALSE
timesargus.com,TRUE,FALSE
nvp.se,TRUE,FALSE
akpioneerpress.com,TRUE,FALSE
directlille.com,TRUE,FALSE
ionmesquite.com,TRUE,FALSE
northwalespioneer.co.uk,TRUE,FALSE
muzyka.dziennik.pl,TRUE,FALSE
leesvilledailyleader.com,TRUE,FALSE
googlesightseeing.com,TRUE,FALSE
hesstonrecord.com,TRUE,FALSE
vt.se,TRUE,FALSE
news4u.me,TRUE,FALSE
kfoxtv.com,TRUE,FALSE
msn.com,TRUE,FALSE
gazettes.com,TRUE,FALSE
izvestia.ru:iz.ru,TRUE,FALSE
nieuwsblad.be,TRUE,FALSE
pch24.pl,TRUE,FALSE
expressandstar.com,TRUE,FALSE
24horasnews.com.br,TRUE,FALSE
citizentribune.com,TRUE,FALSE
industriemagazin.at,TRUE,FALSE
harlandaily.com,TRUE,FALSE
anddownthestretchtheycome.com,TRUE,FALSE
laprovinciadicomo.it,TRUE,FALSE
watfordcitynd.com,TRUE,FALSE
mignews.com,TRUE,FALSE
football365.com,TRUE,FALSE
andovertownsman.com,TRUE,FALSE
tvilletimes.com,TRUE,FALSE
statecollege.com,TRUE,FALSE
vpgazeta.ru,TRUE,FALSE
csnphilly.com,TRUE,FALSE
bloody-disgusting.com,TRUE,FALSE
rumfordfallstimes.com,TRUE,FALSE
salemnews.com,TRUE,FALSE
newspostleader.co.uk,TRUE,FALSE
vulture.com,TRUE,FALSE
cblnews.com,TRUE,FALSE
reviewtimes.com,TRUE,FALSE
noticiasdegipuzkoa.com,TRUE,FALSE
prozeny.blesk.cz,TRUE,FALSE
cmjornal.xl.pt,TRUE,FALSE
wiltonbulletin.com,TRUE,FALSE
diversao.terra.com.br,TRUE,FALSE
computerworld.hu,TRUE,FALSE
osceolaiowa.com,TRUE,FALSE
tahoe.com,TRUE,FALSE
kypost.com,TRUE,FALSE
belgrade-news.com,TRUE,FALSE
discodigital.sapo.pt,TRUE,FALSE
esportes.yahoo.com,TRUE,FALSE
mymotherlode.com,TRUE,FALSE
esaimaa.fi,TRUE,FALSE
eyjar.net,TRUE,FALSE
largus.fr,TRUE,FALSE
picketnews.com,TRUE,FALSE
flashvidas.pt,TRUE,FALSE
timesdaily.com,TRUE,FALSE
amboynews.com,TRUE,FALSE
troymessenger.com,TRUE,FALSE
vibe.com,TRUE,FALSE
motoryzacja.wnp.pl,TRUE,FALSE
economie.eenvandaag.nl,TRUE,FALSE
modernghana.com,TRUE,FALSE
lexpress.fr,TRUE,FALSE
tass.ru,TRUE,FALSE
espn.com.co,TRUE,FALSE
lokalavisennyborg.dk,TRUE,FALSE
androidauthority.com,TRUE,FALSE
metroactive.com,TRUE,FALSE
msbusiness.com,TRUE,FALSE
mapleheightspress.com,TRUE,FALSE
upplandsnyheter.se,TRUE,FALSE
sptimesrussia.com,TRUE,FALSE
maineinsights.com,TRUE,FALSE
spiegel.de,TRUE,FALSE
rheaheraldnews.com,TRUE,FALSE
cnbc.com,TRUE,FALSE
buffalonews.com,TRUE,FALSE
unido.com,TRUE,FALSE
bigspringherald.com,TRUE,FALSE
southwales-eveningpost.co.uk,TRUE,FALSE
vecernikpv.cz,TRUE,FALSE
wsj.com,TRUE,FALSE
betanews.com,TRUE,FALSE
lastampa.it,TRUE,FALSE
vindy.com,TRUE,FALSE
unghiul.info,TRUE,FALSE
brisbanetimes.com.au,TRUE,FALSE
nwemail.co.uk,TRUE,FALSE
stamfordadvocate.com,TRUE,FALSE
wnct.com,TRUE,FALSE
banksnewstoday.com,TRUE,FALSE
thejakartapost.com,TRUE,FALSE
lmtonline.com,TRUE,FALSE
smcitizen.com,TRUE,FALSE
rozhlas.cz,TRUE,FALSE
refinery29.com,TRUE,FALSE
the-daily-record.com,TRUE,FALSE
lamarledger.com,TRUE,FALSE
chip.cz,TRUE,FALSE
khastv.com,TRUE,FALSE
morganhilltimes.com,TRUE,FALSE
baymillsnews.com,TRUE,FALSE
swcbulletin.com,TRUE,FALSE
news.thesunontheweb.com,TRUE,FALSE
avisa-hordaland.no,TRUE,FALSE
lusomotores.com,TRUE,FALSE
cqnews.net,TRUE,FALSE
azdailysun.com,TRUE,FALSE
cancan.ro,TRUE,FALSE
cugetliber.ro,TRUE,FALSE
minicassia.com,TRUE,FALSE
shz.de,TRUE,FALSE
tejuka-lehti.fi,TRUE,FALSE
ant1iwo.com,TRUE,FALSE
ka-news.de,TRUE,FALSE
avl.fi,TRUE,FALSE
metropolisweb.it,TRUE,FALSE
fugas.publico.pt,TRUE,FALSE
eurosport.ru,TRUE,FALSE
unitedliberty.org,TRUE,FALSE
leoweekly.com,TRUE,FALSE
catoosanews.com,TRUE,FALSE
masters.com,TRUE,FALSE
current-movie-reviews.com,TRUE,FALSE
stmarynow.com,TRUE,FALSE
chipleybugle.com,TRUE,FALSE
natemat.pl,TRUE,FALSE
iltalehti.fi,TRUE,FALSE
wisbech-standard.co.uk,TRUE,FALSE
wthr.com,TRUE,FALSE
catholicherald.co.uk,TRUE,FALSE
tmj4.com,TRUE,FALSE
sptfm.ro,TRUE,FALSE
joutsanseutu.fi,TRUE,FALSE
abqjournal.com,TRUE,FALSE
engadinerpost.ch,TRUE,FALSE
mynews13.com,TRUE,FALSE
proactiveinvestors.co.uk,TRUE,FALSE
mskomi.ru,TRUE,FALSE
secnews.gr,TRUE,FALSE
hiphopwired.com,TRUE,FALSE
salina.com,TRUE,FALSE
dziennikwschodni.pl,TRUE,FALSE
tullamoretribune.ie,TRUE,FALSE
blackmountainnews.com,TRUE,FALSE
geology.com,TRUE,FALSE
hermistonherald.com,TRUE,FALSE
delmagyar.hu,TRUE,FALSE
vogue.com,TRUE,FALSE
abc27.com,TRUE,FALSE
newjerseyhills.com,TRUE,FALSE
meppelercourant.nl,TRUE,FALSE
giessener-anzeiger.de,TRUE,FALSE
novostivl.ru,TRUE,FALSE
tribunatreviso.gelocal.it,TRUE,FALSE
htafc.com,TRUE,FALSE
lemonde.fr,TRUE,FALSE
ru.wikipedia.org,TRUE,FALSE
takumasato.com,TRUE,FALSE
pbcommercial.com,TRUE,FALSE
irishexaminer.com,TRUE,FALSE
thehoosiertopics.com,TRUE,FALSE
charlotte.floridaweekly.com,TRUE,FALSE
klt.nu,TRUE,FALSE
dailytelegraph.com.au,TRUE,FALSE
global.espn.com,TRUE,FALSE
kommersant.ru,TRUE,FALSE
sandiegoreader.com,TRUE,FALSE
newzimbabwe.com,TRUE,FALSE
essexchronicle.co.uk,TRUE,FALSE
kansanuutiset.fi,TRUE,FALSE
carlyledaily.com,TRUE,FALSE
olomoucky.denik.cz,TRUE,FALSE
velvet.hu,TRUE,FALSE
cbc.ca,TRUE,FALSE
flavorwire.com,TRUE,FALSE
heraldandtribune.com,TRUE,FALSE
itemlive.com,TRUE,FALSE
thenewscenter.tv,TRUE,FALSE
thetd.com,TRUE,FALSE
br.blastingnews.com,TRUE,FALSE
montmorencytribune.com,TRUE,FALSE
thepeninsulaqatar.com,TRUE,FALSE
healthyliving.msn.com,TRUE,FALSE
navajotimes.com,TRUE,FALSE
24sata.hr,TRUE,FALSE
glavlist.ru,TRUE,FALSE
variety.com,TRUE,FALSE
starkvilledailynews.com,TRUE,FALSE
agrarheute.com,TRUE,FALSE
news.eizvestia.com,TRUE,FALSE
nieuws.vtm.be,TRUE,FALSE
hinews.cn,TRUE,FALSE
wbrz.com,TRUE,FALSE
thedailymash.co.uk,TRUE,FALSE
madata.gr,TRUE,FALSE
religiondispatches.org,TRUE,FALSE
howardstern.com,TRUE,FALSE
thegardenisland.com,TRUE,FALSE
ilpiccolo.gelocal.it,TRUE,FALSE
wishtv.com,TRUE,FALSE
showbiz411.com,TRUE,FALSE
eaglelakeheadlight.com,TRUE,FALSE
kiowacountysignal.com,TRUE,FALSE
ekriti.gr,TRUE,FALSE
dancor.sumy.ua,TRUE,FALSE
dsnews.ua,TRUE,FALSE
nfl.nbcsports.com,TRUE,FALSE
nwitimes.com,TRUE,FALSE
dailycamera.com,TRUE,FALSE
it24.idg.se,TRUE,FALSE
grandcanyonnews.com,TRUE,FALSE
ksml.fi,TRUE,FALSE
trojmiasto.eska.pl,TRUE,FALSE
sevastopolnews.info,TRUE,FALSE
ilhamaior.pt,TRUE,FALSE
sport.interia.pl,TRUE,FALSE
hegnar.no,TRUE,FALSE
yourdailyjournal.com,TRUE,FALSE
consumatrici.it,TRUE,FALSE
kelownadailycourier.ca,TRUE,FALSE
centervillewashingtontimes.com,TRUE,FALSE
thisisguernsey.com,TRUE,FALSE
hondoanvilherald.com,TRUE,FALSE
cricket.yahoo.com,TRUE,FALSE
ravallirepublic.com,TRUE,FALSE
flatheadbeacon.com,TRUE,FALSE
roma.repubblica.it,TRUE,FALSE
ktvz.com,TRUE,FALSE
sport.aktualne.cz,TRUE,FALSE
idigitaltimes.com,TRUE,FALSE
tri.gmnews.com,TRUE,FALSE
knbr.com,TRUE,FALSE
lagrangenews.com,TRUE,FALSE
mjtimes.sk.ca,TRUE,FALSE
lindalenews-times.com,TRUE,FALSE
phillymag.com,TRUE,FALSE
sa.no,TRUE,FALSE
williamsondailynews.com,TRUE,FALSE
jcnews.com,TRUE,FALSE
orangeleader.com,TRUE,FALSE
moonbattery.com,TRUE,FALSE
km.ru,TRUE,FALSE
gladstoneobserver.com.au,TRUE,FALSE
alleghanynews.com,TRUE,FALSE
dahe.cn,TRUE,FALSE
buddytv.com,TRUE,FALSE
jornalcarrilhao.com,TRUE,FALSE
theboltonnews.co.uk,TRUE,FALSE
nabludatel.ru,TRUE,FALSE
gorhamtimes.com,TRUE,FALSE
spanish.peopledaily.com.cn,TRUE,FALSE
montgomeryadvertiser.com,TRUE,FALSE
dire.it,TRUE,FALSE
berthoudrecorder.com,TRUE,FALSE
jeffersonstarnews.com,TRUE,FALSE
leamingtonobserver.co.uk,TRUE,FALSE
nordlittoral.fr,TRUE,FALSE
e-politic.ro,TRUE,FALSE
whitehalljournal.com,TRUE,FALSE
phillyburbs.com,TRUE,FALSE
balkanmagazin.net,TRUE,FALSE
eadt.co.uk,TRUE,FALSE
kolinskypres.cz,TRUE,FALSE
riverheadnewsreview.timesreview.com,TRUE,FALSE
virumaateataja.ee,TRUE,FALSE
lecourriercauchois.fr,TRUE,FALSE
coloradonewsagency.com,TRUE,FALSE
americanpress.com,TRUE,FALSE
mywestvalleyjournal.com,TRUE,FALSE
nbcsports.com,TRUE,FALSE
wahoo-ashland-waverly.com,TRUE,FALSE
the-messenger.com,TRUE,FALSE
franklincountytimes.com,TRUE,FALSE
dailypress.net,TRUE,FALSE
willistonherald.com,TRUE,FALSE
news.liga.net,TRUE,FALSE
ksdk.com,TRUE,FALSE
dawn.com,TRUE,FALSE
themountainmail.com,TRUE,FALSE
joutsenolehti.fi,TRUE,FALSE
delmarvanow.com,TRUE,FALSE
eltiempo.com,TRUE,FALSE
lonokenews.net,TRUE,FALSE
patriotpost.com,TRUE,FALSE
dimokratiki.gr,TRUE,FALSE
press-herald.com,TRUE,FALSE
cincinnatibell.net,TRUE,FALSE
flagpole.com,TRUE,FALSE
lonesomevalleynewspaper.com,TRUE,FALSE
jm-madeira.pt,TRUE,FALSE
elsol.com.ar,TRUE,FALSE
nowmagazine.co.uk,TRUE,FALSE
vn.nl,TRUE,FALSE
abc7chicago.com,TRUE,FALSE
today.com,TRUE,FALSE
dailytidings.com,TRUE,FALSE
gorod55.ru,TRUE,FALSE
salisburyjournal.co.uk,TRUE,FALSE
lavozdebrazoriacounty.com,TRUE,FALSE
superiorne.com,TRUE,FALSE
newyorker.com,TRUE,FALSE
thehollywoodgossip.com,TRUE,FALSE
bolivarcom.com,TRUE,FALSE
observer.ug,TRUE,FALSE
leroypennysavernews.com,TRUE,FALSE
metrotimes.com,TRUE,FALSE
leftlanenews.com,TRUE,FALSE
listener.co.nz,TRUE,FALSE
ostannipodii.com,TRUE,FALSE
propertyobserver.com.au,TRUE,FALSE
wbur.org,TRUE,FALSE
smedia.rs,TRUE,FALSE
sdgnewsgroup.com,TRUE,FALSE
theweekender.com,TRUE,FALSE
cnb.cz,TRUE,FALSE
kindaposten.se,TRUE,FALSE
trademagazin.hu,TRUE,FALSE
macombdaily.com,TRUE,FALSE
jeversches-wochenblatt.de,TRUE,FALSE
timesofindia.indiatimes.com,TRUE,FALSE
kfor.com,TRUE,FALSE
news.brevardtimes.com,TRUE,FALSE
mixonline.hu,TRUE,FALSE
southwesttimes.com,TRUE,FALSE
jungefreiheit.de,TRUE,FALSE
manager.money.pl,TRUE,FALSE
laprovince.be,TRUE,FALSE
novaja.lv,TRUE,FALSE
wednesdayjournalonline.com,TRUE,FALSE
14news.com,TRUE,FALSE
weirtondailytimes.com,TRUE,FALSE
buckeyelakebeacon.net,TRUE,FALSE
datanews.levif.be,TRUE,FALSE
nascar.nbcsports.com,TRUE,FALSE
optuszoo.com.au,TRUE,FALSE
solomonstarnews.com,TRUE,FALSE
iqilu.com,TRUE,FALSE
princetonherald.com,TRUE,FALSE
it.uefa.com,TRUE,FALSE
secondnexus.com,TRUE,FALSE
denik.obce.cz,TRUE,FALSE
theneighbornewspapers.com,TRUE,FALSE
channel24.co.za,TRUE,FALSE
wsaz.com,TRUE,FALSE
radiomayak.ru,TRUE,FALSE
todaysport.it,TRUE,FALSE
tirol.orf.at,TRUE,FALSE
postindependent.com,TRUE,FALSE
worcesternews.co.uk,TRUE,FALSE
polityka.pl,TRUE,FALSE
tuamherald.ie,TRUE,FALSE
soloneconomist.com,TRUE,FALSE
nv-online.info,TRUE,FALSE
gazeta2x2.ru,TRUE,FALSE
waterburyobserver.org,TRUE,FALSE
glas-slavonije.hr,TRUE,FALSE
standardspeaker.com,TRUE,FALSE
oregonherald.com,TRUE,FALSE
inews880.com,TRUE,FALSE
topky.sk,TRUE,FALSE
fhm.com,TRUE,FALSE
att.net,TRUE,FALSE
pasadenaweekly.com,TRUE,FALSE
techradar.com,TRUE,FALSE
economictimes.indiatimes.com,TRUE,FALSE
berliner-kurier.de,TRUE,FALSE
arkansasweekly.com,TRUE,FALSE
americanmilitarynews.com,TRUE,FALSE
rochellenews-leader.com,TRUE,FALSE
phuketwan.com,TRUE,FALSE
diariodeibiza.es,TRUE,FALSE
ilcorrierecitta.com,TRUE,FALSE
computerhoy.com,TRUE,FALSE
gazeta.ee,TRUE,FALSE
thefoothillspaper.com,TRUE,FALSE
tribune.com.ng,TRUE,FALSE
eptrail.com,TRUE,FALSE
nationaljournal.com,TRUE,FALSE
ncaa.org,TRUE,FALSE
obozrevatel.com,TRUE,FALSE
reviewonline.com,TRUE,FALSE
ballymenaguardian.co.uk,TRUE,FALSE
cinetelerevue.be,TRUE,FALSE
focus.pl,TRUE,FALSE
buzzsugar.com,TRUE,FALSE
keepmecurrent.com,TRUE,FALSE
burtonmail.co.uk,TRUE,FALSE
consumerfinancedaily.com,TRUE,FALSE
doorcountyadvocate.com,TRUE,FALSE
regiao-sul.pt,TRUE,FALSE
wandtv.com,TRUE,FALSE
elnuevoherald.com,TRUE,FALSE
ncronline.org,TRUE,FALSE
esporte.uol.com.br,TRUE,FALSE
ibnlive.in.com,TRUE,FALSE
freestonecountytimesonline.com,TRUE,FALSE
sport24.lefigaro.fr,TRUE,FALSE
middlesborodailynews.com,TRUE,FALSE
filmserver.cz,TRUE,FALSE
kjas.com,TRUE,FALSE
legalnews.com,TRUE,FALSE
lascrucesbulletin.com,TRUE,FALSE
dobreprogramy.pl,TRUE,FALSE
tiphero.com,TRUE,FALSE
examiner.net,TRUE,FALSE
stornowaygazette.co.uk,TRUE,FALSE
mv-online.de,TRUE,FALSE
salon.com,TRUE,FALSE
gbcghana.com,TRUE,FALSE
aviationweek.com,TRUE,FALSE
yalibnan.com,TRUE,FALSE
anphoblacht.com,TRUE,FALSE
horror-movies.ca,TRUE,FALSE
cio.com,TRUE,FALSE
dailyecho.co.uk,TRUE,FALSE
wvva.com,TRUE,FALSE
socialitelife.com,TRUE,FALSE
orovillemr.com,TRUE,FALSE
reporter.gr,TRUE,FALSE
midwestmessenger.com,TRUE,FALSE
plotek.pl,TRUE,FALSE
thetuskegeenews.com,TRUE,FALSE
bozenachlabiczpolak.natemat.pl,TRUE,FALSE
waff.com,TRUE,FALSE
vegasinc.com,TRUE,FALSE
howstuffworks.com,TRUE,FALSE
mid-day.com,TRUE,FALSE
timespublications.com,TRUE,FALSE
telestar.fr,TRUE,FALSE
iisalmensanomat.fi,TRUE,FALSE
autos.msn.com,TRUE,FALSE
canaltech.com.br,TRUE,FALSE
bendigoadvertiser.com.au,TRUE,FALSE
e-svet.e15.cz,TRUE,FALSE
forschung-und-wissen.de,TRUE,FALSE
opinione.it,TRUE,FALSE
quotidiano.net,TRUE,FALSE
wnoz.de,TRUE,FALSE
healio.com,TRUE,FALSE
bathchronicle.co.uk,TRUE,FALSE
newstopic.net,TRUE,FALSE
kfiam640.com,TRUE,FALSE
reviewjournal.com,TRUE,FALSE
varingen.no,TRUE,FALSE
smokymountainnews.com,TRUE,FALSE
jdcorse.fr,TRUE,FALSE
superseriale.se.pl,TRUE,FALSE
modbee.com,TRUE,FALSE
hindustantimes.com,TRUE,FALSE
miltonkeynes.co.uk,TRUE,FALSE
gloucestershireecho.co.uk,TRUE,FALSE
mansfieldnewsjournal.com,TRUE,FALSE
ilecamera.com,TRUE,FALSE
geek.com,TRUE,FALSE
godanriver.com,TRUE,FALSE
coastlinepilot.com,TRUE,FALSE
newjerseyhills.com,TRUE,FALSE
galaxgazette.com,TRUE,FALSE
zahranicni.ihned.cz,TRUE,FALSE
cbs47.tv,TRUE,FALSE
themillerpress.com,TRUE,FALSE
sciencemag.org,TRUE,FALSE
channel4.com,TRUE,FALSE
theheraldtimes.com,TRUE,FALSE
newpraguetimes.com,TRUE,FALSE
kingstonguardian.co.uk,TRUE,FALSE
gastriklandstidning.se,TRUE,FALSE
delovoy.zp.ua,TRUE,FALSE
vedomosti.ru,TRUE,FALSE
ca.omg.yahoo.com,TRUE,FALSE
kreiszeitung-wochenblatt.de,TRUE,FALSE
americanidol.com,TRUE,FALSE
yourjewishnews.com,TRUE,FALSE
theexponent.com,TRUE,FALSE
moto.pb.pl,TRUE,FALSE
mortontimesnews.com,TRUE,FALSE
breclavsky.denik.cz,TRUE,FALSE
offalyindependent.ie,TRUE,FALSE
infolibre.es,TRUE,FALSE
vandalialeader.com,TRUE,FALSE
wxii12.com,TRUE,FALSE
upworthy.com,TRUE,FALSE
revue.idnes.cz,TRUE,FALSE
hub.gmnews.com,TRUE,FALSE
haparandabladet.se,TRUE,FALSE
11alive.com,TRUE,FALSE
paloaltoonline.com,TRUE,FALSE
echl.com,TRUE,FALSE
caribbean360.com,TRUE,FALSE
yourlifechoices.com.au,TRUE,FALSE
glasgowsouthandeastwoodextra.co.uk,TRUE,FALSE
polskatimes.pl,TRUE,FALSE
81.cn,TRUE,FALSE
rheinpfalz.de,TRUE,FALSE
norran.se,TRUE,FALSE
capitolhilltimes.com,TRUE,FALSE
corkindependent.com,TRUE,FALSE
politis-news.com,TRUE,FALSE
168ora.hu,TRUE,FALSE
swiftcountymonitor.com,TRUE,FALSE
24.sapo.pt,TRUE,FALSE
bkz-online.de,TRUE,FALSE
m.faz.net:faz.net,TRUE,FALSE
columbia.htnp.com,TRUE,FALSE
gazetaolsztynska.pl,TRUE,FALSE
m.nemzetisport.hu:nemzetisport.hu,TRUE,FALSE
defence.lk,TRUE,FALSE
trurodaily.com,TRUE,FALSE
egear.be,TRUE,FALSE
tvnz.co.nz,TRUE,FALSE
nicematin.com,TRUE,FALSE
brandoninfo.com,TRUE,FALSE
realclearpolitics.com,TRUE,FALSE
somogyihirlap.hu,TRUE,FALSE
rawstory.com,TRUE,FALSE
rocket-courier.com,TRUE,FALSE
economia.uol.com.br,TRUE,FALSE
magicvalleypublishing.com,TRUE,FALSE
sheridanmedia.com,TRUE,FALSE
steelcountrybee.com,TRUE,FALSE
foxcarolina.com,TRUE,FALSE
isportstimes.com,TRUE,FALSE
nos.nl,TRUE,FALSE
poznan.eska.pl,TRUE,FALSE
boothbayregister.com,TRUE,FALSE
carmichaeltimes.com,TRUE,FALSE
dailytribune.net,TRUE,FALSE
sportishqiptar.com.al,TRUE,FALSE
canyon-news.com,TRUE,FALSE
gazzetta.it,TRUE,FALSE
tribunact.com,TRUE,FALSE
freebeacon.com,TRUE,FALSE
calgaryherald.com,TRUE,FALSE
rotowire.com,TRUE,FALSE
cantondailyledger.com,TRUE,FALSE
thechronicle.com,TRUE,FALSE
tribalfootball.com,TRUE,FALSE
fortmyersbeachtalk.com,TRUE,FALSE
newryreporter.com,TRUE,FALSE
stjamesnews.com,TRUE,FALSE
chieflandcitizen.com,TRUE,FALSE
fiawtcc.com,TRUE,FALSE
economiahoy.mx,TRUE,FALSE
senate.gov,TRUE,FALSE
minutemennews.com,TRUE,FALSE
mts.ru,TRUE,FALSE
geeky-gadgets.com,TRUE,FALSE
rantalakeus.fi,TRUE,FALSE
3news.co.nz,TRUE,FALSE
jcfloridan.com,TRUE,FALSE
potinsnews.com,TRUE,FALSE
hit-channel.com,TRUE,FALSE
dailysignal.com,TRUE,FALSE
parana-online.com.br,TRUE,FALSE
yorkpress.co.uk,TRUE,FALSE
gram.pl,TRUE,FALSE
echo-online.de,TRUE,FALSE
updateamerica.com,TRUE,FALSE
journalpioneer.com,TRUE,FALSE
footballfancast.com,TRUE,FALSE
theleafchronicle.com,TRUE,FALSE
wmicentral.com,TRUE,FALSE
threeriverspublishing.com,TRUE,FALSE
tubantia.nl,TRUE,FALSE
thereporteronline.com,TRUE,FALSE
alliancetimes.com,TRUE,FALSE
ruskarec.ru,TRUE,FALSE
antigodailyjournal.com,TRUE,FALSE
queerty.com,TRUE,FALSE
achievementsnews.co.uk,TRUE,FALSE
star.gr,TRUE,FALSE
thecumberlandview.com,TRUE,FALSE
centre-view.com,TRUE,FALSE
pielavesi-keitele.fi,TRUE,FALSE
latinzine.msn.com,TRUE,FALSE
businessonline.it,TRUE,FALSE
exeterexpressandecho.co.uk,TRUE,FALSE
wandsworthguardian.co.uk,TRUE,FALSE
wktimes.co.uk,TRUE,FALSE
ehgazette.com,TRUE,FALSE
mountainadvocate.com,TRUE,FALSE
fool.co.uk,TRUE,FALSE
cricketcountry.com,TRUE,FALSE
news.at,TRUE,FALSE
westkentuckystar.com,TRUE,FALSE
news9.com,TRUE,FALSE
food24.ilsole24ore.com,TRUE,FALSE
imperialrepublican.com,TRUE,FALSE
newsok.com,TRUE,FALSE
fsgnews.com,TRUE,FALSE
el3devuit.cat,TRUE,FALSE
thetottenhamindependent.co.uk,TRUE,FALSE
watertowndailytimes.com,TRUE,FALSE
groruddalen.no,TRUE,FALSE
iguru.gr,TRUE,FALSE
vntyfr.com,TRUE,FALSE
voanoticias.com,TRUE,FALSE
thenewamerican.com,TRUE,FALSE
lkz.de,TRUE,FALSE
jn.pt,TRUE,FALSE
newberggraphic.com,TRUE,FALSE
rantouldaily.com,TRUE,FALSE
bitterrootstar.com,TRUE,FALSE
spb.sovsport.ru,TRUE,FALSE
homertribune.com,TRUE,FALSE
crossville-chronicle.com,TRUE,FALSE
volksblatt.li,TRUE,FALSE
kkuriren.se,TRUE,FALSE
toledonewsnow.com,TRUE,FALSE
tunicatimes.com,TRUE,FALSE
dagensjuridik.se,TRUE,FALSE
football411.com,TRUE,FALSE
dn.se,TRUE,FALSE
atkinschronicle.com,TRUE,FALSE
sunlive.co.nz,TRUE,FALSE
fluvannareview.com,TRUE,FALSE
novadnieks.lv,TRUE,FALSE
echopress.com,TRUE,FALSE
strefabiznesu.gazetakrakowska.pl,TRUE,FALSE
noticiasdenavarra.com,TRUE,FALSE
clearwatertribune.com,TRUE,FALSE
bta.bg,TRUE,FALSE
lincolncountynewsonline.com,TRUE,FALSE
hertfordshiremercury.co.uk,TRUE,FALSE
ny1.com,TRUE,FALSE
eaglesrant.com,TRUE,FALSE
m.contra.gr:contra.gr,TRUE,FALSE
newjerseyhills.com,TRUE,FALSE
f1grandprix.motorionline.com,TRUE,FALSE
kijkmagazine.nl,TRUE,FALSE
healthcitysun.com,TRUE,FALSE
rts.ch,TRUE,FALSE
floridatoday.com,TRUE,FALSE
newstalk.com,TRUE,FALSE
wwd.com,TRUE,FALSE
telegraphindia.com,TRUE,FALSE
pardubicky.denik.cz,TRUE,FALSE
gradjanskioglasnik.rs,TRUE,FALSE
ultimosegundo.ig.com.br,TRUE,FALSE
musica.uol.com.br,TRUE,FALSE
ajc.com,TRUE,FALSE
die-tagespost.de,TRUE,FALSE
tribtown.com,TRUE,FALSE
wtva.com,TRUE,FALSE
alquds.co.uk,TRUE,FALSE
metro.fi,TRUE,FALSE
hclocal.com,TRUE,FALSE
southbrunswickpost.com,TRUE,FALSE
corrierefiorentino.corriere.it,TRUE,FALSE
verianet.gr,TRUE,FALSE
dnainfo.com,TRUE,FALSE
dailycommercial.com,TRUE,FALSE
sudinfo.be,TRUE,FALSE
getsurrey.co.uk,TRUE,FALSE
swindonadvertiser.co.uk,TRUE,FALSE
nwzonline.de,TRUE,FALSE
dailytech.com,TRUE,FALSE
ruralnorthwest.com,TRUE,FALSE
tv.ua,TRUE,FALSE
cowetaamerican.com,TRUE,FALSE
rannikkoseudunsanomat.fi,TRUE,FALSE
blanconews.com,TRUE,FALSE
bowlinggreentimes.com,TRUE,FALSE
lavozdigital.es,TRUE,FALSE
theparisnews.com,TRUE,FALSE
thereporter.com,TRUE,FALSE
tharrosnews.gr,TRUE,FALSE
nlcafe.hu,TRUE,FALSE
parkrecord.com,TRUE,FALSE
thetoccoarecord.com,TRUE,FALSE
rasmussenreports.com,TRUE,FALSE
firehouse.com,TRUE,FALSE
sangrechronicle.com,TRUE,FALSE
phys.org,TRUE,FALSE
wtop.com,TRUE,FALSE
channelstv.com,TRUE,FALSE
woman.ru,TRUE,FALSE
cronica.com.mx,TRUE,FALSE
thinkprogress.org,TRUE,FALSE
jonesborosun.com,TRUE,FALSE
take40.com,TRUE,FALSE
spokesman.com,TRUE,FALSE
kffl.com,TRUE,FALSE
kstp.com,TRUE,FALSE
finews.ch,TRUE,FALSE
kpopstarz.com,TRUE,FALSE
wkyt.com,TRUE,FALSE
money.bg,TRUE,FALSE
abclocal.go.com,TRUE,FALSE
libertaddigital.com,TRUE,FALSE
masoncountydemocrat.com,TRUE,FALSE
presspubs.com,TRUE,FALSE
alexcityoutlook.com,TRUE,FALSE
ledger-enquirer.com,TRUE,FALSE
eveningstar.co.uk,TRUE,FALSE
ozaukeepress.com,TRUE,FALSE
ceskapozice.lidovky.cz,TRUE,FALSE
southeastsun.com,TRUE,FALSE
nol.hu,TRUE,FALSE
lifeandstylemag.com,TRUE,FALSE
thedahloneganugget.com,TRUE,FALSE
tf1.fr,TRUE,FALSE
moustique.be,TRUE,FALSE
evrytanika.gr,TRUE,FALSE
aljazeera.com,TRUE,FALSE
dailymaverick.co.za,TRUE,FALSE
banburycake.co.uk,TRUE,FALSE
kultura.eurozpravy.cz,TRUE,FALSE
vicksburgpost.com,TRUE,FALSE
rondoniaovivo.com,TRUE,FALSE
autosport.com,TRUE,FALSE
hamlethub.com,TRUE,FALSE
cabinet.com,TRUE,FALSE
tucsoncitizen.com,TRUE,FALSE
delcotimes.com,TRUE,FALSE
foxnewsinsider.com,TRUE,FALSE
theminiaturespage.com,TRUE,FALSE
baon.hu,TRUE,FALSE
hirstart.hu,TRUE,FALSE
jamaicaobserver.com,TRUE,FALSE
13newsnow.com,TRUE,FALSE
citizen-times.com,TRUE,FALSE
sxdaily.com.cn,TRUE,FALSE
brewtonstandard.com,TRUE,FALSE
bangaloremirror.com,TRUE,FALSE
biznes.newsweek.pl,TRUE,FALSE
baltimoreguide.com,TRUE,FALSE
sport.ro,TRUE,FALSE
elimaensanomat.fi,TRUE,FALSE
ewn.co.za,TRUE,FALSE
news.wjct.org,TRUE,FALSE
stadio24.com,TRUE,FALSE
tyum-pravda.ru,TRUE,FALSE
commercejournal.com,TRUE,FALSE
gazetavaii.ro,TRUE,FALSE
lultimaribattuta.it,TRUE,FALSE
people.com,TRUE,FALSE
molallapioneer.com,TRUE,FALSE
leadertelegram.com,TRUE,FALSE
nuevatribuna.es,TRUE,FALSE
information.dk,TRUE,FALSE
boerse-express.com,TRUE,FALSE
newjerseyhills.com,TRUE,FALSE
postandcourier.com,TRUE,FALSE
pikecountygeorgia.com,TRUE,FALSE
theretrospect.com,TRUE,FALSE
fa-mag.com,TRUE,FALSE
kingcityrustler.com,TRUE,FALSE
rosenheim24.de,TRUE,FALSE
etonline.com,TRUE,FALSE
vilt.be,TRUE,FALSE
sentinelandenterprise.com,TRUE,FALSE
kath.net,TRUE,FALSE
thenationonlineng.net,TRUE,FALSE
rosevilletoday.com,TRUE,FALSE
portal.wowway.net,TRUE,FALSE
stwnewspress.com,TRUE,FALSE
thisisbrowncounty.com,TRUE,FALSE
pinkbike.com,TRUE,FALSE
dunmow-broadcast.co.uk,TRUE,FALSE
edinburghnews.scotsman.com,TRUE,FALSE
kcrg.com,TRUE,FALSE
dfw.cbslocal.com,TRUE,FALSE
cltv.com,TRUE,FALSE
dallasnews.com,TRUE,FALSE
pewresearch.org,TRUE,FALSE
thereminder.com,TRUE,FALSE
thewestonmercury.co.uk,TRUE,FALSE
paddocktalk.com,TRUE,FALSE
thetallahasseenews.com,TRUE,FALSE
whnt.com,TRUE,FALSE
thetimestribune.com,TRUE,FALSE
gvnews.com,TRUE,FALSE
scanews.com,TRUE,FALSE
cliftonrecord.com,TRUE,FALSE
job.fanpage.it,TRUE,FALSE
publico.es,TRUE,FALSE
sportowefakty.wp.pl,TRUE,FALSE
itresenja.com,TRUE,FALSE
kmbc.com,TRUE,FALSE
cknj.com,TRUE,FALSE
onlineathens.com,TRUE,FALSE
ijreview.com,TRUE,FALSE
theatlanticcities.com,TRUE,FALSE
bradblog.com,TRUE,FALSE
myprogressnews.com,TRUE,FALSE
iaaf.org,TRUE,FALSE
thisisderbyshire.co.uk,TRUE,FALSE
memphisdailynews.com,TRUE,FALSE
ameinfo.com,TRUE,FALSE
thedailyworld.com,TRUE,FALSE
kshb.com,TRUE,FALSE
kcchiefs.com,TRUE,FALSE
basellandschaftlichezeitung.ch,TRUE,FALSE
gmanetwork.com,TRUE,FALSE
vesthimmerlandsavis.dk,TRUE,FALSE
bdlive.co.za,TRUE,FALSE
video.ilmessaggero.it,TRUE,FALSE
nm.md,TRUE,FALSE
wp.pl,TRUE,FALSE
texarkanagazette.com,TRUE,FALSE
sss.fi,TRUE,FALSE
delphosherald.com,TRUE,FALSE
presspubs.com,TRUE,FALSE
epl.delfi.ee,TRUE,FALSE
hoopshype.com,TRUE,FALSE
germandailynews.com,TRUE,FALSE
notiziefree.it,TRUE,FALSE
hawaiistar.com,TRUE,FALSE
algona.com,TRUE,FALSE
newyorktimes.com,TRUE,FALSE
promotor.ro,TRUE,FALSE
angrywhitedude.com,TRUE,FALSE
union-bulletin.com,TRUE,FALSE
laramieboomerang.com,TRUE,FALSE
aachener-nachrichten.de,TRUE,FALSE
loviisansanomat.net,TRUE,FALSE
chesterchronicle.co.uk,TRUE,FALSE
jurnalbihorean.ro,TRUE,FALSE
spcitytimes.com,TRUE,FALSE
vesti-online.com,TRUE,FALSE
haller-kreisblatt.de,TRUE,FALSE
pcgameshardware.de,TRUE,FALSE
wbng.com,TRUE,FALSE
pres-centr.ck.ua,TRUE,FALSE
ekantipur.com,TRUE,FALSE
vesti.bg,TRUE,FALSE
onbeing.org,TRUE,FALSE
thedailyshow.com,TRUE,FALSE
wpr.org,TRUE,FALSE
persinfo.org,TRUE,FALSE
regiony.impuls.cz,TRUE,FALSE
autocarindia.com,TRUE,FALSE
lalibre.be,TRUE,FALSE
sipoonsanomat.fi,TRUE,FALSE
allwrestling.com,TRUE,FALSE
brno.idnes.cz,TRUE,FALSE
wokv.com,TRUE,FALSE
vladnews.ru,TRUE,FALSE
profitline.hu,TRUE,FALSE
kmov.com,TRUE,FALSE
dagbladet.no,TRUE,FALSE
sportfair.it,TRUE,FALSE
mmafighting.com,TRUE,FALSE
limerickpost.ie,TRUE,FALSE
journalrecord.com,TRUE,FALSE
ona.idnes.cz,TRUE,FALSE
firstshowing.net,TRUE,FALSE
freshplaza.com,TRUE,FALSE
sportskacentrala.com,TRUE,FALSE
powned.tv,TRUE,FALSE
pt.aleteia.org,TRUE,FALSE
vlt.se,TRUE,FALSE
foreignpolicy.com,TRUE,FALSE
independentri.com,TRUE,FALSE
ethiosports.com,TRUE,FALSE
scotsman.com,TRUE,FALSE
troublesomecreektimes.com,TRUE,FALSE
marketeer.pt,TRUE,FALSE
njherald.com,TRUE,FALSE
newbritainherald.com,TRUE,FALSE
contra.gr,TRUE,FALSE
groupelavenir.org,TRUE,FALSE
messengernewspapers.co.uk,TRUE,FALSE
yahoo.net,TRUE,FALSE
ldnews.com,TRUE,FALSE
rsi.ch,TRUE,FALSE
thenewage.co.za,TRUE,FALSE
golf.nl,TRUE,FALSE
osel.cz,TRUE,FALSE
pinerivertimes.com,TRUE,FALSE
harrisondaily.com,TRUE,FALSE
lakegenevanews.net,TRUE,FALSE
campusreform.org,TRUE,FALSE
ndtv.com,TRUE,FALSE
9and10news.com,TRUE,FALSE
dailytimes.com,TRUE,FALSE
tecnicadellascuola.it,TRUE,FALSE
vanhornadvocate.com,TRUE,FALSE
c7nema.net,TRUE,FALSE
poznan.wyborcza.pl,TRUE,FALSE
thecr.com,TRUE,FALSE
obantimes.co.uk,TRUE,FALSE
stowetoday.com,TRUE,FALSE
caribnewsdesk.com,TRUE,FALSE
sunnhordland.no,TRUE,FALSE
chickashanews.com,TRUE,FALSE
iltirreno.gelocal.it,TRUE,FALSE
defense.gov,TRUE,FALSE
enallaxnews.gr,TRUE,FALSE
novosti.rs,TRUE,FALSE
orchardparkbee.com,TRUE,FALSE
evesun.com,TRUE,FALSE
larepublica.pe,TRUE,FALSE
zachod.pl,TRUE,FALSE
arbejderen.dk,TRUE,FALSE
wnyt.com,TRUE,FALSE
lalsace.fr,TRUE,FALSE
abcnyheter.no,TRUE,FALSE
alo.rs,TRUE,FALSE
es.euronews.com,TRUE,FALSE
cannoncourier.com,TRUE,FALSE
27east.com,TRUE,FALSE
comicsands.com,TRUE,FALSE
kenlynews.com,TRUE,FALSE
archiweb.cz,TRUE,FALSE
kotaku.com,TRUE,FALSE
wmtw.com,TRUE,FALSE
sport.aktuality.sk,TRUE,FALSE
grantcountypress.com,TRUE,FALSE
rdrnews.com,TRUE,FALSE
vp-mi.com,TRUE,FALSE
suupohjansanomat.fi,TRUE,FALSE
6cero.com,TRUE,FALSE
choctawplaindealer.com,TRUE,FALSE
eurosport.onet.pl,TRUE,FALSE
nrtwc.org,TRUE,FALSE
wellandtribune.ca,TRUE,FALSE
toacorn.com,TRUE,FALSE
gp.by,TRUE,FALSE
regnum.ru,TRUE,FALSE
theintelligencer.com,TRUE,FALSE
elwoodpublishing.com,TRUE,FALSE
hamlethub.com,TRUE,FALSE
sport.newsweek.pl,TRUE,FALSE
guardian-series.co.uk,TRUE,FALSE
diarioviseu.pt,TRUE,FALSE
ikypros.com,TRUE,FALSE
blackenterprise.com,TRUE,FALSE
dziennikzachodni.pl,TRUE,FALSE
frankstoncitizen.com,TRUE,FALSE
vanburencountydem.com,TRUE,FALSE
fortmilltimes.com,TRUE,FALSE
mywebtimes.com,TRUE,FALSE
stream24.ilsole24ore.com,TRUE,FALSE
gorodn.ru,TRUE,FALSE
moneyweb.co.za,TRUE,FALSE
turnagaintimes.com,TRUE,FALSE
brantfordexpositor.ca,TRUE,FALSE
sport.pl,TRUE,FALSE
ktre.com,TRUE,FALSE
instyle.com,TRUE,FALSE
vanderbiltmich.com,TRUE,FALSE
truthout.org,TRUE,FALSE
newsvm.com,TRUE,FALSE
pocketpc.ch,TRUE,FALSE
woonsocketcall.com,TRUE,FALSE
perthnow.com.au,TRUE,FALSE
diez.hn,TRUE,FALSE
scottishfootballleague.com,TRUE,FALSE
journalnow.com,TRUE,FALSE
orangeandwhite.com,TRUE,FALSE
kiskegyed.blikk.hu,TRUE,FALSE
fontanka.ru,TRUE,FALSE
romandie.com,TRUE,FALSE
aquieuropa.com,TRUE,FALSE
reflector.com,TRUE,FALSE
inforadio.hu,TRUE,FALSE
thepostgame.com,TRUE,FALSE
daily-tribune.com,TRUE,FALSE
idahoworld.com,TRUE,FALSE
parameter.sk,TRUE,FALSE
heraldpalladium.com,TRUE,FALSE
bd.nl,TRUE,FALSE
latribunadealbacete.es,TRUE,FALSE
myfoxtampabay.com,TRUE,FALSE
sknvibes.com,TRUE,FALSE
havredailynews.com,TRUE,FALSE
bonnersferryherald.com,TRUE,FALSE
areawidenews.com,TRUE,FALSE
lapadania.com,TRUE,FALSE
burnetbulletin.com,TRUE,FALSE
eldoradospringsmo.com,TRUE,FALSE
zdnet.fr,TRUE,FALSE
republica.com,TRUE,FALSE
capitolwire.com,TRUE,FALSE
wvobserver.com,TRUE,FALSE
klartale.no,TRUE,FALSE
minyanville.com,TRUE,FALSE
edmontonjournal.com,TRUE,FALSE
parkstonadvance.com,TRUE,FALSE
spectator.sme.sk,TRUE,FALSE
cleveland19.com,TRUE,FALSE
chicago.suntimes.com,TRUE,FALSE
nbcnews.to,TRUE,FALSE
waltroper-zeitung.de,TRUE,FALSE
h-a.no,TRUE,FALSE
spettacoli.tiscali.it,TRUE,FALSE
soapnet.go.com,TRUE,FALSE
lakecountrysun.com,TRUE,FALSE
ideal.es,TRUE,FALSE
pratttribune.com,TRUE,FALSE
rantsports.com,TRUE,FALSE
rhinotimes.com,TRUE,FALSE
volokh.com,TRUE,FALSE
gaffneyledger.com,TRUE,FALSE
pastemagazine.com,TRUE,FALSE
insidebiz.com,TRUE,FALSE
limburger.nl,TRUE,FALSE
bartonchronicle.com,TRUE,FALSE
postcrescent.com,TRUE,FALSE
expres.ua,TRUE,FALSE
topsport.bg,TRUE,FALSE
10news.com,TRUE,FALSE
oheraldo.in,TRUE,FALSE
keskilaakso.fi,TRUE,FALSE
m.ilgiornale.it:ilgiornale.it,TRUE,FALSE
offalyexpress.ie,TRUE,FALSE
historia.wp.pl,TRUE,FALSE
schweizmagazin.ch,TRUE,FALSE
mackinacislandnews.com,TRUE,FALSE
scienceworldreport.com,TRUE,FALSE
daily-chronicle.com,TRUE,FALSE
coventry.htnp.com,TRUE,FALSE
ottawacitizen.com,TRUE,FALSE
eleftheria.gr,TRUE,FALSE
stevnsbladet.dk,TRUE,FALSE
dailyiowegian.com,TRUE,FALSE
amestrib.com,TRUE,FALSE
thecallnews.com,TRUE,FALSE
mont.ro,TRUE,FALSE
espalhafactos.com,TRUE,FALSE
jewishvoicesnj.org,TRUE,FALSE
merikarvialehti.fi,TRUE,FALSE
beliefnet.com,TRUE,FALSE
kunamelba.com,TRUE,FALSE
marklevinshow.com,TRUE,FALSE
lagaceta.com.ar,TRUE,FALSE
hollywood.com,TRUE,FALSE
inspireeducation.net.au,TRUE,FALSE
blog.fontanka.ru,TRUE,FALSE
pravda.ru,TRUE,FALSE
whitehousedossier.com,TRUE,FALSE
altustimes.com,TRUE,FALSE
m.wyborcza.pl:wyborcza.pl,TRUE,FALSE
telegram.com,TRUE,FALSE
sleepyeyeonline.com,TRUE,FALSE
thecreole.com,TRUE,FALSE
linkopingstidning.se,TRUE,FALSE
zita.be,TRUE,FALSE
snopes.com,TRUE,FALSE
drudgereport.com,TRUE,FALSE
ilgiorno.it,TRUE,FALSE
allehanda.se,TRUE,FALSE
rrdailyherald.com,TRUE,FALSE
newvision.co.ug,TRUE,FALSE
oakdaleleader.com,TRUE,FALSE
nooz.gr,TRUE,FALSE
jaynestars.com,TRUE,FALSE
patrisnews.com,TRUE,FALSE
ylojarvenuutiset.fi,TRUE,FALSE
smp.se,TRUE,FALSE
gilmermirror.com,TRUE,FALSE
hertsad.co.uk,TRUE,FALSE
blackwelljournaltribune.net,TRUE,FALSE
twcnews.com,TRUE,FALSE
carrollconews.com,TRUE,FALSE
cnb.cx,TRUE,FALSE
tiranatimes.com,TRUE,FALSE
refrigeratorinfo.com,TRUE,FALSE
fansided.com,TRUE,FALSE
welt.de,TRUE,FALSE
deseretnews.com,TRUE,FALSE
dailytimesleader.com,TRUE,FALSE
elheraldonews.com,TRUE,FALSE
suffolknewsherald.com,TRUE,FALSE
m.onet.pl:onet.pl,TRUE,FALSE
braseltonnewstoday.com,TRUE,FALSE
theadvocate.com,TRUE,FALSE
globalsecurity.org,TRUE,FALSE
democrats.org,TRUE,FALSE
aspendailynews.com,TRUE,FALSE
wintersexpress.com,TRUE,FALSE
jihlava.idnes.cz,TRUE,FALSE
wdio.com,TRUE,FALSE
coastalcourier.com,TRUE,FALSE
itweb.co.za,TRUE,FALSE
ru.tsn.ua,TRUE,FALSE
gulfnews.com,TRUE,FALSE
scsuntimes.com,TRUE,FALSE
burlington-record.com,TRUE,FALSE
propublica.org,TRUE,FALSE
dequincynews.com,TRUE,FALSE
auto.eurozpravy.cz,TRUE,FALSE
lagacetadesalamanca.es,TRUE,FALSE
sip.denik.cz,TRUE,FALSE
eveningtelegraph.co.uk,TRUE,FALSE
peoplesdefender.com,TRUE,FALSE
salaallehanda.com,TRUE,FALSE
mooresvilletribune.com,TRUE,FALSE
shl.fi,TRUE,FALSE
kingsvillerecord.com,TRUE,FALSE
sportal.de,TRUE,FALSE
moultrieobserver.com,TRUE,FALSE
bucksherald.co.uk,TRUE,FALSE
novamakedonija.com.mk,TRUE,FALSE
israelhayom.com,TRUE,FALSE
tv.com,TRUE,FALSE
runnersworld.com,TRUE,FALSE
newportri.com,TRUE,FALSE
dcnews.ro,TRUE,FALSE
splinternews.com,TRUE,FALSE
murraycountynews.net,TRUE,FALSE
thnews.com,TRUE,FALSE
commercialmotor.com,TRUE,FALSE
datanews.knack.be,TRUE,FALSE
journaloleme.com,TRUE,FALSE
remszeitung.de,TRUE,FALSE
gursesintour.com,TRUE,FALSE
day.kiev.ua,TRUE,FALSE
ard.de,TRUE,FALSE
ethnos.gr,TRUE,FALSE
jhm.fr,TRUE,FALSE
sungazette.com,TRUE,FALSE
vogue.co.uk,TRUE,FALSE
corydondemocrat.com,TRUE,FALSE
sonomawest.com,TRUE,FALSE
newsmonkey.be,TRUE,FALSE
lefigaro.fr,TRUE,FALSE
allegannews.com,TRUE,FALSE
nyteknik.se,TRUE,FALSE
sportsgrid.com,TRUE,FALSE
allafrica.com,TRUE,FALSE
nyheter24.se,TRUE,FALSE
hudsonpg.net,TRUE,FALSE
privredni.hr,TRUE,FALSE
pmnewsnigeria.com,TRUE,FALSE
thepeoplesentinel.com,TRUE,FALSE
westfaironline.com,TRUE,FALSE
campograndenews.com.br,TRUE,FALSE
exponent-telegram.com,TRUE,FALSE
elkvalleytimes.com,TRUE,FALSE
news.msn.ie,TRUE,FALSE
dziennik.pl,TRUE,FALSE
mydailyrecord.com,TRUE,FALSE
origin-prod.csnne.nbcsports.com,TRUE,FALSE
kentuckyderby.com,TRUE,FALSE
svz.de,TRUE,FALSE
winonadailynews.com,TRUE,FALSE
haveringpost.co.uk,TRUE,FALSE
newspress.com,TRUE,FALSE
burnstimesherald.info,TRUE,FALSE
edruva.lv,TRUE,FALSE
nutpub.net,TRUE,FALSE
americanthinker.com,TRUE,FALSE
limaohio.com,TRUE,FALSE
thescottishsun.co.uk,TRUE,FALSE
thesundaily.my,TRUE,FALSE
punchng.com,TRUE,FALSE
unita.it,TRUE,FALSE
sol.pt,TRUE,FALSE
greatamericancountry.com,TRUE,FALSE
collegebasketball.nbcsports.com,TRUE,FALSE
gazeta55.net,TRUE,FALSE
mademan.com,TRUE,FALSE
stuttgarter-wochenblatt.de,TRUE,FALSE
eska.pl,TRUE,FALSE
thefrisky.com,TRUE,FALSE
ts.fi,TRUE,FALSE
nbcdfw.com,TRUE,FALSE
miami.com,TRUE,FALSE
pecsiujsag.hu,TRUE,FALSE
philipstown.info,TRUE,FALSE
dneprovec.by,TRUE,FALSE
victoriaadvocate.com,TRUE,FALSE
gaceta.es,TRUE,FALSE
techmaniacs.gr,TRUE,FALSE
manufacturing.net,TRUE,FALSE
de.uefa.com,TRUE,FALSE
metro.us,TRUE,FALSE
handelszeitung.ch,TRUE,FALSE
ad.nl,TRUE,FALSE
woodlandsonline.com,TRUE,FALSE
nationalpost.com,TRUE,FALSE
chagrinvalleytoday.com,TRUE,FALSE
ironcountyreporter.com,TRUE,FALSE
weltwoche.ch,TRUE,FALSE
superbiz.se.pl,TRUE,FALSE
desototimes.com,TRUE,FALSE
lauraingraham.com,TRUE,FALSE
os.mti.hu,TRUE,FALSE
pcforum.hu,TRUE,FALSE
forbes.ua,TRUE,FALSE
nordbayern.de,TRUE,FALSE
lindependant.fr,TRUE,FALSE
brookingsregister.com,TRUE,FALSE
argusobserver.com,TRUE,FALSE
wellsjournal.co.uk,TRUE,FALSE
bethelcitizen.com,TRUE,FALSE
wkbw.com,TRUE,FALSE
leamingtoncourier.co.uk,TRUE,FALSE
auto.mail.ru,TRUE,FALSE
onegreenplanet.org,TRUE,FALSE
myplainview.com,TRUE,FALSE
courieranywhere.com,TRUE,FALSE
niezalezna.pl,TRUE,FALSE
yahoo.com,TRUE,FALSE
komu.com,TRUE,FALSE
gulfbreezenews.com,TRUE,FALSE
nigeriamasterweb.com,TRUE,FALSE
financereports24-7.com,TRUE,FALSE
hothardware.com,TRUE,FALSE
ratonrange.com,TRUE,FALSE
wlns.com,TRUE,FALSE
indianagazette.com,TRUE,FALSE
elmundo.es,TRUE,FALSE
abc6onyourside.com,TRUE,FALSE
zaman.ro,TRUE,FALSE
thehindubusinessline.com,TRUE,FALSE
svetplus.com,TRUE,FALSE
scores.espn.com,TRUE,FALSE
duluthnewstribune.com,TRUE,FALSE
federalwaymirror.com,TRUE,FALSE
custercountychief.com,TRUE,FALSE
lutontoday.co.uk,TRUE,FALSE
newsmax.com,TRUE,FALSE
bigsandynews.com,TRUE,FALSE
livestrong.com,TRUE,FALSE
motorstv.com,TRUE,FALSE
wsop.com,TRUE,FALSE
newsvine.com,TRUE,FALSE
voetbalbelgie.be,TRUE,FALSE
therecordherald.com,TRUE,FALSE
ghhauto.ru,TRUE,FALSE
dailyrepublic.com,TRUE,FALSE
ocbj.com,TRUE,FALSE
faktor.bg,TRUE,FALSE
ohio.com,TRUE,FALSE
emissourian.com,TRUE,FALSE
902.gr,TRUE,FALSE
tatadocomo.yahoo.com,TRUE,FALSE
e-pao.net,TRUE,FALSE
scnow.com,TRUE,FALSE
tribune.com.pk,TRUE,FALSE
proboxing-fans.com,TRUE,FALSE
dublinpeople.com,TRUE,FALSE
levski.gong.bg,TRUE,FALSE
centrum.cz,TRUE,FALSE
newstalkzb.co.nz,TRUE,FALSE
pressreporter.com,TRUE,FALSE
ansonrecord.com,TRUE,FALSE
rappler.com,TRUE,FALSE
delaware.newszap.com,TRUE,FALSE
newcarlislenews.net,TRUE,FALSE
elsevier.nl,TRUE,FALSE
independent.com.mt,TRUE,FALSE
ilmattino.it,TRUE,FALSE
vaildaily.com,TRUE,FALSE
intouchweekly.com,TRUE,FALSE
beloitdailynews.com,TRUE,FALSE
metrogazette.com,TRUE,FALSE
businesspost.ie,TRUE,FALSE
con-telegraph.ie,TRUE,FALSE
portaldoholanda.com.br,TRUE,FALSE
refdag.nl,TRUE,FALSE
chieftain.com,TRUE,FALSE
digitaljournal.com,TRUE,FALSE
iijokiseutu.fi,TRUE,FALSE
deutschlandradiokultur.de,TRUE,FALSE
wilx.com,TRUE,FALSE
aixmi-news.gr,TRUE,FALSE
lapressedelamanche.fr,TRUE,FALSE
wayneindependent.com,TRUE,FALSE
calhouncommunitypress.com,TRUE,FALSE
nbc12.com,TRUE,FALSE
bonde.com.br,TRUE,FALSE
helsinkitimes.fi,TRUE,FALSE
oakparkjournal.com,TRUE,FALSE
finalcall.com,TRUE,FALSE
middletowntranscript.com,TRUE,FALSE
moldova-suverana.md,TRUE,FALSE
sunad.com,TRUE,FALSE
plattecountylandmark.com,TRUE,FALSE
bergedorfer-zeitung.de,TRUE,FALSE
volyn.rivne.com,TRUE,FALSE
elheraldo.hn,TRUE,FALSE
ita-savo.fi,TRUE,FALSE
quote.rbc.ru,TRUE,FALSE
ofsajd.onet.pl,TRUE,FALSE
quifinanza.it,TRUE,FALSE
spanishelconquistador.com,TRUE,FALSE
service.salzburg.gv.at,TRUE,FALSE
ogo.ua,TRUE,FALSE
lifesitenews.com,TRUE,FALSE
abc2news.com,TRUE,FALSE
oasport.it,TRUE,FALSE
nascar.com,TRUE,FALSE
lapeerareaview.mihomepaper.com,TRUE,FALSE
motori.ilmessaggero.it,TRUE,FALSE
health.yahoo.net,TRUE,FALSE
napavalleyregister.com,TRUE,FALSE
bondebladet.no,TRUE,FALSE
desmoinesregister.com,TRUE,FALSE
road2sportnews.com,TRUE,FALSE
polygon.com,TRUE,FALSE
keyt.com,TRUE,FALSE
bnn.de,TRUE,FALSE
levante-emv.com,TRUE,FALSE
sla.se,TRUE,FALSE
hirado.hu,TRUE,FALSE
jurvansanomat.fi,TRUE,FALSE
newsmaxhealth.com,TRUE,FALSE
kirksvilledailyexpress.com,TRUE,FALSE
parkiet.com,TRUE,FALSE
programme-tv.net,TRUE,FALSE
jacksoncountypilot.com,TRUE,FALSE
ugeavisennordfyn.dk,TRUE,FALSE
svenskdam.se,TRUE,FALSE
in.reuters.com,TRUE,FALSE
interfax-russia.ru,TRUE,FALSE
newburytoday.co.uk,TRUE,FALSE
narvaleht.ee,TRUE,FALSE
mineralwellsindex.com,TRUE,FALSE
tecmundo.com.br,TRUE,FALSE
wwl.com,TRUE,FALSE
milomlyn.wm.pl,TRUE,FALSE
globoesporte.globo.com,TRUE,FALSE
dailyindependent.com,TRUE,FALSE
mohavedailynews.com,TRUE,FALSE
frontpage.fok.nl,TRUE,FALSE
24hod.sk,TRUE,FALSE
rsute.ru,TRUE,FALSE
planetadeporte.es,TRUE,FALSE
news.google.com.et,TRUE,FALSE
nashuatelegraph.com,TRUE,FALSE
formula.hu,TRUE,FALSE
globalresearch.ca,TRUE,FALSE
virgula.uol.com.br,TRUE,FALSE
nr2.ru,TRUE,FALSE
computersweden.idg.se,TRUE,FALSE
tolnainepujsag.hu,TRUE,FALSE
maszol.ro,TRUE,FALSE
kttc.com,TRUE,FALSE
voici.fr,TRUE,FALSE
monitorulexpres.ro,TRUE,FALSE
clairemonttimes.com,TRUE,FALSE
forbes.pl,TRUE,FALSE
corrieredellumbria.corr.it,TRUE,FALSE
estrelladigital.es,TRUE,FALSE
vafo.dk,TRUE,FALSE
gamerevolution.com,TRUE,FALSE
satakunnanviikko.fi,TRUE,FALSE
newtondailynews.com,TRUE,FALSE
chip.pl,TRUE,FALSE
carrollcountycomet.com,TRUE,FALSE
dothaneagle.com,TRUE,FALSE
thephuketnews.com,TRUE,FALSE
the-leader.net,TRUE,FALSE
chestertontribune.com,TRUE,FALSE
talsuvestis.lv,TRUE,FALSE
ballardnewstribune.com,TRUE,FALSE
ghana.gov.gh,TRUE,FALSE
chennaionline.com,TRUE,FALSE
segabg.com,TRUE,FALSE
entertainment.ie,TRUE,FALSE
smhi.se,TRUE,FALSE
gulf-times.com,TRUE,FALSE
tehelka.com,TRUE,FALSE
tri-cityherald.com,TRUE,FALSE
recorder.com,TRUE,FALSE
kazan.kp.ru,TRUE,FALSE
china.com.cn,TRUE,FALSE
fwbusinesspress.com,TRUE,FALSE
m.delmagyar.hu:delmagyar.hu,TRUE,FALSE
linnaleht.ee,TRUE,FALSE
pravdapskov.ru,TRUE,FALSE
flcourier.com,TRUE,FALSE
thenorthernecho.co.uk,TRUE,FALSE
bensonnews-sun.com,TRUE,FALSE
tricities.com,TRUE,FALSE
therandolphleader.com,TRUE,FALSE
recordnet.com,TRUE,FALSE
newsexaminer.com,TRUE,FALSE
ncaa.com,TRUE,FALSE
wpbf.com,TRUE,FALSE
albanyenterprise.com,TRUE,FALSE
orlandoweekly.com,TRUE,FALSE
postup.brama.com,TRUE,FALSE
mountainmonthly.com,TRUE,FALSE
fotbollskanalen.se,TRUE,FALSE
yourhoustonnews.com,TRUE,FALSE
yellowpages.com,TRUE,FALSE
beatricedailysun.com,TRUE,FALSE
wilcoonline.com,TRUE,FALSE
businesstoday.com.mt,TRUE,FALSE
media.tpo.nl,TRUE,FALSE
krakow.sport.pl,TRUE,FALSE
hokiesports.com,TRUE,FALSE
pcwelt.de,TRUE,FALSE
cjn.cn,TRUE,FALSE
goldcountrytimes.com,TRUE,FALSE
corrieredellosport.it,TRUE,FALSE
news.sportbox.ru,TRUE,FALSE
alamogordonews.com,TRUE,FALSE
voanews.com,TRUE,FALSE
gazeta.naszemiasto.pl,TRUE,FALSE
sapulpaheraldonline.com,TRUE,FALSE
keighleynews.co.uk,TRUE,FALSE
parlamentarny.pl,TRUE,FALSE
roma.fanpage.it,TRUE,FALSE
theothermccain.com,TRUE,FALSE
sudouest.fr,TRUE,FALSE
nytimes.com,TRUE,FALSE
portalspozywczy.pl,TRUE,FALSE
gazeta-albania.net,TRUE,FALSE
citizen.com,TRUE,FALSE
vesuviolive.it,TRUE,FALSE
lbbusinessjournal.com,TRUE,FALSE
celebdirtylaundry.com,TRUE,FALSE
pipestonestar.com,TRUE,FALSE
couriermail.com.au,TRUE,FALSE
oilprice.com,TRUE,FALSE
tiptonconservative.com,TRUE,FALSE
ziarulargesul.ro,TRUE,FALSE
kouvolansanomat.fi,TRUE,FALSE
au.sports.yahoo.com,TRUE,FALSE
bt.no,TRUE,FALSE
multi-news.gr,TRUE,FALSE
camdenarknews.com,TRUE,FALSE
rethemnosnews.gr,TRUE,FALSE
news.google.es,TRUE,FALSE
tribune-chronicle.com,TRUE,FALSE
wrjc.com,TRUE,FALSE
bostonstandard.co.uk,TRUE,FALSE
iculture.nl,TRUE,FALSE
menafn.com,TRUE,FALSE
gds.ro,TRUE,FALSE
thechampionnewspaper.com,TRUE,FALSE
rynekzdrowia.pl,TRUE,FALSE
news-herald.com,TRUE,FALSE
greatamericanrivalry.com,TRUE,FALSE
eldoradonews.com,TRUE,FALSE
kaliningradka.ru,TRUE,FALSE
respublika.lt,TRUE,FALSE
harpersbazaar.com,TRUE,FALSE
kleinezeitung.at,TRUE,FALSE
whatreallyhappened.com,TRUE,FALSE
alingsastidning.se,TRUE,FALSE
wave3.com,TRUE,FALSE
nineoclock.ro,TRUE,FALSE
spectator.co.uk,TRUE,FALSE
publicpolicypolling.com,TRUE,FALSE
gismeteo.ru,TRUE,FALSE
namibian.com.na,TRUE,FALSE
wyborcza.pl,TRUE,FALSE
m.nieuwsblad.be:nieuwsblad.be,TRUE,FALSE
rizospastis.gr,TRUE,FALSE
sognavis.no,TRUE,FALSE
sn-online.de,TRUE,FALSE
dunaujvaros.com,TRUE,FALSE
sdcitybeat.com,TRUE,FALSE
guysen.com,TRUE,FALSE
espndb.go.com,TRUE,FALSE
westmeathindependent.ie,TRUE,FALSE
bellasugar.com,TRUE,FALSE
triplicate.com,TRUE,FALSE
cope.es,TRUE,FALSE
pacificsun.com,TRUE,FALSE
urjalansanomat.fi,TRUE,FALSE
bradfordera.com,TRUE,FALSE
auto.cz,TRUE,FALSE
todayspulse.com,TRUE,FALSE
themountainpress.com,TRUE,FALSE
freedomworks.org,TRUE,FALSE
fox13news.com,TRUE,FALSE
westyellowstonenews.com,TRUE,FALSE
simya.com.ua,TRUE,FALSE
playbill.com,TRUE,FALSE
eduxbury.com,TRUE,FALSE
bilerico.com,TRUE,FALSE
plus.lesoir.be,TRUE,FALSE
aftenposten.no,TRUE,FALSE
newpost.gr,TRUE,FALSE
al.com,TRUE,FALSE
creightonnews.com,TRUE,FALSE
lansi-savo.fi,TRUE,FALSE
centralctcommunications.com,TRUE,FALSE
cronicaromana.net,TRUE,FALSE
sampolehti.fi,TRUE,FALSE
wiadomosci.gazeta.pl,TRUE,FALSE
reuters.com,TRUE,FALSE
opednews.com,TRUE,FALSE
thefranklintimes.com,TRUE,FALSE
therepublic.com,TRUE,FALSE
rossendalefreepress.co.uk,TRUE,FALSE
foxbusiness.com,TRUE,FALSE
jewishjournal.com,TRUE,FALSE
stiglernews.com,TRUE,FALSE
cairns.com.au,TRUE,FALSE
lamontagne.fr,TRUE,FALSE
macworld.nl,TRUE,FALSE
sg.hu,TRUE,FALSE
pixelenemy.com,TRUE,FALSE
romeoobserver.com,TRUE,FALSE
kcrw.com,TRUE,FALSE
spbdnevnik.ru,TRUE,FALSE
cnsnews.com,TRUE,FALSE
thesentinel.com,TRUE,FALSE
orland-press-register.com,TRUE,FALSE
leitrimobserver.ie,TRUE,FALSE
polsatsport.pl,TRUE,FALSE
news.silobreaker.com,TRUE,FALSE
carlow-nationalist.ie,TRUE,FALSE
tracara.com,TRUE,FALSE
bridalguide.com,TRUE,FALSE
kalmarposten.se,TRUE,FALSE
kyivpost.com,TRUE,FALSE
thebraziltimes.com,TRUE,FALSE
swr.de,TRUE,FALSE
globalural.com,TRUE,FALSE
noveslovo.sk,TRUE,FALSE
spox.com,TRUE,FALSE
woz.ch,TRUE,FALSE
breakingnews.ie,TRUE,FALSE
hoogeveenschecourant.nl,TRUE,FALSE
mirror.co.uk,TRUE,FALSE
mcclatchydc.com,TRUE,FALSE
triblive.com,TRUE,FALSE
thesmokinggun.com,TRUE,FALSE
centerpostdispatch.com,TRUE,FALSE
33kanal.com,TRUE,FALSE
nazory.e15.cz,TRUE,FALSE
toz.khv.ru,TRUE,FALSE
ramonasentinel.com,TRUE,FALSE
cnyvision.com,TRUE,FALSE
fdlreporter.com,TRUE,FALSE
ellwoodcityledger.com,TRUE,FALSE
dagbladet-holstebro-struer.dk,TRUE,FALSE
wfaa.com,TRUE,FALSE
eveningtimes.co.uk,TRUE,FALSE
oxfordeagle.com,TRUE,FALSE
monroejournal.com,TRUE,FALSE
grenchnertagblatt.ch,TRUE,FALSE
bbc.com,TRUE,FALSE
cerescourier.com,TRUE,FALSE
merrillfotonews.com,TRUE,FALSE
athensreview.com,TRUE,FALSE
timesenterprise.com,TRUE,FALSE
film.dziennik.pl,TRUE,FALSE
tb.no,TRUE,FALSE
cutbankpioneerpress.com,TRUE,FALSE
elcorreogallego.es,TRUE,FALSE
naekranie.pl,TRUE,FALSE
stgeorgeutah.com,TRUE,FALSE
advocateweekly.com,TRUE,FALSE
hardmusica.pt,TRUE,FALSE
cambridgechron.com,TRUE,FALSE
marinecorpstimes.com,TRUE,FALSE
thenews-messenger.com,TRUE,FALSE
mtstandard.com,TRUE,FALSE
thevillager.com,TRUE,FALSE
rueconomics.ru,TRUE,FALSE
harrogateadvertiser.co.uk,TRUE,FALSE
yalnews.com,TRUE,FALSE
pacificpublishingcompany.com,TRUE,FALSE
northernexpress.com,TRUE,FALSE
larep.fr,TRUE,FALSE
centralwinews.com,TRUE,FALSE
wnep.com,TRUE,FALSE
thevosm.net,TRUE,FALSE
spanishjournal.com,TRUE,FALSE
suurkeuruu.fi,TRUE,FALSE
whitehavennews.co.uk,TRUE,FALSE
ardmoreite.com,TRUE,FALSE
poranny.pl,TRUE,FALSE
49erswebzone.com,TRUE,FALSE
pogostansanomat.fi,TRUE,FALSE
myfoxchicago.com,TRUE,FALSE
atarde.uol.com.br,TRUE,FALSE
kungalvsposten.se,TRUE,FALSE
recklinghaeuser-zeitung.de,TRUE,FALSE
hawr-digital.de,TRUE,FALSE
thecantoncitizen.com,TRUE,FALSE
aargauerzeitung.ch,TRUE,FALSE
e0734.com,TRUE,FALSE
ritholtz.com,TRUE,FALSE
waz-online.de,TRUE,FALSE
molndalsposten.se,TRUE,FALSE
aol.com,TRUE,FALSE
napoli.fanpage.it,TRUE,FALSE
nvdaily.com,TRUE,FALSE
deutsch.rt.com,TRUE,FALSE
ringblad.no,TRUE,FALSE
newsoftheworld.co.uk,TRUE,FALSE
gazetayuga.ru,TRUE,FALSE
wdbj7.com,TRUE,FALSE
kangasniemen-kunnallislehti.fi,TRUE,FALSE
timessentinel.com,TRUE,FALSE
csmonitor.com,TRUE,FALSE
phonearena.com,TRUE,FALSE
thedenverchannel.com,TRUE,FALSE
digitalburg.com,TRUE,FALSE
20minutes.fr,TRUE,FALSE
lzinios.lt,TRUE,FALSE
mf.dk,TRUE,FALSE
bdaugava.lv,TRUE,FALSE
commercecitysentinel.com,TRUE,FALSE
ehextra.com,TRUE,FALSE
pluralist.com,TRUE,FALSE
minutemannewscenter.com,TRUE,FALSE
news.nashbryansk.ru,TRUE,FALSE
nba.com,TRUE,FALSE
vasterbottningen.se,TRUE,FALSE
panews.com,TRUE,FALSE
luskherald.com,TRUE,FALSE
theinitium.com,TRUE,FALSE
jutarnji.hr,TRUE,FALSE
thametoday.co.uk,TRUE,FALSE
wwaytv3.com,TRUE,FALSE
waynesvilledailyguide.com,TRUE,FALSE
24smi.org,TRUE,FALSE
paradisepost.com,TRUE,FALSE
dailyamerican.com,TRUE,FALSE
sport24.co.za,TRUE,FALSE
lasvegasoptic.com,TRUE,FALSE
parlamentnilisty.cz,TRUE,FALSE
avisenagder.no,TRUE,FALSE
correio24horas.com.br,TRUE,FALSE
quotidianodipuglia.it,TRUE,FALSE
elcorreoweb.es,TRUE,FALSE
spooneradvocate.com,TRUE,FALSE
13wmaz.com,TRUE,FALSE
badtaste.it,TRUE,FALSE
kcstar.com,TRUE,FALSE
journalaz.com,TRUE,FALSE
dailycourier.com,TRUE,FALSE
thegeorgiastar.com,TRUE,FALSE
cuvantulliber.md,TRUE,FALSE
fuldafreepress.net,TRUE,FALSE
insing.com,TRUE,FALSE
money.cnn.com,TRUE,FALSE
investmentweek.co.uk,TRUE,FALSE
nyan.ax,TRUE,FALSE
peoplepets.com,TRUE,FALSE
diariodoalentejo.pt,TRUE,FALSE
spbvedomosti.ru,TRUE,FALSE
thenews.com.pk,TRUE,FALSE
houston.culturemap.com,TRUE,FALSE
n-mar.ru,TRUE,FALSE
romenews-tribune.com,TRUE,FALSE
tribunenews.com,TRUE,FALSE
m.hbvl.be:hbvl.be,TRUE,FALSE
media.mandiner.hu,TRUE,FALSE
winfuture.mobi,TRUE,FALSE
dailyregister.com,TRUE,FALSE
freemalaysiakini2.com,TRUE,FALSE
golos.com.ua,TRUE,FALSE
zvw.de,TRUE,FALSE
businesstimes.com.sg,TRUE,FALSE
sovsibir.ru,TRUE,FALSE
nodawaynews.com,TRUE,FALSE
monitorulvn.ro,TRUE,FALSE
browardpalmbeach.com,TRUE,FALSE
umbria24.it,TRUE,FALSE
wlz-online.de,TRUE,FALSE
nelighnews.com,TRUE,FALSE
dispatchnews.com,TRUE,FALSE
aarp.org,TRUE,FALSE
observer-reporter.com,TRUE,FALSE
westernslopenews.com,TRUE,FALSE
newsandstar.co.uk,TRUE,FALSE
adevarul.ro,TRUE,FALSE
marysvilleonline.net,TRUE,FALSE
bygdeposten.no,TRUE,FALSE
ivpress.ru,TRUE,FALSE
diariocritico.com,TRUE,FALSE
marketoracle.co.uk,TRUE,FALSE
walesonline.co.uk,TRUE,FALSE
telegraph.bg,TRUE,FALSE
businessdailyafrica.com,TRUE,FALSE
dw.com,TRUE,FALSE
romanialibera.ro,TRUE,FALSE
ohmymag.com,TRUE,FALSE
michiganradio.org,TRUE,FALSE
escalontimes.com,TRUE,FALSE
ksee24.com,TRUE,FALSE
zive.cz,TRUE,FALSE
thisdaylive.com,TRUE,FALSE
douglas-budget.com,TRUE,FALSE
dt.no,TRUE,FALSE
villagesoup.com,TRUE,FALSE
patriotpost.us,TRUE,FALSE
mujerhoy.com,TRUE,FALSE
mt.de,TRUE,FALSE
shqiptariiitalise.com,TRUE,FALSE
germantownnews.com,TRUE,FALSE
deser.gazeta.pl,TRUE,FALSE
ionline.sapo.pt,TRUE,FALSE
pregame.com,TRUE,FALSE
newsweek.pl,TRUE,FALSE
idag.no,TRUE,FALSE
purepeople.com,TRUE,FALSE
praha.idnes.cz,TRUE,FALSE
arlingtonconnection.com,TRUE,FALSE
palaciosbeacon.com,TRUE,FALSE
pinoystop.com,TRUE,FALSE
pestaola.gr,TRUE,FALSE
01net.com,TRUE,FALSE
havenews.com,TRUE,FALSE
choteauacantha.com,TRUE,FALSE
coppellgazette.com,TRUE,FALSE
niallferguson.com,TRUE,FALSE
haniotika-nea.gr,TRUE,FALSE
gamershell.com,TRUE,FALSE
metropotam.ro,TRUE,FALSE
allotsego.homestead.com,TRUE,FALSE
queenannenews.com,TRUE,FALSE
gazzettadelsud.it,TRUE,FALSE
miningaustralia.com.au,TRUE,FALSE
t-a.no,TRUE,FALSE
jewishpress.com,TRUE,FALSE
singersroom.com,TRUE,FALSE
pomorska.pl,TRUE,FALSE
methowvalleynews.com,TRUE,FALSE
yourtango.com,TRUE,FALSE
bhgnews.com,TRUE,FALSE
mononews.gr,TRUE,FALSE
gol.bg,TRUE,FALSE
chinohills.com,TRUE,FALSE
koreaherald.com,TRUE,FALSE
dagensmedisin.no,TRUE,FALSE
newsplex.com,TRUE,FALSE
springfieldconnection.com,TRUE,FALSE
capecodonline.com,TRUE,FALSE
prishtinapress.info,TRUE,FALSE
wegotthiscovered.com,TRUE,FALSE
oryte.com,TRUE,FALSE
letemsvetemapplem.eu,TRUE,FALSE
movieweb.com,TRUE,FALSE
msn.com,TRUE,FALSE
forbes.it,TRUE,FALSE
gopusa.com,TRUE,FALSE
mom.brigitte.de,TRUE,FALSE
local12.com,TRUE,FALSE
thewaynedalenews.com,TRUE,FALSE
vecer.com,TRUE,FALSE
lz.de,TRUE,FALSE
morgenweb.de,TRUE,FALSE
gawker.com,TRUE,FALSE
bromsgroveadvertiser.co.uk,TRUE,FALSE
sport.tn.nova.cz,TRUE,FALSE
comingsoon.net,TRUE,FALSE
lifepublications.com,TRUE,FALSE
raahenseutu.fi,TRUE,FALSE
whitesalmonenterprise.com,TRUE,FALSE
myfoxdetroit.com,TRUE,FALSE
comunic.ro,TRUE,FALSE
news.vitebsk.cc,TRUE,FALSE
maxim.com,TRUE,FALSE
heraldandnews.com,TRUE,FALSE
thetelegram.com,TRUE,FALSE
frontiersman.com,TRUE,FALSE
general-anzeiger-bonn.de,TRUE,FALSE
m.gva.be:gva.be,TRUE,FALSE
tennis.nl,TRUE,FALSE
gazzettadiparma.it,TRUE,FALSE
sport.ru,TRUE,FALSE
editie.ro,TRUE,FALSE
seher.no,TRUE,FALSE
lister24.no,TRUE,FALSE
bangkokpost.com,TRUE,FALSE
kultura.zpravy.idnes.cz,TRUE,FALSE
worksopguardian.co.uk,TRUE,FALSE
vt-world.com,TRUE,FALSE
duurzaambedrijfsleven.nl,TRUE,FALSE
savannahnow.com,TRUE,FALSE
scarymommy.com,TRUE,FALSE
earthquake-report.com,TRUE,FALSE
nynashamnsposten.se,TRUE,FALSE
stv.tv,TRUE,FALSE
magyartokepiac.hu,TRUE,FALSE
lessentiel.lu,TRUE,FALSE
gsp.ro,TRUE,FALSE
fin24.com,TRUE,FALSE
monroeguardian.com,TRUE,FALSE
abc15.com,TRUE,FALSE
livingstonenterprise.com,TRUE,FALSE
gpupdate.net,TRUE,FALSE
carlukegazette.co.uk,TRUE,FALSE
fanpage.it,TRUE,FALSE
peacemakeronline.com,TRUE,FALSE
mourneobserver.com,TRUE,FALSE
sgazeta.ru,TRUE,FALSE
nezavisne.com,TRUE,FALSE
mountainmessenger.com,TRUE,FALSE
cnn.com,TRUE,FALSE
finanzas.com,TRUE,FALSE
tipperarystar.ie,TRUE,FALSE
theclarionnews.com,TRUE,FALSE
wsbt.com,TRUE,FALSE
thisisoxfordshire.co.uk,TRUE,FALSE
glassrpske.com,TRUE,FALSE
lequipe.fr,TRUE,FALSE
chanute.com,TRUE,FALSE
trinityjournal.com,TRUE,FALSE
bb.vesti.lv,TRUE,FALSE
observatordebacau.ro,TRUE,FALSE
collegefootballtalk.nbcsports.com,TRUE,FALSE
eldiario.es,TRUE,FALSE
jornaldascaldas.com,TRUE,FALSE
imerisia.gr,TRUE,FALSE
fox40.com,TRUE,FALSE
frazpc.pl,TRUE,FALSE
theflume.com,TRUE,FALSE
anchorfree.us,TRUE,FALSE
alphatv.gr,TRUE,FALSE
p4.no,TRUE,FALSE
syracuse.com,TRUE,FALSE
newssun.com,TRUE,FALSE
thepress-sentinel.com,TRUE,FALSE
countryweekly.com,TRUE,FALSE
plzen.idnes.cz,TRUE,FALSE
english.alarabiya.net,TRUE,FALSE
anzeigen-echo.de,TRUE,FALSE
agerpres.ro,TRUE,FALSE
argumenti.ru,TRUE,FALSE
hpherald.com,TRUE,FALSE
kimt.com,TRUE,FALSE
daltondailycitizen.com,TRUE,FALSE
spiritofjefferson.com,TRUE,FALSE
sportinglife.com,TRUE,FALSE
thechronicleofmtjuliet.com,TRUE,FALSE
rbcdaily.ru,TRUE,FALSE
lodzkie.naszemiasto.pl,TRUE,FALSE
headlightnews.com,TRUE,FALSE
plejada.pl,TRUE,FALSE
blufftontoday.com,TRUE,FALSE
rockdalecitizen.com,TRUE,FALSE
wielerflits.nl,TRUE,FALSE
ijr.com,TRUE,FALSE
metalinjection.net,TRUE,FALSE
seldoviagazette.com,TRUE,FALSE
richfieldreaper.com,TRUE,FALSE
wweek.com,TRUE,FALSE
state.gov,TRUE,FALSE
turnto23.com,TRUE,FALSE
duncanbanner.com,TRUE,FALSE
newsonly.gr,TRUE,FALSE
starherald.net,TRUE,FALSE
lotterypost.com,TRUE,FALSE
tv5.espn.com,TRUE,FALSE
mcgregormirror.com,TRUE,FALSE
theadvocate.com.au,TRUE,FALSE
usa.se.pl,TRUE,FALSE
oldham-chronicle.co.uk,TRUE,FALSE
yakimaherald.com,TRUE,FALSE
thisisstaffordshire.co.uk,TRUE,FALSE
timesleader.net,TRUE,FALSE
wizbangblog.com,TRUE,FALSE
ruovesi-lehti.fi,TRUE,FALSE
techenet.com,TRUE,FALSE
marbacher-zeitung.de,TRUE,FALSE
oswegocountytoday.com,TRUE,FALSE
register-herald.com,TRUE,FALSE
marshallnewsmessenger.com,TRUE,FALSE
prospect.org,TRUE,FALSE
lehighacresgazette.us,TRUE,FALSE
thepaper.gr,TRUE,FALSE
abounderrattelser.fi,TRUE,FALSE
northeastmontananews.com,TRUE,FALSE
myway.com,TRUE,FALSE
nonews-news.blogspot.com,TRUE,FALSE
networkworld.com,TRUE,FALSE
lincolncourier.com,TRUE,FALSE
movilzona.es,TRUE,FALSE
enquirerdemocrat.com,TRUE,FALSE
hbvl.be,TRUE,FALSE
thetimesnews.com,TRUE,FALSE
cedartownstd.com,TRUE,FALSE
pietarsaarensanomat.fi,TRUE,FALSE
theyeshivaworld.com,TRUE,FALSE
greenvilleadvocate.com,TRUE,FALSE
yourdu.net,TRUE,FALSE
progresstimes.net,TRUE,FALSE
eleftherostypos.gr,TRUE,FALSE
voicenews.gr,TRUE,FALSE
gondola.hu,TRUE,FALSE
dailyheraldtribune.com,TRUE,FALSE
news-medical.net,TRUE,FALSE
noe.orf.at,TRUE,FALSE
noblad.no,TRUE,FALSE
cn.com.ua,TRUE,FALSE
metrospirit.com,TRUE,FALSE
nrtoday.com,TRUE,FALSE
comicbook.com,TRUE,FALSE
vestinet.rs,TRUE,FALSE
rtp.pt,TRUE,FALSE
siouxcityjournal.com,TRUE,FALSE
wochenblatt.de,TRUE,FALSE
insidebayarea.com,TRUE,FALSE
cowichannewsleader.com,TRUE,FALSE
myjoyonline.com,TRUE,FALSE
espn.go.com,TRUE,FALSE
ca.finance.yahoo.com,TRUE,FALSE
queenstribune.com,TRUE,FALSE
trust.org,TRUE,FALSE
hamlethub.com,TRUE,FALSE
news-expressky.com,TRUE,FALSE
emerce.nl,TRUE,FALSE
stol.it,TRUE,FALSE
sott.net,TRUE,FALSE
redbluffdailynews.com,TRUE,FALSE
grenzecho.be,TRUE,FALSE
nordkurier.de,TRUE,FALSE
cycleworld.com,TRUE,FALSE
havasunews.com,TRUE,FALSE
oconeeenterprise.com,TRUE,FALSE
canoncitydailyrecord.com,TRUE,FALSE
foxla.com,TRUE,FALSE
lne.es,TRUE,FALSE
kgw.com,TRUE,FALSE
fashiontv.com,TRUE,FALSE
nonpareilonline.com,TRUE,FALSE
kuntsari.fi,TRUE,FALSE
wistv.com,TRUE,FALSE
campbellcountyobserver.net,TRUE,FALSE
hngnews.com,TRUE,FALSE
sportkurier.by,TRUE,FALSE
burntorangenation.com,TRUE,FALSE
essence.com,TRUE,FALSE
thezimbabwean.co.uk,TRUE,FALSE
zonawrestling.net,TRUE,FALSE
pressnews.com,TRUE,FALSE
mag.sigmalive.com,TRUE,FALSE
dnevni-list.ba,TRUE,FALSE
nbcmiami.com,TRUE,FALSE
recordbulletin.com,TRUE,FALSE
tecnologia.com.pt,TRUE,FALSE
jaxdailyrecord.com,TRUE,FALSE
wibw.com,TRUE,FALSE
spaceflightnow.com,TRUE,FALSE
springfieldnewssun.com,TRUE,FALSE
theaustralian.com.au,TRUE,FALSE
kloteneranzeiger.ch,TRUE,FALSE
yourohiovalley.com,TRUE,FALSE
uniondemocrat.com,TRUE,FALSE
inews.bg,TRUE,FALSE
telegraf.rs,TRUE,FALSE
thrakikigi.gr,TRUE,FALSE
news-bulletin.com,TRUE,FALSE
alfelder-zeitung.de,TRUE,FALSE
hoy.es,TRUE,FALSE
manchestereveningnews.co.uk,TRUE,FALSE
portocanal.sapo.pt,TRUE,FALSE
indianautosblog.com,TRUE,FALSE
winknews.com,TRUE,FALSE
totalfilm.com,TRUE,FALSE
fr.metrotime.be,TRUE,FALSE
asiancorrespondent.com,TRUE,FALSE
superdeporte.es,TRUE,FALSE
patch.com,TRUE,FALSE
9to5mac.com,TRUE,FALSE
westeros.org,TRUE,FALSE
crozetgazette.com,TRUE,FALSE
newsletter.co.uk,TRUE,FALSE
abola.pt,TRUE,FALSE
grandparents.com,TRUE,FALSE
awrambatimes.com,TRUE,FALSE
pcpro.co.uk,TRUE,FALSE
thevalleygazette.com,TRUE,FALSE
slovo.odessa.ua,TRUE,FALSE
fusion.di.se,TRUE,FALSE
cnet.co.uk,TRUE,FALSE
dci.com.br,TRUE,FALSE
eluniversal.com,TRUE,FALSE
myrecordjournal.com,TRUE,FALSE
moorenews.com,TRUE,FALSE
about.com,TRUE,FALSE
daily-times.com,TRUE,FALSE
science.hotnews.ro,TRUE,FALSE
srbija.gov.rs,TRUE,FALSE
ziarul21.ro,TRUE,FALSE
lincolnnewsmessenger.com,TRUE,FALSE
lifecoach.msn.com,TRUE,FALSE
littlefallstimes.com,TRUE,FALSE
motorsports.nbcsports.com,TRUE,FALSE
newsobserver.com,TRUE,FALSE
parade.com,TRUE,FALSE
eveningnews24.co.uk,TRUE,FALSE
p4k.in,TRUE,FALSE
wsbradio.com,TRUE,FALSE
millburysutton.com,TRUE,FALSE
pinejournal.com,TRUE,FALSE
oz-online.de,TRUE,FALSE
pragerzeitung.cz,TRUE,FALSE
grokiskis.lt,TRUE,FALSE
rgj.com,TRUE,FALSE
koin.com,TRUE,FALSE
clevelandcountyherald.com,TRUE,FALSE
punemirror.in,TRUE,FALSE
androidics.nl,TRUE,FALSE
bristolpress.com,TRUE,FALSE
radio.cz,TRUE,FALSE
op.no,TRUE,FALSE
jyllands-posten.dk,TRUE,FALSE
ibtimes.com,TRUE,FALSE
noise11.com,TRUE,FALSE
osthessen-news.de,TRUE,FALSE
illawarramercury.com.au,TRUE,FALSE
petroleumnews.com,TRUE,FALSE
ussoccer.com,TRUE,FALSE
notimerica.com,TRUE,FALSE
gpkmedia.com,TRUE,FALSE
libertatea.ro,TRUE,FALSE
curierulnational.ro,TRUE,FALSE
dnoticias.pt,TRUE,FALSE
ylakarjala.fi,TRUE,FALSE
crossroadsnews.com,TRUE,FALSE
autos.yahoo.com,TRUE,FALSE
vasabladet.fi,TRUE,FALSE
aol.com,TRUE,FALSE
kymensanomat.fi,TRUE,FALSE
italiaoggi.it,TRUE,FALSE
thepilotnews.com,TRUE,FALSE
glasgowcourier.com,TRUE,FALSE
buenosairesherald.com,TRUE,FALSE
taosnews.com,TRUE,FALSE
moneymorning.com,TRUE,FALSE
northantstelegraph.co.uk,TRUE,FALSE
fakty.interia.pl,TRUE,FALSE
courier.co.uk,TRUE,FALSE
calciomercato.it,TRUE,FALSE
fredericksburgstandard.com,TRUE,FALSE
rbc.ru,TRUE,FALSE
yahoo.com,TRUE,FALSE
punxsutawneyspirit.com,TRUE,FALSE
nepujsag.net,TRUE,FALSE
umbigomagazine.com,TRUE,FALSE
montynews.com,TRUE,FALSE
futurezone.at,TRUE,FALSE
wsmv.com,TRUE,FALSE
pravda.sk,TRUE,FALSE
hawaiitribune-herald.com,TRUE,FALSE
artesianews.com,TRUE,FALSE
miamiherald.com,TRUE,FALSE
gizmodo.com.au,TRUE,FALSE
radiokerry.ie,TRUE,FALSE
darnews.com,TRUE,FALSE
cnn.gr,TRUE,FALSE
hechosdehoy.com,TRUE,FALSE
portadelaidefc.com.au,TRUE,FALSE
wsfa.com,TRUE,FALSE
sanilaccountynews.mihomepaper.com,TRUE,FALSE
napoli.repubblica.it,TRUE,FALSE
wtok.com,TRUE,FALSE
tv3.ie,TRUE,FALSE
onlinegooner.com,TRUE,FALSE
focus.knack.be,TRUE,FALSE
orangevalesun.com,TRUE,FALSE
theoutlook.cc,TRUE,FALSE
chestertelegraph.org,TRUE,FALSE
lagniappemobile.com,TRUE,FALSE
redbull.com,TRUE,FALSE
dailymercury.com.au,TRUE,FALSE
morningjournalnews.com,TRUE,FALSE
devilslakejournal.com,TRUE,FALSE
nuggetnews.com,TRUE,FALSE
shelbystar.com,TRUE,FALSE
alaskastar.com,TRUE,FALSE
dunfermlinepress.com,TRUE,FALSE
destructoid.com,TRUE,FALSE
etidning.gotlandsallehanda.se,TRUE,FALSE
mail.invitel.hu,TRUE,FALSE
northdevonjournal.co.uk,TRUE,FALSE
rundschau-online.de,TRUE,FALSE
subotickenovine.rs,TRUE,FALSE
lingleguide.com,TRUE,FALSE
messenger-index.com,TRUE,FALSE
lapuansanomat.fi,TRUE,FALSE
skivefolkeblad.dk,TRUE,FALSE
ultimahora.es,TRUE,FALSE
eyjafrettir.is,TRUE,FALSE
burytimes.co.uk,TRUE,FALSE
northplattebulletin.com,TRUE,FALSE
cumberlink.com,TRUE,FALSE
benzinga.com,TRUE,FALSE
intelligonews.it,TRUE,FALSE
hastingsstargazette.com,TRUE,FALSE
lorientlejour.com,TRUE,FALSE
covingtonleader.com,TRUE,FALSE
techrepublic.com,TRUE,FALSE
maktoob.com,TRUE,FALSE
tvmais.sapo.pt,TRUE,FALSE
lebanondemocrat.com,TRUE,FALSE
washingtonpost.com,TRUE,FALSE
vagazette.com,TRUE,FALSE
nowtoronto.com,TRUE,FALSE
fool.com,TRUE,FALSE
metronews.ca,TRUE,FALSE
mydailysentinel.com,TRUE,FALSE
hjnews.com,TRUE,FALSE
metromonthly.net,TRUE,FALSE
paris-express.com,TRUE,FALSE
ktvl.com,TRUE,FALSE
everydayhealth.com,TRUE,FALSE
wlky.com,TRUE,FALSE
waow.com,TRUE,FALSE
health-hints.com,TRUE,FALSE
achgut.com,TRUE,FALSE
ardmediathek.de,TRUE,FALSE
thespringfieldpaper.com,TRUE,FALSE
pt.videogamer.com,TRUE,FALSE
bloomeradvance.com,TRUE,FALSE
bradenton.com,TRUE,FALSE
newstribune.info,TRUE,FALSE
fastcoexist.com,TRUE,FALSE
fr-online.de,TRUE,FALSE
albaniannews.com,TRUE,FALSE
thestar.co.uk,TRUE,FALSE
euro2016.sportal.bg,TRUE,FALSE
jesupcitizenherald.com,TRUE,FALSE
sol.sapo.pt,TRUE,FALSE
vkurier.by,TRUE,FALSE
ilgiornale.it,TRUE,FALSE
news.sky.com,TRUE,FALSE
starlocalmedia.com,TRUE,FALSE
morningstarpublishing.com,TRUE,FALSE
news-examiner.net,TRUE,FALSE
thecalifornian.com,TRUE,FALSE
veda-a-technika.eurozpravy.cz,TRUE,FALSE
denik.cz,TRUE,FALSE
gwinnettdailypost.com,TRUE,FALSE
ktvq.com,TRUE,FALSE
thepresstribune.com,TRUE,FALSE
thechronicle-news.com,TRUE,FALSE
miningjournal.net,TRUE,FALSE
lordsofpain.net,TRUE,FALSE
ironmountaindailynews.com,TRUE,FALSE
entertainment.ca.msn.com,TRUE,FALSE
motorionline.com,TRUE,FALSE
matlockmercury.co.uk,TRUE,FALSE
ozy.com,TRUE,FALSE
parkcitiespeople.com,TRUE,FALSE
woodburybulletin.com,TRUE,FALSE
grantherald.com,TRUE,FALSE
boynegazette.com,TRUE,FALSE
kolomna-spravka.ru,TRUE,FALSE
scunthorpetelegraph.co.uk,TRUE,FALSE
moneytalksnews.com,TRUE,FALSE
newsbug.info,TRUE,FALSE
berkeleydailyplanet.com,TRUE,FALSE
oakcliffpeople.com,TRUE,FALSE
redflagnews.com,TRUE,FALSE
hlntv.com,TRUE,FALSE
sun0769.com,TRUE,FALSE
broomfieldenterprise.com,TRUE,FALSE
nordbayerischer-kurier.de,TRUE,FALSE
beaconhilltimes.com,TRUE,FALSE
blbrd.cm,TRUE,FALSE
kvue.com,TRUE,FALSE
pittsfieldgazette.com,TRUE,FALSE
finance.yahoo.com,TRUE,FALSE
laagendalsposten.no,TRUE,FALSE
thisistamworth.co.uk,TRUE,FALSE
delas.pt,TRUE,FALSE
techworld.idg.se,TRUE,FALSE
gizmodo.com,TRUE,FALSE
torgauerzeitung.com,TRUE,FALSE
pontefractandcastlefordexpress.co.uk,TRUE,FALSE
nnn.de,TRUE,FALSE
thetimesherald.com,TRUE,FALSE
thecherokeean.com,TRUE,FALSE
milanofinanza.it,TRUE,FALSE
ruidosofreepress.com,TRUE,FALSE
bravewords.com,TRUE,FALSE
metrowestdailynews.com,TRUE,FALSE
thecherokeescout.com,TRUE,FALSE
centraldakotanews.com,TRUE,FALSE
huroncountyview.mihomepaper.com,TRUE,FALSE
stlamerican.com,TRUE,FALSE
thepostsearchlight.com,TRUE,FALSE
en.aswatmasriya.com,TRUE,FALSE
bocaratontribune.com,TRUE,FALSE
guernseygazette.com,TRUE,FALSE
marionstar.com,TRUE,FALSE
goulburnpost.com.au,TRUE,FALSE
chroniclelive.co.uk,TRUE,FALSE
snaujienos.lt,TRUE,FALSE
svd.se,TRUE,FALSE
oilru.com,TRUE,FALSE
idiva.com,TRUE,FALSE
gazetanovgorod.ru,TRUE,FALSE
meinbezirk.at,TRUE,FALSE
witn.com,TRUE,FALSE
tuexperto.com,TRUE,FALSE
vcreporter.com,TRUE,FALSE
smp.no,TRUE,FALSE
wnem.com,TRUE,FALSE
bossip.com,TRUE,FALSE
cu-fc.com,TRUE,FALSE
samessenger.com,TRUE,FALSE
nfl.si.com,TRUE,FALSE
fox5dc.com,TRUE,FALSE
ozonastockman.com,TRUE,FALSE
ctpost.com,TRUE,FALSE
transfermarkt.de,TRUE,FALSE
peninsuladailynews.com,TRUE,FALSE
breakingdefense.com,TRUE,FALSE
packet-media.com,TRUE,FALSE
suffolktimes.timesreview.com,TRUE,FALSE
informuji.cz,TRUE,FALSE
dvhn.nl,TRUE,FALSE
neshobademocrat.com,TRUE,FALSE
timesonline.com,TRUE,FALSE
vejenavis.dk,TRUE,FALSE
babruysk.by,TRUE,FALSE
ilcittadino.it,TRUE,FALSE
newburynews.co.uk,TRUE,FALSE
hillsboroughbeacon.com,TRUE,FALSE
pontos-news.gr,TRUE,FALSE
wgrz.com,TRUE,FALSE
chad.co.uk,TRUE,FALSE
sports.yahoo.com,TRUE,FALSE
kait8.com,TRUE,FALSE
eveningsun.com,TRUE,FALSE
eazi.ro,TRUE,FALSE
mobile.yahoo.com,TRUE,FALSE
monroemonitor.com,TRUE,FALSE
thisissomerset.co.uk,TRUE,FALSE
lostcreekguide.com,TRUE,FALSE
torino.repubblica.it,TRUE,FALSE
padasjoensanomat.fi,TRUE,FALSE
toledofreepress.com,TRUE,FALSE
gjengangeren.no,TRUE,FALSE
romfordrecorder.co.uk,TRUE,FALSE
caranddriverthef1.com,TRUE,FALSE
insuranceworld.gr,TRUE,FALSE
rbj.net,TRUE,FALSE
cestovani.lidovky.cz,TRUE,FALSE
thevillagessuntimes.com,TRUE,FALSE
obiectivbr.ro,TRUE,FALSE
apg-wi.com,TRUE,FALSE
journaltrib.com,TRUE,FALSE
op.se,TRUE,FALSE
krakow.wyborcza.pl,TRUE,FALSE
chicagobears.com,TRUE,FALSE
newsandsentinel.com,TRUE,FALSE
themorningbulletin.com.au,TRUE,FALSE
wowway.net,TRUE,FALSE
atchisonglobenow.com,TRUE,FALSE
kpcnews.com,TRUE,FALSE
fireworld.at,TRUE,FALSE
journaltimes.com,TRUE,FALSE
liberoquotidiano.it,TRUE,FALSE
pakistantoday.com.pk,TRUE,FALSE
krvn.com,TRUE,FALSE
gezondheid.be,TRUE,FALSE
smmercury.com,TRUE,FALSE
ruidosonews.com,TRUE,FALSE
allcuteallthetime.com,TRUE,FALSE
themarysue.com,TRUE,FALSE
kuhf.org,TRUE,FALSE
varldenidag.se,TRUE,FALSE
leadersnet.at,TRUE,FALSE
guancha.cn,TRUE,FALSE
mrt.com,TRUE,FALSE
donegaldemocrat.ie,TRUE,FALSE
kunnallislehti.fi,TRUE,FALSE
sbs.com.au,TRUE,FALSE
wcmessenger.com,TRUE,FALSE
oaoa.com,TRUE,FALSE
gilroydispatch.com,TRUE,FALSE
mmail.com.my,TRUE,FALSE
shanghaidaily.com,TRUE,FALSE
connectstatesboro.com,TRUE,FALSE
tabletsmagazine.nl,TRUE,FALSE
24malmo.se,TRUE,FALSE
bostonmagazine.com,TRUE,FALSE
aamulehti.fi,TRUE,FALSE
infpol.ru,TRUE,FALSE
eastbourneherald.co.uk,TRUE,FALSE
pcmweb.nl,TRUE,FALSE
lyonplus.com,TRUE,FALSE
lakeexpo.com,TRUE,FALSE
byznys.ihned.cz,TRUE,FALSE
demokrata.hu,TRUE,FALSE
barrons.com,TRUE,FALSE
lovebscott.com,TRUE,FALSE
wvnewsviews.com,TRUE,FALSE
abcnews.com,TRUE,FALSE
softpedia.com,TRUE,FALSE
nspm.rs,TRUE,FALSE
toggenburgertagblatt.ch,TRUE,FALSE
thepostnewspaper.net,TRUE,FALSE
mv-voice.com,TRUE,FALSE
corsematin.com,TRUE,FALSE
coed.com,TRUE,FALSE
web.de,TRUE,FALSE
portsmouth-dailytimes.com,TRUE,FALSE
laprovincia.es,TRUE,FALSE
jornalnordeste.com,TRUE,FALSE
la.lv,TRUE,FALSE
blackfive.net,TRUE,FALSE
magicseaweed.com,TRUE,FALSE
msn.com,TRUE,FALSE
reliefweb.int,TRUE,FALSE
guardiannews.com,TRUE,FALSE
toofab.com,TRUE,FALSE
hanauer.de,TRUE,FALSE
krakow.naszemiasto.pl,TRUE,FALSE
bozemandailychronicle.com,TRUE,FALSE
diariouno.com.ar,TRUE,FALSE
hollistontownnews.com,TRUE,FALSE
wasatchwave.com,TRUE,FALSE
theblacksheartimes.com,TRUE,FALSE
niagara-gazette.com,TRUE,FALSE
sundaypost.com,TRUE,FALSE
waldronnews.com,TRUE,FALSE
arkansasleader.com,TRUE,FALSE
theroot.com,TRUE,FALSE
femina.ch,TRUE,FALSE
curieruldevalcea.ro,TRUE,FALSE
kt.se,TRUE,FALSE
cmt.com,TRUE,FALSE
chip.de,TRUE,FALSE
expertreviews.co.uk,TRUE,FALSE
br.de,TRUE,FALSE
autoroad.cz,TRUE,FALSE
wthitv.com,TRUE,FALSE
kcautv.com,TRUE,FALSE
newsoforange.com,TRUE,FALSE
cathnews.com,TRUE,FALSE
heraldstandard.com,TRUE,FALSE
1tv.ru,TRUE,FALSE
picayuneitem.com,TRUE,FALSE
neurope.eu,TRUE,FALSE
video.corriere.it,TRUE,FALSE
weather.blogs.foxnews.com,TRUE,FALSE
mrconservative.com,TRUE,FALSE
numrush.nl,TRUE,FALSE
abs-cbnnews.com,TRUE,FALSE
pcper.com,TRUE,FALSE
waterfronttimes.com,TRUE,FALSE
ieseanul.gandul.info,TRUE,FALSE
ahlanlive.com,TRUE,FALSE
lebanon-express.com,TRUE,FALSE
local.yahoo.com,TRUE,FALSE
trumbulltimes.com,TRUE,FALSE
stiften.dk,TRUE,FALSE
raleigh.quepasanoticias.com,TRUE,FALSE
aol.com,TRUE,FALSE
dagensmedia.se,TRUE,FALSE
maz-online.de,TRUE,FALSE
wlky.com,TRUE,FALSE
sanfordherald.com,TRUE,FALSE
dailypost.com.ng,TRUE,FALSE
tvzap.kataweb.it,TRUE,FALSE
news.ph.msn.com,TRUE,FALSE
krkonossky.denik.cz,TRUE,FALSE
portal.comunique-se.com.br,TRUE,FALSE
daserste.de,TRUE,FALSE
clickondetroit.com,TRUE,FALSE
techspot.com,TRUE,FALSE
rmf.fm,TRUE,FALSE
pcguia.pt,TRUE,FALSE
rossford.com,TRUE,FALSE
freiepresse.de,TRUE,FALSE
polar.cz,TRUE,FALSE
uc.kr.ua,TRUE,FALSE
deadline.com,TRUE,FALSE
stylebistro.com,TRUE,FALSE
southwalesargus.co.uk,TRUE,FALSE
rotoruadailypost.co.nz,TRUE,FALSE
insider.espn.com,TRUE,FALSE
midsussextimes.co.uk,TRUE,FALSE
cp24.com,TRUE,FALSE
laprensatoledo.com,TRUE,FALSE
gazetadecluj.ro,TRUE,FALSE
hirek.prim.hu,TRUE,FALSE
auroraadvocate.com,TRUE,FALSE
greekmoney.gr,TRUE,FALSE
lonokenews.net,TRUE,FALSE
rivernewsonline.com,TRUE,FALSE
livebetteramerica.aol.com,TRUE,FALSE
nieuws.be,TRUE,FALSE
utsandiego.com,TRUE,FALSE
eastvalleytribune.com,TRUE,FALSE
theenterprise.net,TRUE,FALSE
nomenugget.net,TRUE,FALSE
espncdn.com,TRUE,FALSE
frontdoorsnews.com,TRUE,FALSE
register-pajaronian.com,TRUE,FALSE
teckbote.de,TRUE,FALSE
ktsm.com,TRUE,FALSE
iii.co.uk,TRUE,FALSE
paikallisuutiset.fi,TRUE,FALSE
news10.net,TRUE,FALSE
currentargus.com,TRUE,FALSE
journal-times.com,TRUE,FALSE
pancevac-online.rs,TRUE,FALSE
vk-smi.ru,TRUE,FALSE
pineislandnews.com,TRUE,FALSE
focusnewspaper.com,TRUE,FALSE
liverpoolfc.com,TRUE,FALSE
carriagetownenews.com,TRUE,FALSE
nyackvillager.com,TRUE,FALSE
argnoticias.com,TRUE,FALSE
laprovinciadivarese.it,TRUE,FALSE
pinknews.co.uk,TRUE,FALSE
lofotposten.no,TRUE,FALSE
7sur7.be,TRUE,FALSE
blabbermouth.net,TRUE,FALSE
jornalcruzeiro.com.br,TRUE,FALSE
fox35orlando.com,TRUE,FALSE
reformer.com,TRUE,FALSE
wsls.com,TRUE,FALSE
kv.com.ua,TRUE,FALSE
ellicottvillenews.com,TRUE,FALSE
waukonstandard.com,TRUE,FALSE
vmagadan.ru,TRUE,FALSE
express-novosti.ru,TRUE,FALSE
oribatejo.pt,TRUE,FALSE
epltalk.com,TRUE,FALSE
tempsreel.nouvelobs.com,TRUE,FALSE
oprimeirodejaneiro.pt,TRUE,FALSE
kaernten.orf.at,TRUE,FALSE
salute.ilgiornale.it,TRUE,FALSE
crashonline.gr,TRUE,FALSE
afterdawn.com,TRUE,FALSE
housatonictimes.com,TRUE,FALSE
inewsgr.com,TRUE,FALSE
preussische-allgemeine.de,TRUE,FALSE
guernsey-press.com,TRUE,FALSE
news.cctv.com,TRUE,FALSE
homenewshere.com,TRUE,FALSE
tamworthherald.co.uk,TRUE,FALSE
fuldaerzeitung.de,TRUE,FALSE
milescitystar.com,TRUE,FALSE
soccer.nbcsports.com,TRUE,FALSE
allkpop.com,TRUE,FALSE
bgonair.bg,TRUE,FALSE
thestandard.com.hk,TRUE,FALSE
pohjarannik.ee,TRUE,FALSE
supernowosci24.pl,TRUE,FALSE
jurnalulbtd.ro,TRUE,FALSE
esterrepublic.com,TRUE,FALSE
pntonline.com,TRUE,FALSE
thelightofnewmexico.com,TRUE,FALSE
vaxjobladet.se,TRUE,FALSE
politifact.com,TRUE,FALSE
fowlertribune.com,TRUE,FALSE
svoboda.org,TRUE,FALSE
lenouvelliste.ch,TRUE,FALSE
spearmanreporter.com,TRUE,FALSE
notizie.tiscali.it,TRUE,FALSE
warszawa.naszemiasto.pl,TRUE,FALSE
tribstar.com,TRUE,FALSE
clubcall.com,TRUE,FALSE
smalanningen.se,TRUE,FALSE
cottonwoodholladayjournal.com,TRUE,FALSE
sadlyno.com,TRUE,FALSE
gamer.no,TRUE,FALSE
eaglevilletimes.com,TRUE,FALSE
nowiny24.pl,TRUE,FALSE
messagemedia.co,TRUE,FALSE
theintercept.com,TRUE,FALSE
folketidende.dk,TRUE,FALSE
thefairfieldrecorder.net,TRUE,FALSE
emderzeitung.de,TRUE,FALSE
ehow.com,TRUE,FALSE
bryantimes.com,TRUE,FALSE
elconfidencial.com,TRUE,FALSE
inter-news.it,TRUE,FALSE
wjtv.com,TRUE,FALSE
brasileiros.com.br,TRUE,FALSE
eurosport.yahoo.com,TRUE,FALSE
missoulanews.bigskypress.com,TRUE,FALSE
ksn.com,TRUE,FALSE
news.google.com.my,TRUE,FALSE
newpittsburghcourier.com,TRUE,FALSE
wallowa.com,TRUE,FALSE
voetbalzone.nl,TRUE,FALSE
gainesvilleregister.com,TRUE,FALSE
roma.corriere.it,TRUE,FALSE
wcvb.com,TRUE,FALSE
rutlandherald.com,TRUE,FALSE
reporter.net,TRUE,FALSE
sigmalive.com,TRUE,FALSE
proxy.espn.com,TRUE,FALSE
newsbullet.in,TRUE,FALSE
hildesheimer-allgemeine.de,TRUE,FALSE
vetlandaposten.se,TRUE,FALSE
emergeilfuturo.it,TRUE,FALSE
kticradio.com,TRUE,FALSE
tidewaternews.com,TRUE,FALSE
techhive.com,TRUE,FALSE
nation.com.pk,TRUE,FALSE
bfm.ru,TRUE,FALSE
voetbalnieuws.be,TRUE,FALSE
wealthwire.com,TRUE,FALSE
hmbreview.com,TRUE,FALSE
boasnoticias.pt,TRUE,FALSE
hillsdale.net,TRUE,FALSE
svenskafans.com,TRUE,FALSE
5newsonline.com,TRUE,FALSE
vozpopuli.com,TRUE,FALSE
korzar.sme.sk,TRUE,FALSE
bazonline.ch,TRUE,FALSE
pacc-news.com,TRUE,FALSE
marpravda.ru,TRUE,FALSE
basketblog.gr,TRUE,FALSE
newyorkbeacon.net,TRUE,FALSE
lacomarcadepuertollano.com,TRUE,FALSE
irishtimes.com,TRUE,FALSE
chto-proishodit.ru,TRUE,FALSE
mopo24.de,TRUE,FALSE
kodiakdailymirror.com,TRUE,FALSE
quattroruote.it,TRUE,FALSE
lavozarizona.com,TRUE,FALSE
barnsley-chronicle.co.uk,TRUE,FALSE
ngs22.ru,TRUE,FALSE
mmegi.bw,TRUE,FALSE
ipswichstar.co.uk,TRUE,FALSE
kuruc.info,TRUE,FALSE
livescience.com,TRUE,FALSE
baltimorechronicle.com,TRUE,FALSE
weeklytimesnow.com.au,TRUE,FALSE
mijn.ing.nl,TRUE,FALSE
contra-magazin.com,TRUE,FALSE
grantky.com,TRUE,FALSE
burnham-on-sea.com,TRUE,FALSE
lsjournal.com,TRUE,FALSE
cyol.com,TRUE,FALSE
gcdailyworld.com,TRUE,FALSE
raymondvillechroniclenews.com,TRUE,FALSE
an.no,TRUE,FALSE
laikrastisplunge.lt,TRUE,FALSE
movies.msn.com,TRUE,FALSE
walkermn.com,TRUE,FALSE
nationalledger.com,TRUE,FALSE
lafollettepress.com,TRUE,FALSE
racenet.com.au,TRUE,FALSE
telewizjarepublika.pl,TRUE,FALSE
tcrn.ch,TRUE,FALSE
maricopa.gov,TRUE,FALSE
postbulletin.com,TRUE,FALSE
commentarymagazine.com,TRUE,FALSE
gamenguide.com,TRUE,FALSE
daytondailynews.com,TRUE,FALSE
tacomadailyindex.com,TRUE,FALSE
janakkalansanomat.fi,TRUE,FALSE
riverfallsjournal.com,TRUE,FALSE
espn.com.ar,TRUE,FALSE
morrissuntribune.com,TRUE,FALSE
thedailyelkcitian.com,TRUE,FALSE
wschronicle.com,TRUE,FALSE
lepopulaire.fr,TRUE,FALSE
theolympian.com,TRUE,FALSE
halonoviny.cz,TRUE,FALSE
noticias.sapo.pt,TRUE,FALSE
teamtalk.com,TRUE,FALSE
sc-democrat.com,TRUE,FALSE
mk.by,TRUE,FALSE
keysnews.com,TRUE,FALSE
mainlinemedianews.com,TRUE,FALSE
clearwaterprogress.com,TRUE,FALSE
hu.ign.com,TRUE,FALSE
pctuning.tyden.cz,TRUE,FALSE
sentinel-echo.com,TRUE,FALSE
gandul.info,TRUE,FALSE
jhnewsandguide.com,TRUE,FALSE
mediamatters.org,TRUE,FALSE
yourstephenvilletx.com,TRUE,FALSE
xeniagazette.com,TRUE,FALSE
karpathir.com,TRUE,FALSE
williamsnews.com,TRUE,FALSE
steubencourier.com,TRUE,FALSE
athensohiotoday.com,TRUE,FALSE
chorley-guardian.co.uk,TRUE,FALSE
nordhordland.no,TRUE,FALSE
msn.com,TRUE,FALSE
livemint.com,TRUE,FALSE
penzcentrum.hu,TRUE,FALSE
privatbankar.hu,TRUE,FALSE
amityvillerecord.com,TRUE,FALSE
iberianet.com,TRUE,FALSE
diariocidade.pt,TRUE,FALSE
dragcoverage.com,TRUE,FALSE
liberation-champagne.fr,TRUE,FALSE
tribuneonlineng.com,TRUE,FALSE
radiookapi.net,TRUE,FALSE
tgcom24.mediaset.it,TRUE,FALSE
katc.com,TRUE,FALSE
barrowcountynews.com,TRUE,FALSE
capitalgazette.com,TRUE,FALSE
blickamabend.ch,TRUE,FALSE
motorauthority.com,TRUE,FALSE
wlbz2.com,TRUE,FALSE
times-standard.com,TRUE,FALSE
harlinger.de,TRUE,FALSE
proinanea.gr,TRUE,FALSE
signal.baldwincity.com,TRUE,FALSE
fox13memphis.com,TRUE,FALSE
fresnobee.com,TRUE,FALSE
247wallst.com,TRUE,FALSE
eleconomista.com.mx,TRUE,FALSE
wtvr.com,TRUE,FALSE
patriots.com,TRUE,FALSE
santaka.info,TRUE,FALSE
correiodeazemeis.pt,TRUE,FALSE
starandwave.com,TRUE,FALSE
tecnopasion.com,TRUE,FALSE
banker.bg,TRUE,FALSE
kristeligt-dagblad.dk,TRUE,FALSE
mydallaspost.com,TRUE,FALSE
lindanieuws.nl,TRUE,FALSE
goal.pl,TRUE,FALSE
ogemawherald.com,TRUE,FALSE
thegrundyregister.com,TRUE,FALSE
warringtonguardian.co.uk,TRUE,FALSE
wyodaily.com,TRUE,FALSE
mtdemocrat.com,TRUE,FALSE
glamour.com,TRUE,FALSE
indycar.com,TRUE,FALSE
cnet.com.au,TRUE,FALSE
thedailypage.com,TRUE,FALSE
t3n.de,TRUE,FALSE
carrborocitizen.com,TRUE,FALSE
styleblazer.com,TRUE,FALSE
public.fr,TRUE,FALSE
cobouw.nl,TRUE,FALSE
pravdasevera.ru,TRUE,FALSE
nto.pl,TRUE,FALSE
kurikka-lehti.fi,TRUE,FALSE
gds.it,TRUE,FALSE
espn.com.br,TRUE,FALSE
paragoulddailypress.com,TRUE,FALSE
cljnews.com,TRUE,FALSE
baxleynewsbanner.com,TRUE,FALSE
economics.unian.net,TRUE,FALSE
einbecker-morgenpost.de,TRUE,FALSE
vancouversun.com,TRUE,FALSE
runwayriot.com,TRUE,FALSE
esquerda.net,TRUE,FALSE
oakridger.com,TRUE,FALSE
culturu.com,TRUE,FALSE
cbs7.com,TRUE,FALSE
paris-normandie.fr,TRUE,FALSE
valleybreeze.com,TRUE,FALSE
6abc.com,TRUE,FALSE
fyens.dk,TRUE,FALSE
news.ninemsn.com.au,TRUE,FALSE
forestlaketimes.com,TRUE,FALSE
kmeta.bg,TRUE,FALSE
martinsvilledaily.com,TRUE,FALSE
lasvegascitylife.com,TRUE,FALSE
wcnc.com,TRUE,FALSE
welingelichtekringen.nl,TRUE,FALSE
dailystandard.com,TRUE,FALSE
espn.com.mx,TRUE,FALSE
formiche.net,TRUE,FALSE
aufeminin.com,TRUE,FALSE
decorahnewspapers.com,TRUE,FALSE
wspa.com,TRUE,FALSE
moms.today.com,TRUE,FALSE
the-japan-news.com,TRUE,FALSE
fvn.no,TRUE,FALSE
grbj.com,TRUE,FALSE
monitor.co.ug,TRUE,FALSE
marshfieldmail.com,TRUE,FALSE
meristation.com,TRUE,FALSE
tauntongazette.com,TRUE,FALSE
adnkronos.com,TRUE,FALSE
news.google.com.gh,TRUE,FALSE
folkebladet.no,TRUE,FALSE
presspublica.gr,TRUE,FALSE
alvareviewcourier.com,TRUE,FALSE
clarkecountydemocrat.com,TRUE,FALSE
democraticgovernors.org,TRUE,FALSE
weeklyview.net,TRUE,FALSE
ajax1.nl,TRUE,FALSE
courrierdefloride.com,TRUE,FALSE
maconnews.com,TRUE,FALSE
acentolatino.com,TRUE,FALSE
nba.nbcsports.com,TRUE,FALSE
bulgariasega.com,TRUE,FALSE
onsports.gr,TRUE,FALSE
ksta.de,TRUE,FALSE
wrcbtv.com,TRUE,FALSE
potomacalmanac.com,TRUE,FALSE
euro2day.gr,TRUE,FALSE
shawneedispatch.com,TRUE,FALSE
idnes.cz,TRUE,FALSE
entlebucher-anzeiger.ch,TRUE,FALSE
24rus.ru,TRUE,FALSE
gyvenimas.eu,TRUE,FALSE
dadesentinel.com,TRUE,FALSE
coalvalleynews.com,TRUE,FALSE
nj1015.com,TRUE,FALSE
woodwardnews.net,TRUE,FALSE
sthelensreporter.co.uk,TRUE,FALSE
diariodominho.pt,TRUE,FALSE
bratislavskenoviny.sk,TRUE,FALSE
hopewellvalleynews.com,TRUE,FALSE
espncricinfo.com,TRUE,FALSE
supergt.net,TRUE,FALSE
mountvernongazette.com,TRUE,FALSE
noaa.gov,TRUE,FALSE
theautochannel.com,TRUE,FALSE
hartselleenquirer.com,TRUE,FALSE
hellogiggles.com,TRUE,FALSE
playitusa.com,TRUE,FALSE
countycourieronline.com,TRUE,FALSE
kankaanpaanseutu.fi,TRUE,FALSE
elektro.at,TRUE,FALSE
mcduffieprogress.com,TRUE,FALSE
geneseorepublic.com,TRUE,FALSE
obermain.de,TRUE,FALSE
diariodeavisos.es,TRUE,FALSE
alvorada.pt,TRUE,FALSE
thescore.com,TRUE,FALSE
atascaderonews.com,TRUE,FALSE
pacificnewscenter.com,TRUE,FALSE
pvnews.com,TRUE,FALSE
notosnet.gr,TRUE,FALSE
slawyanka.info,TRUE,FALSE
metronews.ru,TRUE,FALSE
panorama.it,TRUE,FALSE
diregiovani.it,TRUE,FALSE
lakotacountrytimes.com,TRUE,FALSE
pulaskicountymirror.com,TRUE,FALSE
brainerddispatch.com,TRUE,FALSE
searchengineland.com,TRUE,FALSE
dnews.com,TRUE,FALSE
mcleanconnection.com,TRUE,FALSE
bustle.com,TRUE,FALSE
investor.bg,TRUE,FALSE
thechronicleherald.ca,TRUE,FALSE
lebanondailyrecord.com,TRUE,FALSE
topangamessenger.com,TRUE,FALSE
sabado.pt,TRUE,FALSE
northcountrynow.com,TRUE,FALSE
ego.globo.com,TRUE,FALSE
nelli.ee,TRUE,FALSE
ca.sports.yahoo.com,TRUE,FALSE
shareably.co,TRUE,FALSE
szinhaz.hu,TRUE,FALSE
headlightherald.com,TRUE,FALSE
moabtimes.com,TRUE,FALSE
pt.se,TRUE,FALSE
gea.de,TRUE,FALSE
gacetamedica.com,TRUE,FALSE
azom.com,TRUE,FALSE
tijd.be,TRUE,FALSE
whiplash.net,TRUE,FALSE
mensfitness.com,TRUE,FALSE
uefa.com,TRUE,FALSE
idg.se,TRUE,FALSE
metronieuws.nl,TRUE,FALSE
masoncountynews.com,TRUE,FALSE
ludzaszeme.lv,TRUE,FALSE
rtvoost.nl,TRUE,FALSE
politi.co,TRUE,FALSE
diariodenavarra.es,TRUE,FALSE
southflorida.com,TRUE,FALSE
greenvilleonline.com,TRUE,FALSE
sportsnet.ca,TRUE,FALSE
wdtn.com,TRUE,FALSE
gaystarnews.com,TRUE,FALSE
xgames.espn.com,TRUE,FALSE
hometownjournal.biz,TRUE,FALSE
regionews.at,TRUE,FALSE
legacy.com,TRUE,FALSE
mcleansborotimesleader.com,TRUE,FALSE
ljworld.com,TRUE,FALSE
tvefamosos.uol.com.br,TRUE,FALSE
pelhamweekly.com,TRUE,FALSE
fr12.nl,TRUE,FALSE
traku-zeme.lt,TRUE,FALSE
margriet.nl,TRUE,FALSE
lufkindailynews.com,TRUE,FALSE
kpravda.ru,TRUE,FALSE
dailyworld.com,TRUE,FALSE
psl.co.za,TRUE,FALSE
mysuncoast.com,TRUE,FALSE
skd.se,TRUE,FALSE
goldseek.com,TRUE,FALSE
extra.globo.com,TRUE,FALSE
gazetapolska.pl,TRUE,FALSE
aidas.lt,TRUE,FALSE
hastingsobserver.co.uk,TRUE,FALSE
ziaruldemures.ro,TRUE,FALSE
movieweb.com,TRUE,FALSE
android.gs,TRUE,FALSE
republic-online.com,TRUE,FALSE
knoe.com,TRUE,FALSE
registerherald.com,TRUE,FALSE
alaska.fm,TRUE,FALSE
saratogatodayonline.com,TRUE,FALSE
sedaliademocrat.com,TRUE,FALSE
halesowennews.co.uk,TRUE,FALSE
viennaconnection.com,TRUE,FALSE
newstribune.com,TRUE,FALSE
tmonews.com,TRUE,FALSE
star-telegram.com,TRUE,FALSE
wickedlocal.com,TRUE,FALSE
hampshirechronicle.co.uk,TRUE,FALSE
torinotoday.it,TRUE,FALSE
nordschleswiger.dk,TRUE,FALSE
sunnewsonline.com,TRUE,FALSE
rollingstone.com,TRUE,FALSE
phinphanatic.com,TRUE,FALSE
bayareaobserver.com,TRUE,FALSE
inside-it.ch,TRUE,FALSE
augsburger-allgemeine.de,TRUE,FALSE
lexingtonleader.com,TRUE,FALSE
news.fidelity.com,TRUE,FALSE
gaynz.com,TRUE,FALSE
ofuxico.com.br,TRUE,FALSE
zrpress.ru,TRUE,FALSE
pilotonline.com,TRUE,FALSE
denverncnews.com,TRUE,FALSE
blick.ch,TRUE,FALSE
freepressstandard.com,TRUE,FALSE
fullertonobserver.com,TRUE,FALSE
fortune.com,TRUE,FALSE
parkrapidsenterprise.com,TRUE,FALSE
thewashingtondailynews.com,TRUE,FALSE
santacruzsentinel.com,TRUE,FALSE
dv.is,TRUE,FALSE
interfax.ru,TRUE,FALSE
ledauphine.com,TRUE,FALSE
si.com,TRUE,FALSE
siegener-zeitung.de,TRUE,FALSE
mcall.com,TRUE,FALSE
nasdaq.com,TRUE,FALSE
tryondailybulletin.com,TRUE,FALSE
magadanpravda.ru,TRUE,FALSE
vancnews.com,TRUE,FALSE
sportstravel.com,TRUE,FALSE
recordernews.com,TRUE,FALSE
comicbookmovie.com,TRUE,FALSE
sanfrancisco.cbslocal.com,TRUE,FALSE
swiowanewssource.com,TRUE,FALSE
dailyrepublicannews.com,TRUE,FALSE
enikos.gr,TRUE,FALSE
pawtuckettimes.com,TRUE,FALSE
pcnr.com,TRUE,FALSE
nettavisen.no,TRUE,FALSE
thestarpress.com,TRUE,FALSE
pplware.sapo.pt,TRUE,FALSE
punto-informatico.it,TRUE,FALSE
steynonline.com,TRUE,FALSE
arenacindependent.com,TRUE,FALSE
bentonspiritnews.com,TRUE,FALSE
telen.no,TRUE,FALSE
aap.org,TRUE,FALSE
portorchardindependent.com,TRUE,FALSE
bohuslaningen.se,TRUE,FALSE
shakesville.com,TRUE,FALSE
phoenixvillenews.com,TRUE,FALSE
nat-geo.ru,TRUE,FALSE
droid-life.com,TRUE,FALSE
laopiniondemalaga.es,TRUE,FALSE
kildare-nationalist.ie,TRUE,FALSE
artistdirect.com,TRUE,FALSE
motorcyclistonline.com,TRUE,FALSE
svitlytsia.crimea.ua,TRUE,FALSE
rrstar.com,TRUE,FALSE
nuevosiglo.com,TRUE,FALSE
jrbjonline.com,TRUE,FALSE
thestar.ie,TRUE,FALSE
ramonajournal.com,TRUE,FALSE
cnpnet.com,TRUE,FALSE
taskandpurpose.com,TRUE,FALSE
gizmag.com,TRUE,FALSE
dailygate.com,TRUE,FALSE
lexingtonchronicle.com,TRUE,FALSE
danas.rs,TRUE,FALSE
monitorulbt.ro,TRUE,FALSE
hpe.com,TRUE,FALSE
gizmodo.co.uk,TRUE,FALSE
sciencecodex.com,TRUE,FALSE
m.sport.oe24.at:oe24.at,TRUE,FALSE
kontrakty.ua,TRUE,FALSE
wtae.com,TRUE,FALSE
salemnews.net,TRUE,FALSE
volksblatt.at,TRUE,FALSE
mnovine.biz,TRUE,FALSE
forsythnews.com,TRUE,FALSE
ntra.com,TRUE,FALSE
monett-times.com,TRUE,FALSE
beachesleader.com,TRUE,FALSE
campverdebugleonline.com,TRUE,FALSE
portal.tds.net,TRUE,FALSE
topnews.gr,TRUE,FALSE
romaniatv.net,TRUE,FALSE
m.knack.be:knack.be,TRUE,FALSE
adelaidenow.com.au,TRUE,FALSE
roscommonherald.ie,TRUE,FALSE
annarbor.com,TRUE,FALSE
lowellsun.com,TRUE,FALSE
smdailyjournal.com,TRUE,FALSE
foxbororeporter.com,TRUE,FALSE
whotv.com,TRUE,FALSE
theunion.com,TRUE,FALSE
citypaper.com,TRUE,FALSE
super.abril.com.br,TRUE,FALSE
dnj.com,TRUE,FALSE
vsp.ru,TRUE,FALSE
zdg.md,TRUE,FALSE
expansion.com,TRUE,FALSE
nakedcapitalism.com,TRUE,FALSE
pacbiztimes.com,TRUE,FALSE
democracynow.org,TRUE,FALSE
dailyleader.com,TRUE,FALSE
roldskovbladet.dk,TRUE,FALSE
golf.com,TRUE,FALSE
shocktillyoudrop.com,TRUE,FALSE
chippewa.com,TRUE,FALSE
charlestonbusiness.com,TRUE,FALSE
zdnet.be,TRUE,FALSE
windsorhightsherald.com,TRUE,FALSE
regeringen.se,TRUE,FALSE
it.ibtimes.com,TRUE,FALSE
hallingdolen.no,TRUE,FALSE
madisonjournaltoday.com,TRUE,FALSE
goal.com,TRUE,FALSE
mstrok.ru,TRUE,FALSE
portlavacawave.com,TRUE,FALSE
aujourdhui-en-france.fr,TRUE,FALSE
kolesa.ru,TRUE,FALSE
lettera43.it,TRUE,FALSE
trud.bg,TRUE,FALSE
kxly.com,TRUE,FALSE
sportsbookreview.com,TRUE,FALSE
24.hu,TRUE,FALSE
finanznachrichten.de,TRUE,FALSE
fjardarposturinn.is,TRUE,FALSE
southcn.com,TRUE,FALSE
antenna.gr,TRUE,FALSE
kuam.com,TRUE,FALSE
teleborsa.it,TRUE,FALSE
rushvillerepublican.com,TRUE,FALSE
nfl.com,TRUE,FALSE
thisainthell.us,TRUE,FALSE
scorecenter.espn.com,TRUE,FALSE
news4sanantonio.com,TRUE,FALSE
democratargus.com,TRUE,FALSE
aktiv.origo.hu,TRUE,FALSE
brownfieldonline.com,TRUE,FALSE
m.blitz.bg:blitz.bg,TRUE,FALSE
checheninfo.ru,TRUE,FALSE
deutsche-wirtschafts-nachrichten.de,TRUE,FALSE
history.com,TRUE,FALSE
budapester.hu,TRUE,FALSE
zimeye.org,TRUE,FALSE
lansingstatejournal.com,TRUE,FALSE
trakyaninsesi.com,TRUE,FALSE
nbcbayarea.com,TRUE,FALSE
rte.ie,TRUE,FALSE
wkrg.com,TRUE,FALSE
rhein-zeitung.de,TRUE,FALSE
sacurrent.com,TRUE,FALSE
birminghammail.co.uk,TRUE,FALSE
lifo.gr,TRUE,FALSE
managersonline.nl,TRUE,FALSE
laureloutlook.com,TRUE,FALSE
turbo.fr,TRUE,FALSE
clevescene.com,TRUE,FALSE
thewildwoodsreporter.com,TRUE,FALSE
belgazeta.by,TRUE,FALSE
vdare.com,TRUE,FALSE
e-nepujsag.ro,TRUE,FALSE
fuw.ch,TRUE,FALSE
seacoastonline.com,TRUE,FALSE
rtl.be,TRUE,FALSE
crainou.ro,TRUE,FALSE
gloucestershirelive.co.uk,TRUE,FALSE
aachener-zeitung.de,TRUE,FALSE
independent.ie,TRUE,FALSE
ecanadanow.com,TRUE,FALSE
whatculture.com,TRUE,FALSE
extremetech.com,TRUE,FALSE
novinky.cz,TRUE,FALSE
record.xl.pt,TRUE,FALSE
cunews.info,TRUE,FALSE
thebookseller.com,TRUE,FALSE
wintersetmadisonian.com,TRUE,FALSE
newatlas.com,TRUE,FALSE
contracostatimes.com,TRUE,FALSE
nigeriafilms.com,TRUE,FALSE
herald-progress.com,TRUE,FALSE
sanduskyregister.com,TRUE,FALSE
bangordailynews.com,TRUE,FALSE
amurpravda.ru,TRUE,FALSE
pcgames.de,TRUE,FALSE
lehighacrescitizen.com,TRUE,FALSE
weekendavisen.dk,TRUE,FALSE
kokomoperspective.com,TRUE,FALSE
mammothtimes.com,TRUE,FALSE
hometownfocus.us,TRUE,FALSE
nyheteridag.se,TRUE,FALSE
laregion.es,TRUE,FALSE
vnews.com,TRUE,FALSE
salzburg.com,TRUE,FALSE
wyborcza.biz,TRUE,FALSE
wfla.com,TRUE,FALSE
infomoney.com.br,TRUE,FALSE
iospress.gr,TRUE,FALSE
wset.com,TRUE,FALSE
mattinopadova.gelocal.it,TRUE,FALSE
sportsworld.nbcsports.com,TRUE,FALSE
fijilive.com,TRUE,FALSE
express.gr,TRUE,FALSE
klassa.bg,TRUE,FALSE
albawaba.com,TRUE,FALSE
automonitor.pt,TRUE,FALSE
wwe.com,TRUE,FALSE
francetvinfo.fr,TRUE,FALSE
nonleaguedaily.com,TRUE,FALSE
stegenherald.com,TRUE,FALSE
dailynews.lk,TRUE,FALSE
hullcityafc.net,TRUE,FALSE
rbb-online.de,TRUE,FALSE
themonroetimes.com,TRUE,FALSE
lr-online.de,TRUE,FALSE
dalane-tidende.no,TRUE,FALSE
technewsdaily.com,TRUE,FALSE
politicususa.com,TRUE,FALSE
meadecountymessenger.com,TRUE,FALSE
econews.gr,TRUE,FALSE
mobile.in.gr,TRUE,FALSE
pointandshoreland.com,TRUE,FALSE
nymag.com,TRUE,FALSE
mediaite.com,TRUE,FALSE
timesandstar.co.uk,TRUE,FALSE
businessreport.com,TRUE,FALSE
heraldadvocate.com,TRUE,FALSE
cgsentinel.com,TRUE,FALSE
dziennikpolski24.pl,TRUE,FALSE
northcoastnow.com,TRUE,FALSE
volkskrant.nl,TRUE,FALSE
thesounder.com,TRUE,FALSE
news.msn.com,TRUE,FALSE
sissetoncourier.com,TRUE,FALSE
amigonews.com,TRUE,FALSE
marler-zeitung.de,TRUE,FALSE
saintsrlfc.com,TRUE,FALSE
jacksoncountytimes.net,TRUE,FALSE
kpax.com,TRUE,FALSE
benningtonbanner.com,TRUE,FALSE
mediterra.com,TRUE,FALSE
theroar.com.au,TRUE,FALSE
wausharaargus.com,TRUE,FALSE
jfb.hu,TRUE,FALSE
finance-commerce.com,TRUE,FALSE
mysuburbanlife.com,TRUE,FALSE
zdnet.de,TRUE,FALSE
harrisonnewsherald.com,TRUE,FALSE
mrctv.org,TRUE,FALSE
kristv.com,TRUE,FALSE
nbc29.com,TRUE,FALSE
lasvegas.informermg.com,TRUE,FALSE
theindependentobserver.com,TRUE,FALSE
edmondsun.com,TRUE,FALSE
dddnews.com,TRUE,FALSE
digbysblog.blogspot.com,TRUE,FALSE
sundayworld.com,TRUE,FALSE
northernlife.ca,TRUE,FALSE
thealmatimes.com,TRUE,FALSE
westernmorningnews.co.uk,TRUE,FALSE
lanouvellerepublique.fr,TRUE,FALSE
utne.com,TRUE,FALSE
berliner-zeitung.de,TRUE,FALSE
osundefender.org,TRUE,FALSE
azc.cc,TRUE,FALSE
mahometdaily.com,TRUE,FALSE
gd.no,TRUE,FALSE
bbc.com,TRUE,FALSE
charentelibre.fr,TRUE,FALSE
thetombstonenews.com,TRUE,FALSE
the-scientist.com,TRUE,FALSE
franklintownnews.com,TRUE,FALSE
wmbfnews.com,TRUE,FALSE
wallstreet-online.de,TRUE,FALSE
shared.com,TRUE,FALSE
hardanger-folkeblad.no,TRUE,FALSE
lanuovasardegna.gelocal.it,TRUE,FALSE
littlethings.com,TRUE,FALSE
rumorfix.com,TRUE,FALSE
ultimate-guitar.com,TRUE,FALSE
brookings.edu,TRUE,FALSE
mycaldwellcounty.com,TRUE,FALSE
aip.nu,TRUE,FALSE
fcporto.pt,TRUE,FALSE
gazette.com,TRUE,FALSE
gp24.pl,TRUE,FALSE
maltatoday.com.mt,TRUE,FALSE
omelete.uol.com.br,TRUE,FALSE
lacrossetribune.com,TRUE,FALSE
gog.cn,TRUE,FALSE
ameliamonitor.com,TRUE,FALSE
stormlake.com,TRUE,FALSE
stategazette.com,TRUE,FALSE
nepalnews.com,TRUE,FALSE
khq.com,TRUE,FALSE
hypervocal.com,TRUE,FALSE
thedailynewsonline.com,TRUE,FALSE
slovenskenovice.si,TRUE,FALSE
birminghamtimesonline.com,TRUE,FALSE
journal-advocate.com,TRUE,FALSE
rapidcityjournal.com,TRUE,FALSE
cna.gr,TRUE,FALSE
lesechos.fr,TRUE,FALSE
sfgate.com,TRUE,FALSE
warwickonline.com,TRUE,FALSE
news.howzit.msn.com,TRUE,FALSE
ecprogress.com,TRUE,FALSE
nrk.no,TRUE,FALSE
olneyenterprise.com,TRUE,FALSE
kingfisherpress.net,TRUE,FALSE
antyweb.pl,TRUE,FALSE
theland.com.au,TRUE,FALSE
kathimerini.gr,TRUE,FALSE
trend-online.com,TRUE,FALSE
diariodepernambuco.com.br,TRUE,FALSE
countyenews.com,TRUE,FALSE
wexfordecho.ie,TRUE,FALSE
ria56.ru,TRUE,FALSE
cumberland-advocate.com,TRUE,FALSE
fox4kc.com,TRUE,FALSE
oklahomaconstitution.com,TRUE,FALSE
sovsport.ru,TRUE,FALSE
m.ilmessaggero.it:ilmessaggero.it,TRUE,FALSE
thestar.com,TRUE,FALSE
troyrecord.com,TRUE,FALSE
pontevedrarecorder.com,TRUE,FALSE
princetonleadernow.com,TRUE,FALSE
elcolombiano.net,TRUE,FALSE
centraloregonian.com,TRUE,FALSE
lucianne.com,TRUE,FALSE
sent-trib.com,TRUE,FALSE
nowpublic.com,TRUE,FALSE
origo.hu,TRUE,FALSE
barnsleyindependent.com,TRUE,FALSE
oxfordtimes.co.uk,TRUE,FALSE
ringsaker-blad.no,TRUE,FALSE
keski-uusimaa.fi,TRUE,FALSE
prvnizpravy.cz,TRUE,FALSE
idacountycourier.com,TRUE,FALSE
bigpondnews.com,TRUE,FALSE
bowienewsinc.com,TRUE,FALSE
affarsliv24.vk.se,TRUE,FALSE
huffingtonpost.fr,TRUE,FALSE
eldoradotimes.com,TRUE,FALSE
newsbomb.gr,TRUE,FALSE
gridleyherald.com,TRUE,FALSE
vastmanlandsnyheter.se,TRUE,FALSE
leavenworthtimes.com,TRUE,FALSE
premiumtimesng.com,TRUE,FALSE
peacefmonline.com,TRUE,FALSE
tribuneindia.com,TRUE,FALSE
poughkeepsiejournal.com,TRUE,FALSE
drive.com.au,TRUE,FALSE
tntv.pf,TRUE,FALSE
curved.de,TRUE,FALSE
bet.com,TRUE,FALSE
dailypost.co.uk,TRUE,FALSE
stuttgarter-zeitung.de,TRUE,FALSE
fontanaheraldnews.com,TRUE,FALSE
mcrecord.com,TRUE,FALSE
carlowpeople.ie,TRUE,FALSE
yesweekly.com,TRUE,FALSE
ht.no,TRUE,FALSE
lyoncapitale.fr,TRUE,FALSE
pressonline.rs,TRUE,FALSE
clarkhoward.com,TRUE,FALSE
cleantechnica.com,TRUE,FALSE
laprovinciapavese.gelocal.it,TRUE,FALSE
bellevuebusinessjournal.com,TRUE,FALSE
faniq.com,TRUE,FALSE
knoxvilledailysun.com,TRUE,FALSE
therussiantimes.com,TRUE,FALSE
magicvalley.com,TRUE,FALSE
owyheepublishing.com,TRUE,FALSE
polisblog.it,TRUE,FALSE
mic.com,TRUE,FALSE
cosmo.ru,TRUE,FALSE
hockeyinsideout.com,TRUE,FALSE
cruisecritic.com,TRUE,FALSE
erwinrecord.net,TRUE,FALSE
thepaper24-7.com,TRUE,FALSE
tvp.info,TRUE,FALSE
fairfieldbaynews.com,TRUE,FALSE
morrisdailyherald.com,TRUE,FALSE
uk.reuters.com,TRUE,FALSE
c-bstatesman.com,TRUE,FALSE
ljubljanskenovice.si,TRUE,FALSE
bullardnews.com,TRUE,FALSE
vernonmorningstar.com,TRUE,FALSE
timpul.md,TRUE,FALSE
au.finance.yahoo.com,TRUE,FALSE
drf.com,TRUE,FALSE
slovacky.denik.cz,TRUE,FALSE
local10.com,TRUE,FALSE
parallaximag.gr,TRUE,FALSE
panolian.com,TRUE,FALSE
somersetcountygazette.co.uk,TRUE,FALSE
diariodemallorca.es,TRUE,FALSE
realitateabihoreana.ro,TRUE,FALSE
video.foxbusiness.com,TRUE,FALSE
adairprogress.com,TRUE,FALSE
boisecitynews.org,TRUE,FALSE
muscatinejournal.com,TRUE,FALSE
ppindependent.net,TRUE,FALSE
redaktionell.ch,TRUE,FALSE
lakecountyexam.com,TRUE,FALSE
98fm.com,TRUE,FALSE
ktar.com,TRUE,FALSE
chinanews.com,TRUE,FALSE
bazkompakt.ch,TRUE,FALSE
brenhambanner.com,TRUE,FALSE
fanatix.com,TRUE,FALSE
m24.ru,TRUE,FALSE
bramptonguardian.com,TRUE,FALSE
sibianul.gandul.info,TRUE,FALSE
hellomagazin.rs,TRUE,FALSE
ouraynews.com,TRUE,FALSE
jdledger.com,TRUE,FALSE
douglasdispatch.com,TRUE,FALSE
15min.lt,TRUE,FALSE
hughhewitt.com,TRUE,FALSE
suwanneedemocrat.com,TRUE,FALSE
elynews.com,TRUE,FALSE
csindy.com,TRUE,FALSE
themillennews.com,TRUE,FALSE
becejski-mozaik.co.rs,TRUE,FALSE
blic.rs,TRUE,FALSE
music.net.cy,TRUE,FALSE
defensacentral.com,TRUE,FALSE
gazeta.ksu.ru,TRUE,FALSE
meaww.com,TRUE,FALSE
motortrend.com,TRUE,FALSE
islandconnections.eu,TRUE,FALSE
lpga.com,TRUE,FALSE
corriere.it,TRUE,FALSE
greenwich-post.com,TRUE,FALSE
kauppalehti.fi,TRUE,FALSE
newsit.gr,TRUE,FALSE
ogdenreporter.com,TRUE,FALSE
techcrunch.com,TRUE,FALSE
michronicleonline.com,TRUE,FALSE
ilfordrecorder.co.uk,TRUE,FALSE
dailyexpress.com.my,TRUE,FALSE
mountolivetribune.com,TRUE,FALSE
mopo.de,TRUE,FALSE
rbctv.rbc.ru,TRUE,FALSE
newberryobserver.com,TRUE,FALSE
sport.dziennik.pl,TRUE,FALSE
youredm.com,TRUE,FALSE
metro.gazeta.pl,TRUE,FALSE
theconversation.com,TRUE,FALSE
ug.ru,TRUE,FALSE
theweek.co.uk,TRUE,FALSE
therogersvillereview.com,TRUE,FALSE
fivethirtyeight.com,TRUE,FALSE
greenfiretimes.com,TRUE,FALSE
thedailystar.net,TRUE,FALSE
urbanislandz.com,TRUE,FALSE
lavozdelanzarote.com,TRUE,FALSE
liderpress.hr,TRUE,FALSE
saukvalley.com,TRUE,FALSE
texomashomepage.com,TRUE,FALSE
pressdemo.com,TRUE,FALSE
alamedasun.com,TRUE,FALSE
yahoo.com,TRUE,FALSE
satakunnankansa.fi,TRUE,FALSE
sports.nbcsports.com,TRUE,FALSE
theindependent.com,TRUE,FALSE
lavoz.com.ar,TRUE,FALSE
pt.ign.com,TRUE,FALSE
sheboyganpress.com,TRUE,FALSE
croydonguardian.co.uk,TRUE,FALSE
ultimahora.com,TRUE,FALSE
baltimoreravens.com,TRUE,FALSE
entertainment.verizon.com,TRUE,FALSE
lovebscott.com,TRUE,FALSE
insidenorthernnevada.com,TRUE,FALSE
nlt.se,TRUE,FALSE
hrivna.info,TRUE,FALSE
omroepzeeland.nl,TRUE,FALSE
wiesbadener-kurier.de,TRUE,FALSE
sulinformacao.pt,TRUE,FALSE
profootballtalk.nbcsports.com,TRUE,FALSE
pohjankyro-lehti.fi,TRUE,FALSE
rt.com,TRUE,FALSE
crimesite.nl,TRUE,FALSE
thv11.com,TRUE,FALSE
birzhaplus.ru,TRUE,FALSE
realfrisco.com,TRUE,FALSE
funx.nl,TRUE,FALSE
klaipeda.diena.lt,TRUE,FALSE
livingstondaily.com,TRUE,FALSE
gambling911.com,TRUE,FALSE
fairborndailyherald.com,TRUE,FALSE
peoriatimes.com,TRUE,FALSE
xronos.gr,TRUE,FALSE
markets.businessinsider.com,TRUE,FALSE
thenewsenterprise.com,TRUE,FALSE
alvolante.it,TRUE,FALSE
thefiscaltimes.com,TRUE,FALSE
baledger.com,TRUE,FALSE
endeavornews.com,TRUE,FALSE
newsadvance.com,TRUE,FALSE
sfreporter.com,TRUE,FALSE
drudgereportarchives.com,TRUE,FALSE
indre.no,TRUE,FALSE
hamdenjournal.com,TRUE,FALSE
video.latino.foxnews.com,TRUE,FALSE
boehme-zeitung.de,TRUE,FALSE
toronews.net,TRUE,FALSE
ewg.org,TRUE,FALSE
fussballtransfers.com,TRUE,FALSE
timesleaderonline.com,TRUE,FALSE
paulickreport.com,TRUE,FALSE
grandforksherald.com,TRUE,FALSE
ojornal.com,TRUE,FALSE
koha.net,TRUE,FALSE
tagesanzeiger.ch,TRUE,FALSE
goodmenproject.com,TRUE,FALSE
eldigitalcastillalamancha.es,TRUE,FALSE
addictinginfo.org,TRUE,FALSE
kielce.sport.pl,TRUE,FALSE
planetrock.com,TRUE,FALSE
southvalleyjournal.com,TRUE,FALSE
888.hu,TRUE,FALSE
mynewsdesk.com,TRUE,FALSE
sciencefriday.com,TRUE,FALSE
essentialvitality.org,TRUE,FALSE
prof-press.by,TRUE,FALSE
jamestownnews.com,TRUE,FALSE
tomshardware.com,TRUE,FALSE
lakestevensjournal.com,TRUE,FALSE
tucsonweekly.com,TRUE,FALSE
film.onet.pl,TRUE,FALSE
todayonline.com,TRUE,FALSE
rollcall.com,TRUE,FALSE
joplinindependent.com,TRUE,FALSE
cctimesdemocrat.com,TRUE,FALSE
tablety.pl,TRUE,FALSE
sylvaniatelephone.com,TRUE,FALSE
poundingtherock.com,TRUE,FALSE
filmspot.pt,TRUE,FALSE
gospodarka.dziennik.pl,TRUE,FALSE
zsz.ch,TRUE,FALSE
superbasket.gr,TRUE,FALSE
dnesbg.com,TRUE,FALSE
mcherald.com,TRUE,FALSE
news.com.au,TRUE,FALSE
ottawasun.com,TRUE,FALSE
chesterfieldobserver.com,TRUE,FALSE
topix.net,TRUE,FALSE
sazka.cz,TRUE,FALSE
juvanlehti.fi,TRUE,FALSE
tvguide.com,TRUE,FALSE
gsmarena.com,TRUE,FALSE
antiwar.com,TRUE,FALSE
ely-standard.co.uk,TRUE,FALSE
ng.ru,TRUE,FALSE
rosbalt.ru,TRUE,FALSE
bloom.bg,TRUE,FALSE
myfoxorlando.com,TRUE,FALSE
andrewsullivan.com,TRUE,FALSE
meltontimes.co.uk,TRUE,FALSE
wcti12.com,TRUE,FALSE
daily-journal.com,TRUE,FALSE
elboletin.com,TRUE,FALSE
echo-news.co.uk,TRUE,FALSE
ladowntownnews.com,TRUE,FALSE
marinetimes.ie,TRUE,FALSE
hanfordsentinel.com,TRUE,FALSE
soberaniadopovo.pt,TRUE,FALSE
ap.org,TRUE,FALSE
eposten.se,TRUE,FALSE
harlanonline.com,TRUE,FALSE
jornais.sapo.pt,TRUE,FALSE
decaturdaily.com,TRUE,FALSE
sierrastar.com,TRUE,FALSE
mojawyspa.co.uk,TRUE,FALSE
thefinancialexpress-bd.com,TRUE,FALSE
money.ro,TRUE,FALSE
examiner.com,TRUE,FALSE
advocate-news.com,TRUE,FALSE
melrosebeacon.com,TRUE,FALSE
thepeoplenews.com,TRUE,FALSE
lincolndailynews.com,TRUE,FALSE
southbostononline.com,TRUE,FALSE
northbaybusinessjournal.com,TRUE,FALSE
vl.no,TRUE,FALSE
howelltimes.micromediapubs.com,TRUE,FALSE
publishersweekly.com,TRUE,FALSE
kn-online.de,TRUE,FALSE
freep.com,TRUE,FALSE
knoxnews.com,TRUE,FALSE
kcci.com,TRUE,FALSE
wetpaint.com,TRUE,FALSE
cross.bg,TRUE,FALSE
evening-kazan.ru,TRUE,FALSE
lenouveaudetective.com,TRUE,FALSE
romatoday.it,TRUE,FALSE
samoborskiglasnik.net,TRUE,FALSE
standardbredcanada.ca,TRUE,FALSE
news.google.com,TRUE,FALSE
gazetaweb.globo.com,TRUE,FALSE
plainsman.com,TRUE,FALSE
fortmyers.floridaweekly.com,TRUE,FALSE
allgaeuer-anzeigeblatt.de,TRUE,FALSE
euro2016.gong.bg,TRUE,FALSE
uusiaika-lehti.fi,TRUE,FALSE
greenme.it,TRUE,FALSE
tv.msn.com,TRUE,FALSE
hetiujszo.hhrf.org,TRUE,FALSE
thisissouthwales.co.uk,TRUE,FALSE
gazetademaramures.ro,TRUE,FALSE
gnz.de,TRUE,FALSE
denver.cbslocal.com,TRUE,FALSE
rednet.cn,TRUE,FALSE
wchstv.com,TRUE,FALSE
boerse-online.de,TRUE,FALSE
alan.com,TRUE,FALSE
sooeveningnews.com,TRUE,FALSE
wiadomosci.dziennik.pl,TRUE,FALSE
diaridetarragona.com,TRUE,FALSE
zerozero.pt,TRUE,FALSE
footballscoop.com,TRUE,FALSE
rtbf.be,TRUE,FALSE
auburntoday.com,TRUE,FALSE
nyugatijelen.com,TRUE,FALSE
v3.co.uk,TRUE,FALSE
maconch.com,TRUE,FALSE
pesterlloyd.net,TRUE,FALSE
theobserver.ca,TRUE,FALSE
jambands.com,TRUE,FALSE
stignacenews.com,TRUE,FALSE
heise.de,TRUE,FALSE
lepotaizdravlje.rs,TRUE,FALSE
statesmanjournal.com,TRUE,FALSE
brownwoodtx.com,TRUE,FALSE
cariereonline.ro,TRUE,FALSE
theprogressortimes.com,TRUE,FALSE
ocregister.com,TRUE,FALSE
sciencesetavenir.fr,TRUE,FALSE
msnbc.msn.com,TRUE,FALSE
screenrant.com,TRUE,FALSE
wagonertribune.com,TRUE,FALSE
paulsvalleydailydemocrat.com,TRUE,FALSE
sporfm.gr,TRUE,FALSE
leadership.ng,TRUE,FALSE
loimaanlehti.fi,TRUE,FALSE
rdc.pl,TRUE,FALSE
thebrunswicknews.com,TRUE,FALSE
vita.it,TRUE,FALSE
bielertagblatt.ch,TRUE,FALSE
lowestoftjournal.co.uk,TRUE,FALSE
lfpress.com,TRUE,FALSE
noticias.terra.com.br,TRUE,FALSE
yelmonline.com,TRUE,FALSE
vip.pt,TRUE,FALSE
straitstimes.com,TRUE,FALSE
cuerorecord.com,TRUE,FALSE
15minut.org,TRUE,FALSE
hernandotoday.com,TRUE,FALSE
oscodaherald.com,TRUE,FALSE
focus.de,TRUE,FALSE
stltoday.com,TRUE,FALSE
owensoundsuntimes.com,TRUE,FALSE
anandtech.com,TRUE,FALSE
waynecojournalbanner.com,TRUE,FALSE
rynek-kolejowy.pl,TRUE,FALSE
lex18.com,TRUE,FALSE
marinscope.com,TRUE,FALSE
ed.gov,TRUE,FALSE
ddtonline.com,TRUE,FALSE
deltadiscovery.com,TRUE,FALSE
tallahassee.com,TRUE,FALSE
2500sz.com,TRUE,FALSE
nola.com,TRUE,FALSE
auto-swiat.pl,TRUE,FALSE
fr.sputniknews.com,TRUE,FALSE
bladeempire.com,TRUE,FALSE
wired.com,TRUE,FALSE
herefordtimes.com,TRUE,FALSE
northwestsignal.net,TRUE,FALSE
heraldguide.com,TRUE,FALSE
post-register.com,TRUE,FALSE
pasoroblespress.com,TRUE,FALSE
enterprisenews.com,TRUE,FALSE
thisislocallondon.co.uk,TRUE,FALSE
virginiamn.com,TRUE,FALSE
opinie.newsweek.pl,TRUE,FALSE
sonomanews.com,TRUE,FALSE
jurnalulph.ro,TRUE,FALSE
xin.msn.com,TRUE,FALSE
idahocountyfreepress.com,TRUE,FALSE
novsport.com,TRUE,FALSE
theacornonline.com,TRUE,FALSE
hungarian.cri.cn,TRUE,FALSE
rivertowns.net,TRUE,FALSE
laxmagazine.com,TRUE,FALSE
thisisnottingham.co.uk,TRUE,FALSE
theadvancenews.com,TRUE,FALSE
thetranscript.com,TRUE,FALSE
wcfcourier.com,TRUE,FALSE
yadkinripple.com,TRUE,FALSE
msn.com,TRUE,FALSE
hankasalmensanomat.fi,TRUE,FALSE
easttexasmatters.com,TRUE,FALSE
westport-news.com,TRUE,FALSE
khon2.com,TRUE,FALSE
mycarrollcountynews.com,TRUE,FALSE
lacanadaonline.com,TRUE,FALSE
kullhadd.com,TRUE,FALSE
ballkan.com,TRUE,FALSE
indiabulletinusa.com,TRUE,FALSE
szbz.de,TRUE,FALSE
mydailyregister.com,TRUE,FALSE
eub.no,TRUE,FALSE
clclt.com,TRUE,FALSE
capjournal.com,TRUE,FALSE
nwherald.com,TRUE,FALSE
harpers.org,TRUE,FALSE
highlandsnews.com,TRUE,FALSE
abc7.com,TRUE,FALSE
bethanyclipper.com,TRUE,FALSE
wric.com,TRUE,FALSE
gala.de,TRUE,FALSE
slobodnadalmacija.hr,TRUE,FALSE
chronicle-tribune.com,TRUE,FALSE
westhawaiitoday.com,TRUE,FALSE
cortezjournal.com,TRUE,FALSE
humboldtnews.com,TRUE,FALSE
yourgv.com,TRUE,FALSE
cuvantul-liber.ro,TRUE,FALSE
theforecaster.net,TRUE,FALSE
msn.com,TRUE,FALSE
langenthalertagblatt.ch,TRUE,FALSE
wesh.com,TRUE,FALSE
wunderground.com,TRUE,FALSE
fhtimes.com,TRUE,FALSE
ustecky.denik.cz,TRUE,FALSE
msn.com,TRUE,FALSE
euroweeklynews.com,TRUE,FALSE
cdapress.com,TRUE,FALSE
it.reuters.com,TRUE,FALSE
nn.by,TRUE,FALSE
ovb-online.de,TRUE,FALSE
yankton.net,TRUE,FALSE
alpineavalanche.com,TRUE,FALSE
bzb.ro,TRUE,FALSE
duol.hu,TRUE,FALSE
ostrasmaland.se,TRUE,FALSE
grenzecho.net,TRUE,FALSE
finanse.wp.pl,TRUE,FALSE
tah.de,TRUE,FALSE
keypennews.com,TRUE,FALSE
alleyoop.ilsole24ore.com,TRUE,FALSE
epoxi.gr,TRUE,FALSE
erdely.ma,TRUE,FALSE
lykavitos.gr,TRUE,FALSE
sportnet.at,TRUE,FALSE
mecktimes.com,TRUE,FALSE
thebiglead.com,TRUE,FALSE
bulvar.parameter.sk,TRUE,FALSE
amityobserver.com,TRUE,FALSE
wrexham.com,TRUE,FALSE
cincinnati.com,TRUE,FALSE
elperiodicomediterraneo.com,TRUE,FALSE
extranews.net,TRUE,FALSE
sports.yahoo.com,TRUE,FALSE
gazetavv.com,TRUE,FALSE
pocasi.eurozpravy.cz,TRUE,FALSE
wpri.com,TRUE,FALSE
mtexpress.com,TRUE,FALSE
willamettelive.com,TRUE,FALSE
bhgnews.com,TRUE,FALSE
lccentral.com,TRUE,FALSE
gazzettadimantova.gelocal.it,TRUE,FALSE
boldsky.com,TRUE,FALSE
spb.kp.ru,TRUE,FALSE
opravda.ru,TRUE,FALSE
voicesnews.com,TRUE,FALSE
odt.co.nz,TRUE,FALSE
theamericanconservative.com,TRUE,FALSE
leader-call.net,TRUE,FALSE
christiantoday.com,TRUE,FALSE
progressnewspaper.org,TRUE,FALSE
timescall.com,TRUE,FALSE
hk.finance.yahoo.com,TRUE,FALSE
aransaspassprogress.com,TRUE,FALSE
chicoer.com,TRUE,FALSE
newjerseyhills.com,TRUE,FALSE
irishnews.com,TRUE,FALSE
motori.corriere.it,TRUE,FALSE
ksby.com,TRUE,FALSE
timesgazette.com,TRUE,FALSE
italyneotribune.com,TRUE,FALSE
tucsonnewsnow.com,TRUE,FALSE
jornaldiario.com,TRUE,FALSE
thebelzonibanner.com,TRUE,FALSE
gigwise.com,TRUE,FALSE
abc7ny.com,TRUE,FALSE
haywardwi.com,TRUE,FALSE
kontakt24.tvn.pl,TRUE,FALSE
flyergroup.com,TRUE,FALSE
ajnews.com,TRUE,FALSE
promenad.hu,TRUE,FALSE
anchorfree.net,TRUE,FALSE
republicain-lorrain.fr,TRUE,FALSE
theeveningleader.com,TRUE,FALSE
yourweeklypaper.com,TRUE,FALSE
fairfaxtimes.com,TRUE,FALSE
thurrockgazette.co.uk,TRUE,FALSE
eschatonblog.com,TRUE,FALSE
bndestem.nl,TRUE,FALSE
wiadomosci.wp.pl,TRUE,FALSE
pitajanuutiset.fi,TRUE,FALSE
slobodnaevropa.org,TRUE,FALSE
pleasantonexpress.com,TRUE,FALSE
briansk.ru,TRUE,FALSE
ourmidland.com,TRUE,FALSE
monroecountyappeal.com,TRUE,FALSE
northwestgeorgianews.com,TRUE,FALSE
the-review.com,TRUE,FALSE
kgun9.com,TRUE,FALSE
greenocktelegraph.co.uk,TRUE,FALSE
buckscountyherald.com,TRUE,FALSE
pribram.cz,TRUE,FALSE
steenwijkercourant.nl,TRUE,FALSE
madamenoire.com,TRUE,FALSE
es-us.noticias.yahoo.com,TRUE,FALSE
sonorannews.com,TRUE,FALSE
gk24.pl,TRUE,FALSE
mynews4.com,TRUE,FALSE
insomnia.gr,TRUE,FALSE
pcforalla.idg.se,TRUE,FALSE
malvern-online.com,TRUE,FALSE
indiatoday.intoday.in,TRUE,FALSE
heraldonline.com,TRUE,FALSE
hardware.info,TRUE,FALSE
serwisy.gazetaprawna.pl,TRUE,FALSE
brunswickbeacon.com,TRUE,FALSE
concrete-herald.com,TRUE,FALSE
620wtmj.com,TRUE,FALSE
letelegramme.fr,TRUE,FALSE
elperiodicoextremadura.com,TRUE,FALSE
winfuture.de,TRUE,FALSE
haslev-posten.dk,TRUE,FALSE
ccheadliner.com,TRUE,FALSE
covnews.com,TRUE,FALSE
sydin.fi,TRUE,FALSE
pressenterpriseonline.com,TRUE,FALSE
bearingarms.com,TRUE,FALSE
boainformacao.com.br,TRUE,FALSE
likethedew.com,TRUE,FALSE
theplainsman.com,TRUE,FALSE
timesobserver.com,TRUE,FALSE
redstate.com,TRUE,FALSE
politiken.dk,TRUE,FALSE
playm.de,TRUE,FALSE
gaeubote.de,TRUE,FALSE
musicradar.com,TRUE,FALSE
pcwelt.de,TRUE,FALSE
wjbdradio.com,TRUE,FALSE
thedalharttexan.com,TRUE,FALSE
donbass.ua,TRUE,FALSE
accesswdun.com,TRUE,FALSE
ktul.com,TRUE,FALSE
wjla.com,TRUE,FALSE
oslobodjenje.ba,TRUE,FALSE
avvenire.it,TRUE,FALSE
hamburgreporter.com,TRUE,FALSE
gma.yahoo.com,TRUE,FALSE
ekipa24.si,TRUE,FALSE
news.fidelityhouse.eu,TRUE,FALSE
mankatofreepress.com,TRUE,FALSE
sentragoal.gr,TRUE,FALSE
nybrotidning.com,TRUE,FALSE
sevendays.nl,TRUE,FALSE
metrowny.com,TRUE,FALSE
kxlh.com,TRUE,FALSE
theleakeystaronline.com,TRUE,FALSE
laprovinciadilecco.it,TRUE,FALSE
elpais.com,TRUE,FALSE
rusdialog.ru,TRUE,FALSE
fakty.ua,TRUE,FALSE
sentinelnow.com,TRUE,FALSE
themercury.com.au,TRUE,FALSE
myvalleynews.com,TRUE,FALSE
xakac.info,TRUE,FALSE
maaselkalehti.fi,TRUE,FALSE
thethomasvilletimes.com,TRUE,FALSE
buffalobeast.com,TRUE,FALSE
balloon-juice.com,TRUE,FALSE
nwkansas.com,TRUE,FALSE
westmorenews.com,TRUE,FALSE
novaiagazeta.org.ru,TRUE,FALSE
vakka.fi,TRUE,FALSE
retten.no,TRUE,FALSE
eurekalert.org,TRUE,FALSE
wowt.com,TRUE,FALSE
akron.com,TRUE,FALSE
redstar.ru,TRUE,FALSE
ifinnmark.no,TRUE,FALSE
webelpuente.com,TRUE,FALSE
diariosigloxxi.com,TRUE,FALSE
vertele.com,TRUE,FALSE
xgn.nl,TRUE,FALSE
on-online.de,TRUE,FALSE
gamereactor.no,TRUE,FALSE
trinidad-times.com,TRUE,FALSE
mi-reporter.com,TRUE,FALSE
registerguard.com,TRUE,FALSE
esslinger-zeitung.de,TRUE,FALSE
blackpoolgazette.co.uk,TRUE,FALSE
gainesvilletimes.com,TRUE,FALSE
basingstokegazette.co.uk,TRUE,FALSE
columbiabasinherald.com,TRUE,FALSE
anz-championship.com,TRUE,FALSE
laliberte.ch,TRUE,FALSE
coventrytelegraph.net,TRUE,FALSE
thecolumbiastar.com,TRUE,FALSE
stuff.co.nz,TRUE,FALSE
leaderpub.com,TRUE,FALSE
midcountymemo.com,TRUE,FALSE
northkitsapherald.com,TRUE,FALSE
krakowpost.com,TRUE,FALSE
jurnaluldeialomita.ro,TRUE,FALSE
akronlegalnews.com,TRUE,FALSE
eaglepublications.com,TRUE,FALSE
chicagodefender.com,TRUE,FALSE
sactownroyalty.com,TRUE,FALSE
gotowncrier.com,TRUE,FALSE
kirkintilloch-herald.co.uk,TRUE,FALSE
chilkatvalleynews.com,TRUE,FALSE
dawsonadvertiser.com,TRUE,FALSE
ziarulunirea.ro,TRUE,FALSE
motofakty.pl,TRUE,FALSE
msn.com,TRUE,FALSE
tribune-georgian.com,TRUE,FALSE
rickeysmileymorningshow.com,TRUE,FALSE
tetonvalleynews.net,TRUE,FALSE
dentonorator.com,TRUE,FALSE
thedailyreporter.com,TRUE,FALSE
derbytelegraph.co.uk,TRUE,FALSE
candianews.gr,TRUE,FALSE
macclesfield-express.co.uk,TRUE,FALSE
news.de,TRUE,FALSE
blikopnieuws.nl,TRUE,FALSE
whosay.com,TRUE,FALSE
huntingtonnews.net,TRUE,FALSE
argus-press.com,TRUE,FALSE
actualno.com,TRUE,FALSE
jfdaily.com,TRUE,FALSE
evanstonroundtable.com,TRUE,FALSE
newday.kherson.ua,TRUE,FALSE
europapress.es,TRUE,FALSE
wgno.com,TRUE,FALSE
timesrecordnews.com,TRUE,FALSE
upinthesky.nl,TRUE,FALSE
thisistotalessex.co.uk,TRUE,FALSE
curbed.com,TRUE,FALSE
muskogeephoenix.com,TRUE,FALSE
taylorsvillekearnsjournal.com,TRUE,FALSE
disneydreaming.com,TRUE,FALSE
zz.diena.lv,TRUE,FALSE
intellihub.com,TRUE,FALSE
dagsavisen.no,TRUE,FALSE
cuartopoder.es,TRUE,FALSE
nrl.com,TRUE,FALSE
westjordanjournal.com,TRUE,FALSE
journal.lu,TRUE,FALSE
priestrivertimes.com,TRUE,FALSE
thecapistranodispatch.com,TRUE,FALSE
bbj.hu,TRUE,FALSE
cardplayer.com,TRUE,FALSE
digitimes.com,TRUE,FALSE
thenextweb.com,TRUE,FALSE
intothegloss.com,TRUE,FALSE
aikenstandard.com,TRUE,FALSE
dailytribune.com,TRUE,FALSE
mywesttexas.com,TRUE,FALSE
jornaldofundao.pt,TRUE,FALSE
clevelandbrowns.com,TRUE,FALSE
tio.ch,TRUE,FALSE
waltontribune.com,TRUE,FALSE
yourobserver.com,TRUE,FALSE
gctelegram.com,TRUE,FALSE
sportnieuws.nl,TRUE,FALSE
swiat.newsweek.pl,TRUE,FALSE
lasprovincias.es,TRUE,FALSE
inknewspaper.com,TRUE,FALSE
bluewin.ch,TRUE,FALSE
burkesville.com,TRUE,FALSE
hradecky.denik.cz,TRUE,FALSE
billingsnews.com,TRUE,FALSE
elsemanaldigital.com,TRUE,FALSE
ask.com,TRUE,FALSE
newsbuzzters.com,TRUE,FALSE
wataugademocrat.com,TRUE,FALSE
redriverminer.com,TRUE,FALSE
in.com,TRUE,FALSE
pinalcentral.com,TRUE,FALSE
stuttgarter-nachrichten.de,TRUE,FALSE
cno-webtv.it,TRUE,FALSE
darientimes.com,TRUE,FALSE
opposingviews.com,TRUE,FALSE
odnoklassniki.ru,TRUE,FALSE
ilgiornaleditalia.org,TRUE,FALSE
ruskeslovo.com,TRUE,FALSE
theblackloop.com,TRUE,FALSE
katowice.naszemiasto.pl,TRUE,FALSE
gainesville.com,TRUE,FALSE
newjerseyhills.com,TRUE,FALSE
southendstandard.co.uk,TRUE,FALSE
kget.com,TRUE,FALSE
koco.com,TRUE,FALSE
isanticountynews.com,TRUE,FALSE
rp-online.de,TRUE,FALSE
advocatepress.com,TRUE,FALSE
ippmedia.com,TRUE,FALSE
correiodoestado.com.br,TRUE,FALSE
secretsofthefed.com,TRUE,FALSE
regiaodeagueda.com,TRUE,FALSE
theindychannel.com,TRUE,FALSE
hxo.gr,TRUE,FALSE
abilene-rc.com,TRUE,FALSE
thedrummer.com,TRUE,FALSE
vogue.cm,TRUE,FALSE
someecards.com,TRUE,FALSE
messenger-inquirer.com,TRUE,FALSE
allhiphop.com,TRUE,FALSE
de.sputniknews.com,TRUE,FALSE
vs.hu,TRUE,FALSE
seleo.gr,TRUE,FALSE
huffingtonpost.co.uk,TRUE,FALSE
belmondnews.com,TRUE,FALSE
worldjewishcongress.org,TRUE,FALSE
pt.euronews.com,TRUE,FALSE
mobil.news.at,TRUE,FALSE
pl.sputniknews.com,TRUE,FALSE
myfoxny.com,TRUE,FALSE
valleyjournals.com,TRUE,FALSE
jicinsky.denik.cz,TRUE,FALSE
prealpina.it,TRUE,FALSE
thecelebritycafe.com,TRUE,FALSE
westsenecabee.com,TRUE,FALSE
finanzen.at,TRUE,FALSE
pressa.rbsproj.com,TRUE,FALSE
towntopics.com,TRUE,FALSE
warrenrecord.com,TRUE,FALSE
itogi.ru,TRUE,FALSE
lagunabeachindy.com,TRUE,FALSE
kultura.gazeta.pl,TRUE,FALSE
hartvannederland.nl,TRUE,FALSE
wvec.com,TRUE,FALSE
examiner.co.uk,TRUE,FALSE
fusion.bonnieradnetwork.se,TRUE,FALSE
htr.ch,TRUE,FALSE
stiripesurse.ro,TRUE,FALSE
dresdenenterprise.com,TRUE,FALSE
record-herald.com,TRUE,FALSE
profit.ro,TRUE,FALSE
glennvillesentinel.net,TRUE,FALSE
exmouthjournal.co.uk,TRUE,FALSE
desertdispatch.com,TRUE,FALSE
smt.se,TRUE,FALSE
sacbee.com,TRUE,FALSE
boonevilledemocrat.com,TRUE,FALSE
bernerzeitung.ch,TRUE,FALSE
thebest.gr,TRUE,FALSE
gazetalusofona.ch,TRUE,FALSE
tpi.it,TRUE,FALSE
borgernewsherald.com,TRUE,FALSE
altalex.com,TRUE,FALSE
bblat.se,TRUE,FALSE
centredaily.com,TRUE,FALSE
sg.sports.yahoo.com,TRUE,FALSE
finanztreff.de,TRUE,FALSE
championat.com,TRUE,FALSE
radom.wyborcza.pl,TRUE,FALSE
tribune2000.com,TRUE,FALSE
rainews.it,TRUE,FALSE
yourdailyglobe.com,TRUE,FALSE
thegraphic.org,TRUE,FALSE
saladovillagevoice.com,TRUE,FALSE
noordhollandsdagblad.nl,TRUE,FALSE
choctawsun.com,TRUE,FALSE
tcchronicle.com,TRUE,FALSE
theregister.co.uk,TRUE,FALSE
tireball.com,TRUE,FALSE
nw.de,TRUE,FALSE
parapolitika.gr,TRUE,FALSE
tecumsehherald.com,TRUE,FALSE
ylasatakunta.fi,TRUE,FALSE
irk.kp.ru,TRUE,FALSE
buffaloreflex.com,TRUE,FALSE
hidesertstar.com,TRUE,FALSE
filmstarts.de,TRUE,FALSE
niedziela.pl,TRUE,FALSE
aleseriale.pl,TRUE,FALSE
laprensa-sandiego.org,TRUE,FALSE
djc.com,TRUE,FALSE
saffronwaldenreporter.co.uk,TRUE,FALSE
dailyitem.com,TRUE,FALSE
heraldbanner.com,TRUE,FALSE
click2houston.com,TRUE,FALSE
hugonews.com,TRUE,FALSE
monitoruldesibiu.com,TRUE,FALSE
dundalkeagle.com,TRUE,FALSE
reston-connection.com,TRUE,FALSE
rpcotatinews.com,TRUE,FALSE
news.abs-cbn.com,TRUE,FALSE
superauto24.se.pl,TRUE,FALSE
deltawindonline.com,TRUE,FALSE
vecernik.po.sk,TRUE,FALSE
mediafax.ro,TRUE,FALSE
rn.rumburk.cz,TRUE,FALSE
moniteurautomobile.be,TRUE,FALSE
evz.ro,TRUE,FALSE
thevidette.com,TRUE,FALSE
24horasnewspaper.com,TRUE,FALSE
maximumpc.com,TRUE,FALSE
fagersta-posten.se,TRUE,FALSE
lest-eclair.fr,TRUE,FALSE
venicegondolier.com,TRUE,FALSE
search.ask.com,TRUE,FALSE
showbizspy.com,TRUE,FALSE
csbj.com,TRUE,FALSE
m.telegraaf.nl:telegraaf.nl,TRUE,FALSE
crainscleveland.com,TRUE,FALSE
main-echo.de,TRUE,FALSE
nl.motorsport.com,TRUE,FALSE
ftluptonpress.com,TRUE,FALSE
ekstrabladet.dk,TRUE,FALSE
lesinrocks.com,TRUE,FALSE
lakepowellchronicle.com,TRUE,FALSE
telenor.hu,TRUE,FALSE
postpaper.com,TRUE,FALSE
myfoxaustin.com,TRUE,FALSE
polska.newsweek.pl,TRUE,FALSE
wisn.com,TRUE,FALSE
lifestyle.bg,TRUE,FALSE
trustedreviews.com,TRUE,FALSE
tradingroom.com.au,TRUE,FALSE
politicalvelcraft.org,TRUE,FALSE
ferra.ru,TRUE,FALSE
4029tv.com,TRUE,FALSE
pri.org,TRUE,FALSE
tzinios.lt,TRUE,FALSE
landbote.ch,TRUE,FALSE
theskanner.com,TRUE,FALSE
postsignal.com,TRUE,FALSE
glamsham.com,TRUE,FALSE
thehindu.com,TRUE,FALSE
morgenbladet.no,TRUE,FALSE
charlescitypress.com,TRUE,FALSE
reason.com,TRUE,FALSE
pacificcitysun.com,TRUE,FALSE
inimigo.publico.pt,TRUE,FALSE
camer.be,TRUE,FALSE
tvi24.iol.pt,TRUE,FALSE
12newsnow.com,TRUE,FALSE
politis-chios.gr,TRUE,FALSE
vogue.uk,TRUE,FALSE
jpost.com,TRUE,FALSE
mtprogress.net,TRUE,FALSE
flux.md,TRUE,FALSE
omirante.pt,TRUE,FALSE
international.nytimes.com,TRUE,FALSE
bullheadcity-bee.com,TRUE,FALSE
techblog.gr,TRUE,FALSE
blountcountian.com,TRUE,FALSE
biznes.gazetaprawna.pl,TRUE,FALSE
boortz.com,TRUE,FALSE
tronderbladet.no,TRUE,FALSE
kristdemokraten.com,TRUE,FALSE
mynbc5.com,TRUE,FALSE
jurnalul.ro,TRUE,FALSE
ellemag.co,TRUE,FALSE
theadvertiser.com,TRUE,FALSE
rga.de,TRUE,FALSE
jnytt.se,TRUE,FALSE
newschannel10.com,TRUE,FALSE
dallascowboys.com,TRUE,FALSE
thedailytimes.com,TRUE,FALSE
russianweek.ru,TRUE,FALSE
ourcoloradonews.com,TRUE,FALSE
wsbtv.com,TRUE,FALSE
santapaulatimes.com,TRUE,FALSE
news.kron4.com,TRUE,FALSE
tuscaloosanews.com,TRUE,FALSE
turbo.sapo.pt,TRUE,FALSE
inside-handy.de,TRUE,FALSE
intouch.wunderweib.de,TRUE,FALSE
independentappeal.com,TRUE,FALSE
dordognelibre.fr,TRUE,FALSE
hertsandessexobserver.co.uk,TRUE,FALSE
slate.fr,TRUE,FALSE
ecommercebytes.com,TRUE,FALSE
southernminn.com,TRUE,FALSE
omroepgelderland.nl,TRUE,FALSE
bucaresthebdo.ro,TRUE,FALSE
chroniclejournal.com,TRUE,FALSE
zeenews.india.com,TRUE,FALSE
grandcanyontourguide.com,TRUE,FALSE
guilfordgazette.com,TRUE,FALSE
strilen.no,TRUE,FALSE
moneytalk.levif.be,TRUE,FALSE
denverpost.com,TRUE,FALSE
axs.com,TRUE,FALSE
alligator.org,TRUE,FALSE
osservatoreromano.va,TRUE,FALSE
m.frazpc.pl,TRUE,FALSE
kankanews.com,TRUE,FALSE
herald.ie,TRUE,FALSE
volga-astrakhan.ru,TRUE,FALSE
enfieldindependent.co.uk,TRUE,FALSE
nakanune.ru,TRUE,FALSE
innov.ru,TRUE,FALSE
jsonline.com,TRUE,FALSE
hsconnect.com,TRUE,FALSE
brushnewstribune.com,TRUE,FALSE
techzine.nl,TRUE,FALSE
charlotte-sun.com,TRUE,FALSE
vesti.ru,TRUE,FALSE
ncbr.com,TRUE,FALSE
kiro7.com,TRUE,FALSE
cambio.com,TRUE,FALSE
wausaudailyherald.com,TRUE,FALSE
newsguardian.co.uk,TRUE,FALSE
bild.de,TRUE,FALSE
jg-tc.com,TRUE,FALSE
ln-online.de,TRUE,FALSE
entertainment.msn.com,TRUE,FALSE
murfreesboropost.com,TRUE,FALSE
sportmediaset.mediaset.it,TRUE,FALSE
mycentraljersey.com,TRUE,FALSE
thehour.com,TRUE,FALSE
folkestoneherald.co.uk,TRUE,FALSE
lincolncountyjournal.com,TRUE,FALSE
melbournefc.com.au,TRUE,FALSE
renewamerica.com,TRUE,FALSE
gazetayakutia.ru,TRUE,FALSE
msn.com,TRUE,FALSE
seafordstar.com,TRUE,FALSE
apostrophe.com.ua,TRUE,FALSE
oltnertagblatt.ch,TRUE,FALSE
exploreokoboji.com,TRUE,FALSE
timesofisrael.com,TRUE,FALSE
rtrs.tv,TRUE,FALSE
news.efinancialcareers.com,TRUE,FALSE
urbanpost.it,TRUE,FALSE
dunantulinaplo.hu,TRUE,FALSE
kjonline.com,TRUE,FALSE
plymouth-review.com,TRUE,FALSE
m.sport24.gr:sport24.gr,TRUE,FALSE
mondotimes.com,TRUE,FALSE
care2.com,TRUE,FALSE
gobogalusa.com,TRUE,FALSE
wgal.com,TRUE,FALSE
kalabakacity.gr,TRUE,FALSE
digtriad.com,TRUE,FALSE
local15tv.com,TRUE,FALSE
popcrush.com,TRUE,FALSE
twitchy.com,TRUE,FALSE
lecho.be,TRUE,FALSE
woai.com,TRUE,FALSE
malibutimes.com,TRUE,FALSE
noticias.uol.com.br,TRUE,FALSE
tourismuspresse.at,TRUE,FALSE
mvt.se,TRUE,FALSE
prosvetni-pregled.rs,TRUE,FALSE
sport.es,TRUE,FALSE
chronicleonline.com,TRUE,FALSE
dailycomet.com,TRUE,FALSE
windomnews.com,TRUE,FALSE
nettg.pl,TRUE,FALSE
presseurop.eu,TRUE,FALSE
tudocelular.com,TRUE,FALSE
ekirikas.com,TRUE,FALSE
uk.finance.yahoo.com,TRUE,FALSE
realclearsports.com,TRUE,FALSE
voetbalcentraal.nl,TRUE,FALSE
jp.reuters.com,TRUE,FALSE
highlandernews.com,TRUE,FALSE
greenvilledailypost.com,TRUE,FALSE
riverfronttimes.com,TRUE,FALSE
newjerseyhills.com,TRUE,FALSE
ofensywni.przegladsportowy.pl,TRUE,FALSE
tvweek.com,TRUE,FALSE
mlb.nbcsports.com,TRUE,FALSE
visaliatimesdelta.com,TRUE,FALSE
ilpost.it,TRUE,FALSE
que.es,TRUE,FALSE
republicmonews.com,TRUE,FALSE
emmitsburg.com,TRUE,FALSE
euro2016.gol.bg,TRUE,FALSE
wlox.com,TRUE,FALSE
muncievoice.com,TRUE,FALSE
laurinburgexchange.com,TRUE,FALSE
journaltribune.com,TRUE,FALSE
thetelegraph.com,TRUE,FALSE
activa.sapo.pt,TRUE,FALSE
walsalladvertiser.co.uk,TRUE,FALSE
aol.com,TRUE,FALSE
bereg.vrn.ru,TRUE,FALSE
internazionale.it,TRUE,FALSE
kisalfold.hu,TRUE,FALSE
247sports.com,TRUE,FALSE
usnews.com,TRUE,FALSE
odia.ig.com.br,TRUE,FALSE
newspressnow.com,TRUE,FALSE
thegloss.com,TRUE,FALSE
wdaz.com,TRUE,FALSE
polishexpress.co.uk,TRUE,FALSE
globegazette.com,TRUE,FALSE
sportdog.gr,TRUE,FALSE
realitatea.net,TRUE,FALSE
clintonnc.com,TRUE,FALSE
belgeinfo.com,TRUE,FALSE
crawleytownfc.com,TRUE,FALSE
caras.uol.com.br,TRUE,FALSE
ads.adfox.ru,TRUE,FALSE
ingenieur.de,TRUE,FALSE
mercurynews.com,TRUE,FALSE
jornaldiadia.com.br,TRUE,FALSE
greencarreports.com,TRUE,FALSE
kwqc.com,TRUE,FALSE
volksfreund.de,TRUE,FALSE
whosdatedwho.com,TRUE,FALSE
manchestertimes.micromediapubs.com,TRUE,FALSE
trelleborgsallehanda.se,TRUE,FALSE
ns.gmnews.com,TRUE,FALSE
morningsun.net,TRUE,FALSE
sbnation.com,TRUE,FALSE
noen.at,TRUE,FALSE
blogsport.gsp.ro,TRUE,FALSE
alasatakunta.fi,TRUE,FALSE
espn.com.ve,TRUE,FALSE
zahipedia.info,TRUE,FALSE
elliscountypress.com,TRUE,FALSE
destadamersfoort.nl,TRUE,FALSE
silive.com,TRUE,FALSE
newsreview.com,TRUE,FALSE
thetrussvillenews.com,TRUE,FALSE
meduza.io,TRUE,FALSE
mesec.cz,TRUE,FALSE
sify.com,TRUE,FALSE
lc.nl,TRUE,FALSE
mondediplo.com,TRUE,FALSE
cadizrecord.com,TRUE,FALSE
a.msn.com,TRUE,FALSE
vandaliadrummernews.com,TRUE,FALSE
stamfordmercury.co.uk,TRUE,FALSE
ilmanifesto.info,TRUE,FALSE
gdansk.naszemiasto.pl,TRUE,FALSE
lifezette.com,TRUE,FALSE
sot.com.al,TRUE,FALSE
menshealth.com,TRUE,FALSE
dominicanewsonline.com,TRUE,FALSE
holtvilletribune.com,TRUE,FALSE
hamdencommunitynews.com,TRUE,FALSE
torquayheraldexpress.co.uk,TRUE,FALSE
greenfieldreporter.com,TRUE,FALSE
stimme.de,TRUE,FALSE
portlandtribune.com,TRUE,FALSE
sentinelsource.com,TRUE,FALSE
standardbanner.com,TRUE,FALSE
ruotsinsuomalainen.com,TRUE,FALSE
usatoday.com,TRUE,FALSE
marshallindependent.com,TRUE,FALSE
tips.at,TRUE,FALSE
theclinchcountynews.com,TRUE,FALSE
wdrb.com,TRUE,FALSE
lynnnews.co.uk,TRUE,FALSE
theedgemalaysia.com,TRUE,FALSE
dailyfx.com,TRUE,FALSE
belgiquemag.com,TRUE,FALSE
kp.by,TRUE,FALSE
kanerepublican.com,TRUE,FALSE
l-a.no,TRUE,FALSE
m.heute.at:heute.at,TRUE,FALSE
apparata.nl,TRUE,FALSE
stuttgartdailyleader.com,TRUE,FALSE
stream.nbcsports.com,TRUE,FALSE
news4jax.com,TRUE,FALSE
gazetatema.net,TRUE,FALSE
ugeavisenkarup.dk,TRUE,FALSE
rocklandtimes.com,TRUE,FALSE
vecer.mk,TRUE,FALSE
carbuzz.com,TRUE,FALSE
sport.lidovky.cz,TRUE,FALSE
joe.ie,TRUE,FALSE
thebeacon.net,TRUE,FALSE
ntxe-news.com,TRUE,FALSE
sport.idnes.cz,TRUE,FALSE
washingtontimesreporter.com,TRUE,FALSE
nachodsky.denik.cz,TRUE,FALSE
hecklerspray.com,TRUE,FALSE
francesoir.fr,TRUE,FALSE
eastjournal.net,TRUE,FALSE
ptjornal.com,TRUE,FALSE
maltastar.com,TRUE,FALSE
westerntelegraph.co.uk,TRUE,FALSE
thisishullandeastriding.co.uk,TRUE,FALSE
belarustoday.info,TRUE,FALSE
redlineagrinio.gr,TRUE,FALSE
newsbug.info,TRUE,FALSE
weeklynews.com,TRUE,FALSE
register-news.com,TRUE,FALSE
dnevnik.si,TRUE,FALSE
addisonindependent.com,TRUE,FALSE
portalpopline.virgula.uol.com.br,TRUE,FALSE
idahobusinessreview.com,TRUE,FALSE
kickoff.com,TRUE,FALSE
espn.com,TRUE,FALSE
lancashiretelegraph.co.uk,TRUE,FALSE
neuepresse.de,TRUE,FALSE
diariodigital.sapo.pt,TRUE,FALSE
ccenterdispatch.com,TRUE,FALSE
bolsamania.com,TRUE,FALSE
winbeta.org,TRUE,FALSE
postsouth.com,TRUE,FALSE
ourcoloradonews.com,TRUE,FALSE
donaldsonvillechief.com,TRUE,FALSE
alabamamessenger.com,TRUE,FALSE
nation.co.ke,TRUE,FALSE
diariodepontevedra.galiciae.com,TRUE,FALSE
kmtr.com,TRUE,FALSE
tribune242.com,TRUE,FALSE
terrelltribune.com,TRUE,FALSE
medpagetoday.com,TRUE,FALSE
laineygossip.com,TRUE,FALSE
breezecourier.com,TRUE,FALSE
gamestar.de,TRUE,FALSE
index.hu,TRUE,FALSE
newsday.co.zw,TRUE,FALSE
ekspress.delfi.ee,TRUE,FALSE
doverpost.com,TRUE,FALSE
btvnovinite.bg,TRUE,FALSE
southsidemessenger.com,TRUE,FALSE
nationalezorggids.nl,TRUE,FALSE
3szek.ro,TRUE,FALSE
ess.fi,TRUE,FALSE
guardonline.com,TRUE,FALSE
subbota.com,TRUE,FALSE
gonzalestribune.com,TRUE,FALSE
computeridee.nl,TRUE,FALSE
nhgazette.com,TRUE,FALSE
thechiefleader.com,TRUE,FALSE
avozdetrasosmontes.com,TRUE,FALSE
deadspin.com,TRUE,FALSE
ctvnews.ca,TRUE,FALSE
linternaute.com,TRUE,FALSE
philly.com,TRUE,FALSE
slaskie.naszemiasto.pl,TRUE,FALSE
tsinews.com,TRUE,FALSE
austrianaviation.net,TRUE,FALSE
northernstar.com.au,TRUE,FALSE
taarnbybladet.dk,TRUE,FALSE
wtvm.com,TRUE,FALSE
diariocoimbra.pt,TRUE,FALSE
bcrnews.com,TRUE,FALSE
wroclaw.wyborcza.pl,TRUE,FALSE
leparisien.fr,TRUE,FALSE
localsyr.com,TRUE,FALSE
riponrecordnews.com,TRUE,FALSE
siftingsherald.com,TRUE,FALSE
newstrib.com,TRUE,FALSE
newsitaliane.it,TRUE,FALSE
kingsportdailynews.com,TRUE,FALSE
gamechannel.hu,TRUE,FALSE
shorelinetimes.com,TRUE,FALSE
weeklyherald.com,TRUE,FALSE
fortwaynereader.com,TRUE,FALSE
auto-motor-und-sport.de,TRUE,FALSE
luminanews.com,TRUE,FALSE
theboot.com,TRUE,FALSE
thevwindependent.com,TRUE,FALSE
telecomtiger.com,TRUE,FALSE
sport.hotnews.ro,TRUE,FALSE
znojemsky.denik.cz,TRUE,FALSE
weatherzone.com.au,TRUE,FALSE
nokianuutiset.fi,TRUE,FALSE
sbsun.com,TRUE,FALSE
kmvt.com,TRUE,FALSE
ugandaonline.net,TRUE,FALSE
crowleypostsignal.com,TRUE,FALSE
cronicasnewspaper.com,TRUE,FALSE
thehockeynews.com,TRUE,FALSE
cotswoldjournal.co.uk,TRUE,FALSE
rrobserver.com,TRUE,FALSE
gazette-tribune.com,TRUE,FALSE
placerherald.com,TRUE,FALSE
edestad.nl,TRUE,FALSE
tasteofcountry.com,TRUE,FALSE
orivedensanomat.fi,TRUE,FALSE
kjct8.com,TRUE,FALSE
claremont-courier.com,TRUE,FALSE
journallive.co.uk,TRUE,FALSE
tgcom.mediaset.it,TRUE,FALSE
abc30.com,TRUE,FALSE
heraldsun.com.au,TRUE,FALSE
thedalleschronicle.com,TRUE,FALSE
gop.com,TRUE,FALSE
wate.com,TRUE,FALSE
theprogressnews.com,TRUE,FALSE
bilanz.ch,TRUE,FALSE
bbarak.cz,TRUE,FALSE
people.com.cn,TRUE,FALSE
news.pickuptrucks.com,TRUE,FALSE
deccanchronicle.com,TRUE,FALSE
news.uk.msn.com,TRUE,FALSE
falcaodominho.pt,TRUE,FALSE
bakercityherald.com,TRUE,FALSE
heraldledger.com,TRUE,FALSE
politika.rs,TRUE,FALSE
comandir.com,TRUE,FALSE
zw.com.pl,TRUE,FALSE
upfeed.net,TRUE,FALSE
wirtschaftsblatt-bg.com,TRUE,FALSE
fox4news.com,TRUE,FALSE
susanin.udm.ru,TRUE,FALSE
wroclaw.eska.pl,TRUE,FALSE
mstarz.com,TRUE,FALSE
mediehuset-midtjyllandsavis.dk,TRUE,FALSE
tributes.com,TRUE,FALSE
bransoncourier.com,TRUE,FALSE
watoday.com.au,TRUE,FALSE
nwtntoday.com,TRUE,FALSE
copamonitor.com,TRUE,FALSE
derbyshiretimes.co.uk,TRUE,FALSE
cknw.com,TRUE,FALSE
dill.de,TRUE,FALSE
baseballamerica.com,TRUE,FALSE
wbay.com,TRUE,FALSE
zi-de-zi.ro,TRUE,FALSE
cidadeverde.com,TRUE,FALSE
jv.dk,TRUE,FALSE
koat.com,TRUE,FALSE
augusta.com,TRUE,FALSE
boerenbusiness.nl,TRUE,FALSE
marionrecord.com,TRUE,FALSE
guimaraesdigital.com,TRUE,FALSE
thisweeknews.com,TRUE,FALSE
zerkalomn.com,TRUE,FALSE
computerworld.ch,TRUE,FALSE
nbcnewyork.com,TRUE,FALSE
abc.net.au,TRUE,FALSE
graziadaily.co.uk,TRUE,FALSE
franklincountycitizen.com,TRUE,FALSE
ballerupbladet.dk,TRUE,FALSE
og.ru,TRUE,FALSE
oglobo.globo.com,TRUE,FALSE
greekreporter.com,TRUE,FALSE
middletownpress.com,TRUE,FALSE
gq.com,TRUE,FALSE
zf.ro,TRUE,FALSE
laopinioncoruna.es,TRUE,FALSE
courrierdelouest.fr,TRUE,FALSE
el-economico.com,TRUE,FALSE
wflx.com,TRUE,FALSE
mlssoccer.com,TRUE,FALSE
fox6now.com,TRUE,FALSE
kingstreenews.com,TRUE,FALSE
hartfordbusiness.com,TRUE,FALSE
technorati.com,TRUE,FALSE
chipleypaper.com,TRUE,FALSE
ha-halden.no,TRUE,FALSE
portaldosprogramas.com,TRUE,FALSE
jta.org,TRUE,FALSE
clarionnewsonline.com,TRUE,FALSE
washingtontimes.com,TRUE,FALSE
heraldo.es,TRUE,FALSE
sudoku.org.ua,TRUE,FALSE
automobile.challenges.fr,TRUE,FALSE
entertainment.yahoo.com,TRUE,FALSE
standard-democrat.com,TRUE,FALSE
northwichguardian.co.uk,TRUE,FALSE
tennis.com,TRUE,FALSE
americamagazine.org,TRUE,FALSE
ricentral.com,TRUE,FALSE
campcountynow.com,TRUE,FALSE
shelburnenews.com,TRUE,FALSE
valassky.denik.cz,TRUE,FALSE
phonandroid.com,TRUE,FALSE
mlbtraderumors.com,TRUE,FALSE
ceskatelevize.cz,TRUE,FALSE
explorernews.com,TRUE,FALSE
espn.uol.com.br,TRUE,FALSE
viispiikkinen.fi,TRUE,FALSE
voaportugues.com,TRUE,FALSE
strill.it,TRUE,FALSE
cincodias.com,TRUE,FALSE
theadamscountyrecord.com,TRUE,FALSE
mercola.com,TRUE,FALSE
lesnumeriques.com,TRUE,FALSE
copiahcountycourier.com,TRUE,FALSE
dc.clicrbs.com.br,TRUE,FALSE
capital.bg,TRUE,FALSE
runcornandwidnesworld.co.uk,TRUE,FALSE
dolenjskilist.si,TRUE,FALSE
stauntonstartimes.com,TRUE,FALSE
myfoxtwincities.com,TRUE,FALSE
my.bresnan.net,TRUE,FALSE
autoviva.sapo.pt,TRUE,FALSE
autonet.ca,TRUE,FALSE
sohh.com,TRUE,FALSE
euractiv.de,TRUE,FALSE
communitynewspapers.com,TRUE,FALSE
efotbal.cz,TRUE,FALSE
mamafrika.tv,TRUE,FALSE
dallasobserver.com,TRUE,FALSE
fastcodesign.com,TRUE,FALSE
khaleejtimes.com,TRUE,FALSE
dariennewsonline.com,TRUE,FALSE
thisiscornwall.co.uk,TRUE,FALSE
lewistownnews.com,TRUE,FALSE
jt.ee,TRUE,FALSE
southcountyleader.com,TRUE,FALSE
austinweeklynews.com,TRUE,FALSE
veneziatoday.it,TRUE,FALSE
zoomonline.pt,TRUE,FALSE
snyderdailynews.com,TRUE,FALSE
cz.sputniknews.com,TRUE,FALSE
sentinelnews.com,TRUE,FALSE
informing.ru,TRUE,FALSE
arkansasonline.com,TRUE,FALSE
fuelfix.com,TRUE,FALSE
miamiok.com,TRUE,FALSE
tomartvmedia.com,TRUE,FALSE
swissinfo.ch,TRUE,FALSE
moorefieldexaminer.com,TRUE,FALSE
mypalmbeachpost.com,TRUE,FALSE
rnz.de,TRUE,FALSE
newsandcitizen.com,TRUE,FALSE
okmagazine.com,TRUE,FALSE
clintonherald.com,TRUE,FALSE
lokalavisenassens.dk,TRUE,FALSE
centralkitsapreporter.com,TRUE,FALSE
gazetadesudest.ro,TRUE,FALSE
worcesterobserver.co.uk,TRUE,FALSE
haiwainet.cn,TRUE,FALSE
news.citysuntimes.com,TRUE,FALSE
winstoncountyjournal.com,TRUE,FALSE
technobuffalo.com,TRUE,FALSE
journalinquirer.com,TRUE,FALSE
redditchadvertiser.co.uk,TRUE,FALSE
it.sports.yahoo.com,TRUE,FALSE
mmamania.com,TRUE,FALSE
fultonsun.com,TRUE,FALSE
ria.ru,TRUE,FALSE
thenewsguard.com,TRUE,FALSE
molisedoc.com,TRUE,FALSE
champnews.com,TRUE,FALSE
capital.sigmalive.com,TRUE,FALSE
ov-online.de,TRUE,FALSE
t-online.de,TRUE,FALSE
webtv.ert.gr,TRUE,FALSE
sfexaminer.com,TRUE,FALSE
vidovdan.org,TRUE,FALSE
merkur.de,TRUE,FALSE
mlive.com,TRUE,FALSE
webnews.it,TRUE,FALSE
mdcoastdispatch.com,TRUE,FALSE
charter.net,TRUE,FALSE
anncoulter.com,TRUE,FALSE
azcapitoltimes.com,TRUE,FALSE
expressilustrowany.pl,TRUE,FALSE
swp.de,TRUE,FALSE
nyer.cm,TRUE,FALSE
chinaqw.com,TRUE,FALSE
mtv.co.uk,TRUE,FALSE
dupurgeniefr.com,TRUE,FALSE
kcbd.com,TRUE,FALSE
skai.gr,TRUE,FALSE
grindtv.com,TRUE,FALSE
bladenjournal.com,TRUE,FALSE
serbiancafe.com,TRUE,FALSE
hotsr.com,TRUE,FALSE
scoopsandiego.com,TRUE,FALSE
bluemassgroup.com,TRUE,FALSE
kerryseye.com,TRUE,FALSE
kopalniawiedzy.pl,TRUE,FALSE
boredpanda.com,TRUE,FALSE
padovaoggi.it,TRUE,FALSE
heraldindependent.com,TRUE,FALSE
cullmantimes.com,TRUE,FALSE
dailyunion.com,TRUE,FALSE
thevalleychronicle.com,TRUE,FALSE
nl.hardware.info,TRUE,FALSE
kp.md,TRUE,FALSE
loganbanner.com,TRUE,FALSE
thefairbornpaper.com,TRUE,FALSE
gjsentinel.com,TRUE,FALSE
njuz.net,TRUE,FALSE
wkbn.com,TRUE,FALSE
wylienews.com,TRUE,FALSE
forwardprogressives.com,TRUE,FALSE
naumburger-tageblatt.de,TRUE,FALSE
budapestsun.com,TRUE,FALSE
penzenskaya-pravda.ru,TRUE,FALSE
lodz.eska.pl,TRUE,FALSE
prescottvalleytribune.com,TRUE,FALSE
feol.hu,TRUE,FALSE
olhardigital.uol.com.br,TRUE,FALSE
suttoncoldfieldobserver.co.uk,TRUE,FALSE
zawya.com,TRUE,FALSE
samorzad.pb.pl,TRUE,FALSE
nationmultimedia.com,TRUE,FALSE
identidadlatina.com,TRUE,FALSE
derennstaler.at,TRUE,FALSE
leberry.fr,TRUE,FALSE
newsy.com,TRUE,FALSE
enoneagle.net,TRUE,FALSE
videogamer.com,TRUE,FALSE
tabletpcreview.com,TRUE,FALSE
americusumterobserver.com,TRUE,FALSE
etidning.gotlandstidningar.se,TRUE,FALSE
ilgazzettino.it,TRUE,FALSE
nrc.nl,TRUE,FALSE
guampdn.com,TRUE,FALSE
motori.it,TRUE,FALSE
mydd.com,TRUE,FALSE
250news.com,TRUE,FALSE
bengals.com,TRUE,FALSE
basehorinfo.com,TRUE,FALSE
agonas.gr,TRUE,FALSE
lansi-uusimaa.fi,TRUE,FALSE
pnn.de,TRUE,FALSE
altaposten.no,TRUE,FALSE
golfweek.com,TRUE,FALSE
enimerosi.com,TRUE,FALSE
ithaca.com,TRUE,FALSE
bitmag.com.br,TRUE,FALSE
informatiacluj.ro,TRUE,FALSE
katytimes.com,TRUE,FALSE
dailymakeover.com,TRUE,FALSE
mydesert.com,TRUE,FALSE
saraacarter.com,TRUE,FALSE
news.mail.ru,TRUE,FALSE
dienasmediji.lv,TRUE,FALSE
next.gazeta.pl,TRUE,FALSE
philadelphia.cbslocal.com,TRUE,FALSE
steamboattoday.com,TRUE,FALSE
washex.am,TRUE,FALSE
vr-zone.com,TRUE,FALSE
apnews.com,TRUE,FALSE
ronpaulforums.com,TRUE,FALSE
bryantdaily.com,TRUE,FALSE
nationaleonderwijsgids.nl,TRUE,FALSE
gazetteseries.co.uk,TRUE,FALSE
heraldpub.com,TRUE,FALSE
columbiatribune.com,TRUE,FALSE
vroom.be,TRUE,FALSE
galwayindependent.com,TRUE,FALSE
lagrandeobserver.com,TRUE,FALSE
znojemsko.cz,TRUE,FALSE
hibbingmn.com,TRUE,FALSE
respekt.cz,TRUE,FALSE
catania.livesicilia.it,TRUE,FALSE
blu-ray.com,TRUE,FALSE
huffingtonpost.gr,TRUE,FALSE
poststar.com,TRUE,FALSE
nra.lv,TRUE,FALSE
ilsole24ore.com,TRUE,FALSE
franklinfavorite.com,TRUE,FALSE
thetelegraphandargus.co.uk,TRUE,FALSE
russellcounty.net,TRUE,FALSE
arkvalleynews.com,TRUE,FALSE
goldthwaiteeagle.com,TRUE,FALSE
ckdr.net,TRUE,FALSE
laholmstidning.se,TRUE,FALSE
efsyn.gr,TRUE,FALSE
lunion.fr,TRUE,FALSE
recordcourier.com,TRUE,FALSE
informationweek.com,TRUE,FALSE
mymcr.net,TRUE,FALSE
firstonline.info,TRUE,FALSE
willows-journal.com,TRUE,FALSE
wirtualnemedia.pl,TRUE,FALSE
newindianexpress.com,TRUE,FALSE
sail-world.com,TRUE,FALSE
lowcountrytoday.com,TRUE,FALSE
stateportpilot.com,TRUE,FALSE
leighjournal.co.uk,TRUE,FALSE
calciomercato.com,TRUE,FALSE
schaeffersresearch.com,TRUE,FALSE
online.osterbottenstidning.fi,TRUE,FALSE
redorbit.com,TRUE,FALSE
women24.com,TRUE,FALSE
winsupersite.com,TRUE,FALSE
nashvilleleader.com,TRUE,FALSE
gmauthority.com,TRUE,FALSE
lamardemocrat.com,TRUE,FALSE
saultstar.com,TRUE,FALSE
sddt.com,TRUE,FALSE
jamestownsun.com,TRUE,FALSE
mises.org,TRUE,FALSE
baritalianews.it,TRUE,FALSE
sdna.gr,TRUE,FALSE
gallup.com,TRUE,FALSE
latimes.com,TRUE,FALSE
ourcoloradonews.com,TRUE,FALSE
fergusfallsjournal.com,TRUE,FALSE
norwalkcitizenonline.com,TRUE,FALSE
starmagazine.com,TRUE,FALSE
sicnoticias.sapo.pt,TRUE,FALSE
kepek.444.hu,TRUE,FALSE
androidandme.com,TRUE,FALSE
24chasa.bg,TRUE,FALSE
soonersports.com,TRUE,FALSE
nogalesinternational.com,TRUE,FALSE
republicanherald.com,TRUE,FALSE
thesylvaherald.com,TRUE,FALSE
thetundradrums.com,TRUE,FALSE
balkstercourant.nl,TRUE,FALSE
varesenews.it,TRUE,FALSE
wired.co.uk,TRUE,FALSE
talksport.co.uk,TRUE,FALSE
murphysboroamerican.com,TRUE,FALSE
destentor.nl,TRUE,FALSE
mont-press.com,TRUE,FALSE
stonecountyenterprise.com,TRUE,FALSE
ooe.orf.at,TRUE,FALSE
sunnewsnetwork.ca,TRUE,FALSE
texastribune.org,TRUE,FALSE
marcoeagle.com,TRUE,FALSE
takomavoice.com,TRUE,FALSE
aif.ru,TRUE,FALSE
hwsw.hu,TRUE,FALSE
nhl.si.com,TRUE,FALSE
agonaskritis.gr,TRUE,FALSE
gonzalesinquirer.com,TRUE,FALSE
ksl.com,TRUE,FALSE
oneidadispatch.com,TRUE,FALSE
wiscnews.com,TRUE,FALSE
recorderonline.com,TRUE,FALSE
news-record.com,TRUE,FALSE
1limburg.nl,TRUE,FALSE
paraskhnio.gr,TRUE,FALSE
bellanaija.com,TRUE,FALSE
fayettefrontpage.com,TRUE,FALSE
europafm.ro,TRUE,FALSE
amta.no,TRUE,FALSE
hertener-allgemeine.de,TRUE,FALSE
claytonnewsstar.com,TRUE,FALSE
parikkalansanomat.fi,TRUE,FALSE
respublika.sb.by,TRUE,FALSE
seldovia.com,TRUE,FALSE
palmbeachdailynews.com,TRUE,FALSE
latinospost.com,TRUE,FALSE
noticias.r7.com,TRUE,FALSE
parisbeacon.com,TRUE,FALSE
fvshopper.com,TRUE,FALSE
shoshonenewspress.com,TRUE,FALSE
wreg.com,TRUE,FALSE
rusnovosti.ru,TRUE,FALSE
chicagoreader.com,TRUE,FALSE
noozhawk.com,TRUE,FALSE
putnamsentinel.com,TRUE,FALSE
justjared.com,TRUE,FALSE
tribunahoje.com,TRUE,FALSE
sweetwaterreporter.com,TRUE,FALSE
femmeactuelle.fr,TRUE,FALSE
metro-portal.hr,TRUE,FALSE
yahoo.com,TRUE,FALSE
globaldividends.com,TRUE,FALSE
flagrantct.ro,TRUE,FALSE
go4it.ro,TRUE,FALSE
kwwl.com,TRUE,FALSE
dv.ee,TRUE,FALSE
ngrguardiannews.com,TRUE,FALSE
cameronherald.com,TRUE,FALSE
theguardian.com,TRUE,FALSE
diarioleiria.pt,TRUE,FALSE
telam.com.ar,TRUE,FALSE
lohud.com,TRUE,FALSE
hardzone.es,TRUE,FALSE
boston.cbslocal.com,TRUE,FALSE
mysanfordherald.com,TRUE,FALSE
indianapolisrecorder.com,TRUE,FALSE
blueoregon.com,TRUE,FALSE
apunkachoice.com,TRUE,FALSE
hessenschau.de,TRUE,FALSE
whidbeynewstimes.com,TRUE,FALSE
thezebra.org,TRUE,FALSE
chernomore.bg,TRUE,FALSE
uutis-jousi.fi,TRUE,FALSE
state.pa.us,TRUE,FALSE
neoseeker.com,TRUE,FALSE
caradisiac.com,TRUE,FALSE
cbssports.com,TRUE,FALSE
tuscolatoday.com,TRUE,FALSE
thetowntalk.com,TRUE,FALSE
pz-news.de,TRUE,FALSE
lanacion.com,TRUE,FALSE
news-gazette.com,TRUE,FALSE
insider.foxnews.com,TRUE,FALSE
mk.ru,TRUE,FALSE
vecernji.hr,TRUE,FALSE
thelakewoodscoop.com,TRUE,FALSE
collegefootball.nbcsports.com,TRUE,FALSE
thepostandmail.com,TRUE,FALSE
kp.ru,TRUE,FALSE
forwardtimesonline.com,TRUE,FALSE
news.instyle.com,TRUE,FALSE
carolinalive.com,TRUE,FALSE
gyphillpremiere.com,TRUE,FALSE
southwhidbeyrecord.com,TRUE,FALSE
vaseljenska.com,TRUE,FALSE
times-online.com,TRUE,FALSE
bayshorebroadcasting.ca,TRUE,FALSE
wftv.com,TRUE,FALSE
leral.net,TRUE,FALSE
notebook.cz,TRUE,FALSE
earlycountynews.com,TRUE,FALSE
laprensa.hn,TRUE,FALSE
dailyprogress.com,TRUE,FALSE
chicagoradioandmedia.com,TRUE,FALSE
pelop.gr,TRUE,FALSE
eagletribune.com,TRUE,FALSE
patria.cz,TRUE,FALSE
cnr.cn,TRUE,FALSE
windowsitpro.com,TRUE,FALSE
winnipegfreepress.com,TRUE,FALSE
theybf.com,TRUE,FALSE
azcentral.com,TRUE,FALSE
dailystar.co.uk,TRUE,FALSE
vg.no,TRUE,FALSE
grahamleader.com,TRUE,FALSE
blog.bazonline.ch,TRUE,FALSE
tv.se.pl,TRUE,FALSE
kdhnews.com,TRUE,FALSE
olandsbladet.se,TRUE,FALSE
kp.ua,TRUE,FALSE
nypost.com,TRUE,FALSE
coloradoan.com,TRUE,FALSE
focus.it,TRUE,FALSE
gmx.net,TRUE,FALSE
look.co.uk,TRUE,FALSE
syvjournal.com,TRUE,FALSE
wpnews.com,TRUE,FALSE
winchesterstar.com,TRUE,FALSE
plumasnews.com,TRUE,FALSE
echo.msk.ru,TRUE,FALSE
dnronline.com,TRUE,FALSE
gamekapocs.hu,TRUE,FALSE
curentul.info,TRUE,FALSE
rtn.ch,TRUE,FALSE
therecordlive.com,TRUE,FALSE
svethardware.cz,TRUE,FALSE
spotlightnews.com,TRUE,FALSE
furche.at,TRUE,FALSE
pyrmonter-nachrichten.de,TRUE,FALSE
schweizer-illustrierte.ch,TRUE,FALSE
arabnews.com,TRUE,FALSE
lincolncountyview.com,TRUE,FALSE
se.pl,TRUE,FALSE
galileonet.it,TRUE,FALSE
connachttribune.ie,TRUE,FALSE
sturgisjournal.com,TRUE,FALSE
thestclairtimes.com,TRUE,FALSE
nursingtimes.net,TRUE,FALSE
kotiseutu-uutiset.com,TRUE,FALSE
karpatinfo.net,TRUE,FALSE
valleyspringsnews.com,TRUE,FALSE
bentoneveningnews.com,TRUE,FALSE
thelaketoday.com,TRUE,FALSE
heavy.com,TRUE,FALSE
sports.fr,TRUE,FALSE
musicserver.cz,TRUE,FALSE
caswellmessenger.com,TRUE,FALSE
het-westerkwartier.nl,TRUE,FALSE
oleantimesherald.com,TRUE,FALSE
humanevents.com,TRUE,FALSE
hamptonchronicle.com,TRUE,FALSE
agriculture.com,TRUE,FALSE
llanonews.com,TRUE,FALSE
skyvalleychronicle.com,TRUE,FALSE
splcenter.org,TRUE,FALSE
iafrica.com,TRUE,FALSE
freedomhouse.org,TRUE,FALSE
tuexpertomovil.com,TRUE,FALSE
indianexpress.com,TRUE,FALSE
web.de,TRUE,FALSE
lincolnherald.net,TRUE,FALSE
marieclaire.co.uk,TRUE,FALSE
smdailypress.com,TRUE,FALSE
lejsl.com,TRUE,FALSE
kpho.com,TRUE,FALSE
gossipcenter.com,TRUE,FALSE
challenges.fr,TRUE,FALSE
newhavenindependent.org,TRUE,FALSE
mexicoledger.com,TRUE,FALSE
msn.com,TRUE,FALSE
f-b.no,TRUE,FALSE
4players.de,TRUE,FALSE
folkbladet.nu,TRUE,FALSE
hitc.com,TRUE,FALSE
thesheridanheadlight.com,TRUE,FALSE
rm-daily.com,TRUE,FALSE
skovdenyheter.se,TRUE,FALSE
difernews.gr,TRUE,FALSE
caglas.rs,TRUE,FALSE
southernstar.ie,TRUE,FALSE
bucyrustelegraphforum.com,TRUE,FALSE
elle.com,TRUE,FALSE
primorski.it,TRUE,FALSE
kiowacountypress.com,TRUE,FALSE
hicksvillenewstribune.com,TRUE,FALSE
allthemoms.com,TRUE,FALSE
livingstonparishnews.com,TRUE,FALSE
pasadenastarnews.com,TRUE,FALSE
izh.kp.ru,TRUE,FALSE
adn.com,TRUE,FALSE
tanjug.rs,TRUE,FALSE
aftonbladet.se,TRUE,FALSE
tt.com,TRUE,FALSE
tucson.com,TRUE,FALSE
dieharke.de,TRUE,FALSE
nigeriaworld.com,TRUE,FALSE
elgiganten.se,TRUE,FALSE
poconobusinessjournal.com,TRUE,FALSE
infodata.ilsole24ore.com,TRUE,FALSE
ahsaa.com,TRUE,FALSE
imuzi.eurozpravy.cz,TRUE,FALSE
capemaycountyherald.com,TRUE,FALSE
rockportpilot.com,TRUE,FALSE
aspentimes.com,TRUE,FALSE
timesnow.tv,TRUE,FALSE
bworldonline.com,TRUE,FALSE
moto.wp.pl,TRUE,FALSE
valleyrecord.com,TRUE,FALSE
omaha.com,TRUE,FALSE
el-observador.com,TRUE,FALSE
wtxl.com,TRUE,FALSE
newjerseyhills.com,TRUE,FALSE
sunderlandecho.com,TRUE,FALSE
lvz.de,TRUE,FALSE
fillmorecountyjournal.com,TRUE,FALSE
joystiq.com,TRUE,FALSE
mebaneenterprise.com,TRUE,FALSE
pilkanozna.pl,TRUE,FALSE
vijesti.me,TRUE,FALSE
eladelanto.com,TRUE,FALSE
cal.espn.com,TRUE,FALSE
medportal.ru,TRUE,FALSE
avpress.com,TRUE,FALSE
samsungmania.mobilmania.cz,TRUE,FALSE
ewrestlingnews.com,TRUE,FALSE
tech.in.gr,TRUE,FALSE
afl.com.au,TRUE,FALSE
fox8.com,TRUE,FALSE
denofgeek.com,TRUE,FALSE
fighthype.com,TRUE,FALSE
epari.fi,TRUE,FALSE
svt.se,TRUE,FALSE
blog.tagesanzeiger.ch,TRUE,FALSE
vashonbeachcomber.com,TRUE,FALSE
gulflive.com,TRUE,FALSE
regiaodeleiria.pt,TRUE,FALSE
webwereld.nl,TRUE,FALSE
eater.com,TRUE,FALSE
zeit.de,TRUE,FALSE
video.aktualne.cz,TRUE,FALSE
altapress.ru,TRUE,FALSE
vaduguns.lv,TRUE,FALSE
hopewellnews.com,TRUE,FALSE
24heures.ch,TRUE,FALSE
durhamregion.com,TRUE,FALSE
pyhajarvensanomat.fi,TRUE,FALSE
wisconsinrapidstribune.com,TRUE,FALSE
aichacher-zeitung.de,TRUE,FALSE
allgemeine-zeitung.de,TRUE,FALSE
therecorderonline.com,TRUE,FALSE
dailyadvertiser.com.au,TRUE,FALSE
helg.no,TRUE,FALSE
pardubice.idnes.cz,TRUE,FALSE
theandersonnews.com,TRUE,FALSE
highdefdigest.com,TRUE,FALSE
eldiariomontanes.es,TRUE,FALSE
gameinformer.com,TRUE,FALSE
agefi.com,TRUE,FALSE
ilgiornaledirieti.it,TRUE,FALSE
pmi.it,TRUE,FALSE
cheneyfreepress.com,TRUE,FALSE
fbherald.com,TRUE,FALSE
weser-kurier.de,TRUE,FALSE
trends.knack.be,TRUE,FALSE
fthis.gr,TRUE,FALSE
agjournalonline.com,TRUE,FALSE
millelacscountytimes.com,TRUE,FALSE
news.discovery.com,TRUE,FALSE
jacksonadvocateonline.com,TRUE,FALSE
techtastic.nl,TRUE,FALSE
mountainhomenews.com,TRUE,FALSE
toledocitypaper.com,TRUE,FALSE
nptelegraph.com,TRUE,FALSE
powelltribune.com,TRUE,FALSE
dailytimes.com.pk,TRUE,FALSE
islandssounder.com,TRUE,FALSE
bondia.cat,TRUE,FALSE
goal.com,TRUE,FALSE
valleymorningstar.com,TRUE,FALSE
wacotrib.com,TRUE,FALSE
poteaudailynews.com,TRUE,FALSE
oje.pt,TRUE,FALSE
alandstidningen.ax,TRUE,FALSE
catholicculture.org,TRUE,FALSE
verizon.com,TRUE,FALSE
gettysburgtimes.com,TRUE,FALSE
providencebruins.com,TRUE,FALSE
panarmenian.net,TRUE,FALSE
diarioaveiro.pt,TRUE,FALSE
hockessincommunitynews.com,TRUE,FALSE
heraldnews.com,TRUE,FALSE
navajohopiobserver.com,TRUE,FALSE
chillicotheindependent.com,TRUE,FALSE
ladysmithnews.com,TRUE,FALSE
e24.no,TRUE,FALSE
8newsnow.com,TRUE,FALSE
weeklyworldnews.com,TRUE,FALSE
prattvilleprogress.com,TRUE,FALSE
dt.se,TRUE,FALSE
sobesednik.ru,TRUE,FALSE
vladtime.ru,TRUE,FALSE
rt-online.ru,TRUE,FALSE
orlando-times.com,TRUE,FALSE
wort.lu,TRUE,FALSE
dailyfreeman.com,TRUE,FALSE
mtairynews.com,TRUE,FALSE
stansberryresearch.com,TRUE,FALSE
eastbayri.com,TRUE,FALSE
mvtelegraph.com,TRUE,FALSE
valasz.hu,TRUE,FALSE
art.ihned.cz,TRUE,FALSE
jconline.com,TRUE,FALSE
powerlineblog.com,TRUE,FALSE
joplinglobe.com,TRUE,FALSE
chriskresser.com,TRUE,FALSE
lavozalmeria.net,TRUE,FALSE
thereporteronline.net,TRUE,FALSE
kwch.com,TRUE,FALSE
fosters.com,TRUE,FALSE
free-times.com,TRUE,FALSE
emea.gr,TRUE,FALSE
debbieschlussel.com,TRUE,FALSE
coronadonewsca.com,TRUE,FALSE
capecourier.com,TRUE,FALSE
druskonis.lt,TRUE,FALSE
republican-eagle.com,TRUE,FALSE
thecentralvirginian.com,TRUE,FALSE
anyksta.lt,TRUE,FALSE
monroecourier.com,TRUE,FALSE
exame.abril.com.br,TRUE,FALSE
iomtoday.co.im,TRUE,FALSE
indiaglitz.com,TRUE,FALSE
tricitytrib.com,TRUE,FALSE
superiortelegram.com,TRUE,FALSE
barrowjournal.com,TRUE,FALSE
lasvegasweekly.com,TRUE,FALSE
post-voice.com,TRUE,FALSE
thehollyexpress.com,TRUE,FALSE
themighty.com,TRUE,FALSE
gsabusiness.com,TRUE,FALSE
pocahontastimes.com,TRUE,FALSE
goshennews.com,TRUE,FALSE
nextquotidiano.it,TRUE,FALSE
axios.com,TRUE,FALSE
ahwatukee.com,TRUE,FALSE
pravo.cz,TRUE,FALSE
herald.com,TRUE,FALSE
sormlandsbygden.se,TRUE,FALSE
startribune.com,TRUE,FALSE
sun2surf.com,TRUE,FALSE
bresciatoday.it,TRUE,FALSE
times-journal.com,TRUE,FALSE
topsante.com,TRUE,FALSE
gazebogazette.com,TRUE,FALSE
e-thessalia.gr,TRUE,FALSE
newstalk.ie,TRUE,FALSE
muzyka.onet.pl,TRUE,FALSE
tullahomanews.com,TRUE,FALSE
profil.at,TRUE,FALSE
voiceoftheozarks.net,TRUE,FALSE
indianasnewscenter.com,TRUE,FALSE
vice.com,TRUE,FALSE
lewrockwell.com,TRUE,FALSE
canarsiecourier.com,TRUE,FALSE
laopiniondezamora.es,TRUE,FALSE
charltoncountyherald.com,TRUE,FALSE
thenewsandfarmer.com,TRUE,FALSE
missingkids.org,TRUE,FALSE
eltiempo.esdeleted,TRUE,FALSE
astronomynow.com,TRUE,FALSE
antrimreview.net,TRUE,FALSE
who2.com,TRUE,FALSE
marquettecountytribune.com,TRUE,FALSE
sport.rbc.ru,TRUE,FALSE
duquoin.com,TRUE,FALSE
sportsnetwork.com,TRUE,FALSE
mountaintimes.com,TRUE,FALSE
blackburnnews.com,TRUE,FALSE
perhamfocus.com,TRUE,FALSE
newsminer.com,TRUE,FALSE
laughlintimes.com,TRUE,FALSE
kreiszeitung.de,TRUE,FALSE
varmatin.com,TRUE,FALSE
trivalleycentral.com,TRUE,FALSE
sentry.mainelymediallc.com,TRUE,FALSE
afr.com,TRUE,FALSE
laprovinciadisondrio.it,TRUE,FALSE
msk.kp.ru,TRUE,FALSE
northdevongazette.co.uk,TRUE,FALSE
sportmagazine.levif.be,TRUE,FALSE
thegrio.com,TRUE,FALSE
lennoxnews.com,TRUE,FALSE
noticiasgrandelisboa.com,TRUE,FALSE
thedailysentinel.com,TRUE,FALSE
pclab.pl,TRUE,FALSE
lcsun-news.com,TRUE,FALSE
starlocalmedia.com,TRUE,FALSE
jamestownpress.com,TRUE,FALSE
charlotteobserver.com,TRUE,FALSE
myfoxphilly.com,TRUE,FALSE
phonesreview.co.uk,TRUE,FALSE
busjournal.com,TRUE,FALSE
bestofneworleans.com,TRUE,FALSE
wienerzeitung.at,TRUE,FALSE
grapevine.is,TRUE,FALSE
theiraqidinar.com,TRUE,FALSE
zevener-zeitung.de,TRUE,FALSE
9wsyr.com,TRUE,FALSE
kyoutv.com,TRUE,FALSE
my0538.com,TRUE,FALSE
naplesnews.com,TRUE,FALSE
andrewscountynews.com,TRUE,FALSE
cordellbeacon.com,TRUE,FALSE
vgr.by,TRUE,FALSE
dailystatesman.com,TRUE,FALSE
courierpostonline.com,TRUE,FALSE
theweathernetwork.com,TRUE,FALSE
slate.trib.al,TRUE,FALSE
moneycab.com,TRUE,FALSE
telegraaf.nl,TRUE,FALSE
recordpub.com,TRUE,FALSE
korrespondent.net,TRUE,FALSE
m.novinky.cz:novinky.cz,TRUE,FALSE
ajax.nl,TRUE,FALSE
corriereadriatico.it,TRUE,FALSE
wgtndailynews.com,TRUE,FALSE
masslive.com,TRUE,FALSE
sctimes.com,TRUE,FALSE
soccersouls.com,TRUE,FALSE
viva.ro,TRUE,FALSE
thephoenix.com,TRUE,FALSE
thisweek-online.com,TRUE,FALSE
corriereromagna.it,TRUE,FALSE
sullivanjournal.com,TRUE,FALSE
battlecreekenquirer.com,TRUE,FALSE
ekonomika.eurozpravy.cz,TRUE,FALSE
ogresvestisvisiem.lv,TRUE,FALSE
carscoops.com,TRUE,FALSE
santamariasun.com,TRUE,FALSE
prweb.com,TRUE,FALSE
news.sonomaportal.com,TRUE,FALSE
hitech.newsru.com,TRUE,FALSE
waarmaarraar.nl,TRUE,FALSE
azonline.de,TRUE,FALSE
midco.net,TRUE,FALSE
clantonadvertiser.com,TRUE,FALSE
alaskadispatch.com,TRUE,FALSE
echo24.cz,TRUE,FALSE
e-vid.ru,TRUE,FALSE
ansa.it,TRUE,FALSE
columbusalive.com,TRUE,FALSE
bloknot.ru,TRUE,FALSE
avweb.com,TRUE,FALSE
theabingtonjournal.com,TRUE,FALSE
takeatour.gr,TRUE,FALSE
wmpoweruser.com,TRUE,FALSE
kaleva.fi,TRUE,FALSE
menastar.com,TRUE,FALSE
pendletontimespost.com,TRUE,FALSE
cosmopolitan.com,TRUE,FALSE
madonna.oe24.at,TRUE,FALSE
poncacitynews.com,TRUE,FALSE
autorevue.at,TRUE,FALSE
tvthek.orf.at,TRUE,FALSE
zena.blic.rs,TRUE,FALSE
dailysunnews.com,TRUE,FALSE
resorter.com,TRUE,FALSE
jewishpresspinellas.com,TRUE,FALSE
thurgauerzeitung.ch,TRUE,FALSE
democrattribune.com,TRUE,FALSE
zwezda.perm.ru,TRUE,FALSE
sheltonherald.com,TRUE,FALSE
zaman-online.de,TRUE,FALSE
lebanonenterprise.com,TRUE,FALSE
football-italia.net,TRUE,FALSE
courierherald.com,TRUE,FALSE
ptreyeslight.com,TRUE,FALSE
palmswestmonthly.com,TRUE,FALSE
lifenews.ru,TRUE,FALSE
cbs12.com,TRUE,FALSE
charlestoncitypaper.com,TRUE,FALSE
punctul.ro,TRUE,FALSE
nzcity.co.nz,TRUE,FALSE
bartcop.com,TRUE,FALSE
mywindsornow.com,TRUE,FALSE
mercedsunstar.com,TRUE,FALSE
theexpressnewspaper.com,TRUE,FALSE
citypaper.net,TRUE,FALSE
royston-crow.co.uk,TRUE,FALSE
crossroadschronicle.com,TRUE,FALSE
easthamptonstar.com,TRUE,FALSE
fox2now.com,TRUE,FALSE
c-ib.ru,TRUE,FALSE
highsnobiety.com,TRUE,FALSE
peabodykansas.com,TRUE,FALSE
tweakers.net,TRUE,FALSE
computeridee.nl,TRUE,FALSE
ibtimes.co.in,TRUE,FALSE
rsfotografia.pt,TRUE,FALSE
hd.se,TRUE,FALSE
caranddriver.com,TRUE,FALSE
hirkereso.hu,TRUE,FALSE
elcomercio.pe,TRUE,FALSE
wroclaw.sport.pl,TRUE,FALSE
boonvilledailynews.com,TRUE,FALSE
ecmpostreview.com,TRUE,FALSE
upstatetoday.com,TRUE,FALSE
rochesterlavoz.com,TRUE,FALSE
hulldailymail.co.uk,TRUE,FALSE
iltasanomat.fi,TRUE,FALSE
homenewshere.com,TRUE,FALSE
mvtimes.com,TRUE,FALSE
candofinance.com,TRUE,FALSE
romesentinel.com,TRUE,FALSE
theloomisnews.com,TRUE,FALSE
screencrush.com,TRUE,FALSE
sunderlandecho.com,TRUE,FALSE
southcoasttoday.com,TRUE,FALSE
veol.hu,TRUE,FALSE
hradec.idnes.cz,TRUE,FALSE
wpxi.com,TRUE,FALSE
larrybrownsports.com,TRUE,FALSE
nbc40.net,TRUE,FALSE
lpleader.com,TRUE,FALSE
masnsports.com,TRUE,FALSE
whec.com,TRUE,FALSE
lanuovaferrara.gelocal.it,TRUE,FALSE
wdr.de,TRUE,FALSE
corriereirpinia.it,TRUE,FALSE
newshounds.us,TRUE,FALSE
countynewslive.com,TRUE,FALSE
chefkoch.de,TRUE,FALSE
lysekilsposten.se,TRUE,FALSE
monitoruldegalati.ro,TRUE,FALSE
deleonfreepress.com,TRUE,FALSE
wnp.pl,TRUE,FALSE
today.it,TRUE,FALSE
thewesternnews.com,TRUE,FALSE
zen.e15.cz,TRUE,FALSE
thetimes-tribune.com,TRUE,FALSE
baltimoretimes-online.com,TRUE,FALSE
eveshamobserver.co.uk,TRUE,FALSE
dcourier.com,TRUE,FALSE
greensburgdailynews.com,TRUE,FALSE
kitsapsun.com,TRUE,FALSE
fromthetrenchesworldreport.com,TRUE,FALSE
nd.nl,TRUE,FALSE
courier-tribune.com,TRUE,FALSE
messengernews.net,TRUE,FALSE
darkhorizons.com,TRUE,FALSE
tdn-net.com,TRUE,FALSE
madisonparktimes.com,TRUE,FALSE
stern.de,TRUE,FALSE
rhyljournal.co.uk,TRUE,FALSE
midweek.com,TRUE,FALSE
borsaitaliana.it,TRUE,FALSE
wfmynews2.com,TRUE,FALSE
oxfordmail.co.uk,TRUE,FALSE
fayettecountynewspapers.com,TRUE,FALSE
pluska.sk,TRUE,FALSE
lds.org,TRUE,FALSE
sidneydailynews.com,TRUE,FALSE
magyarhirlap.hu,TRUE,FALSE
wyomingnews.com,TRUE,FALSE
ladige.it,TRUE,FALSE
vorumaateataja.ee,TRUE,FALSE
bannernews.net,TRUE,FALSE
espn.cl,TRUE,FALSE
urbantulsa.com,TRUE,FALSE
pioneernews.net,TRUE,FALSE
mydailytribune.com,TRUE,FALSE
morning-times.com,TRUE,FALSE
thepolicenews.net,TRUE,FALSE
neues-deutschland.de,TRUE,FALSE
cityam.com,TRUE,FALSE
mobile2.tagesanzeiger.ch,TRUE,FALSE
wetteronline.de,TRUE,FALSE
freepresshouston.com,TRUE,FALSE
pcworld.com,TRUE,FALSE
ocala.com,TRUE,FALSE
hermannadvertisercourier.com,TRUE,FALSE
srna.rs,TRUE,FALSE
lapresse.ca,TRUE,FALSE
metronews.it,TRUE,FALSE
courier-herald.com,TRUE,FALSE
d.repubblica.it,TRUE,FALSE
shareinvestor.com,TRUE,FALSE
tageblatt.de,TRUE,FALSE
timesrepublican.com,TRUE,FALSE
carolinacoastonline.com,TRUE,FALSE
sofokleousin.gr,TRUE,FALSE
thisisinsider.com,TRUE,FALSE
hamptonroads.com,TRUE,FALSE
krasnoyarsk.rfn.ru,TRUE,FALSE
enet.gr,TRUE,FALSE
fairmontsentinel.com,TRUE,FALSE
barlavento.pt,TRUE,FALSE
faithwire.com,TRUE,FALSE
avondhupress.ie,TRUE,FALSE
waz.m.derwesten.de,TRUE,FALSE
srpressgazette.com,TRUE,FALSE
wegotserved.com,TRUE,FALSE
derehamtimes.co.uk,TRUE,FALSE
thecitizen.com,TRUE,FALSE
alextimes.com,TRUE,FALSE
mining.com,TRUE,FALSE
dziennikbaltycki.pl,TRUE,FALSE
rozrywka.dziennik.pl,TRUE,FALSE
wjbf.com,TRUE,FALSE
sleepyeyenews.com,TRUE,FALSE
vestnytt.no,TRUE,FALSE
lsusports.net,TRUE,FALSE
indiatvnews.com,TRUE,FALSE
mt-news.de,TRUE,FALSE
fr.news.yahoo.com,TRUE,FALSE
normantranscript.com,TRUE,FALSE
townhall.com,TRUE,FALSE
journal-spectator.com,TRUE,FALSE
liveactionnews.org,TRUE,FALSE
netto.tijd.be,TRUE,FALSE
noticiasdeviseu.com,TRUE,FALSE
dutchcowboys.nl,TRUE,FALSE
rugbyobserver.co.uk,TRUE,FALSE
tntribune.com,TRUE,FALSE
trib.com,TRUE,FALSE
zdarsky.denik.cz,TRUE,FALSE
toddstarnes.com,TRUE,FALSE
publicradio.org,TRUE,FALSE
frankenpost.de,TRUE,FALSE
ilcittadinomb.it,TRUE,FALSE
lacerca.com,TRUE,FALSE
sciencedaily.com,TRUE,FALSE
giornalettismo.com,TRUE,FALSE
wzzm13.com,TRUE,FALSE
sulphurdailynews.com,TRUE,FALSE
unionleader.com,TRUE,FALSE
news.gila1019.com,TRUE,FALSE
nuovavenezia.gelocal.it,TRUE,FALSE
celebrity.yahoo.com,TRUE,FALSE
kmintys.lt,TRUE,FALSE
mailonsunday.co.uk,TRUE,FALSE
huffingtonpost.it,TRUE,FALSE
prazsky.denik.cz,TRUE,FALSE
mountainjackpot.com,TRUE,FALSE
barneveldsekrant.nl,TRUE,FALSE
enfield-today.co.uk,TRUE,FALSE
ecdailynews.com,TRUE,FALSE
sandspringsleader.com,TRUE,FALSE
laprensadecolorado.com,TRUE,FALSE
kuulutaja.ee,TRUE,FALSE
like.philenews.com,TRUE,FALSE
inquirer.com,TRUE,FALSE
portuguesetimes.com,TRUE,FALSE
lavoixdunord.fr,TRUE,FALSE
pressandguide.com,TRUE,FALSE
wfsb.com,TRUE,FALSE
ura.ru,TRUE,FALSE
greenwichtime.com,TRUE,FALSE
tessinerzeitung.ch,TRUE,FALSE
sudantribune.com,TRUE,FALSE
clubpenguininsiders.com,TRUE,FALSE
ozarkssentinel.com,TRUE,FALSE
tidende.dk,TRUE,FALSE
newsregister.com,TRUE,FALSE
press.pl,TRUE,FALSE
uudenkaupunginsanomat.fi,TRUE,FALSE
ujneplap.hu,TRUE,FALSE
msn.com,TRUE,FALSE
tech.fanpage.it,TRUE,FALSE
askanews.it,TRUE,FALSE
ss-times.com,TRUE,FALSE
icnetwork.co.uk,TRUE,FALSE
sigourneynewsreview.com,TRUE,FALSE
kckansan.com,TRUE,FALSE
kake.com,TRUE,FALSE
ls24.fi,TRUE,FALSE
jizdnirady.idnes.cz,TRUE,FALSE
championsleague.ca,TRUE,FALSE
pcgazette.com,TRUE,FALSE
elsemanarionews.com,TRUE,FALSE
newsbusters.org,TRUE,FALSE
newjerseyhills.com,TRUE,FALSE
portal-kultura.ru,TRUE,FALSE
heraldpublishingcompany.com,TRUE,FALSE
news.ie.msn.com,TRUE,FALSE
framtidinord.no,TRUE,FALSE
moneysavingexpert.com,TRUE,FALSE
lakelandtimes.com,TRUE,FALSE
eastoncourier.com,TRUE,FALSE
u-f.ru,TRUE,FALSE
thereviewnewspapers.com,TRUE,FALSE
fox10phoenix.com,TRUE,FALSE
dagpravda.ru,TRUE,FALSE
currypilot.com,TRUE,FALSE
fox19.com,TRUE,FALSE
reedleyexponent.com,TRUE,FALSE
fulhamfc.com,TRUE,FALSE
radioszczecin.pl,TRUE,FALSE
vecherniy.com,TRUE,FALSE
tricountyleader.com,TRUE,FALSE
wect.com,TRUE,FALSE
vermontwoman.com,TRUE,FALSE
weeklychoice.com,TRUE,FALSE
health.in.gr,TRUE,FALSE
jacksonville.com,TRUE,FALSE
tasr.sk,TRUE,FALSE
timesunion.com,TRUE,FALSE
kenoshanews.com,TRUE,FALSE
newsmagazinenetwork.com,TRUE,FALSE
them.us,TRUE,FALSE
prignitzer.de,TRUE,FALSE
cbs5az.com,TRUE,FALSE
cphpost.dk,TRUE,FALSE
navy.mil,TRUE,FALSE
highplainsobserver.com,TRUE,FALSE
commercialappeal.com,TRUE,FALSE
thecourier.com,TRUE,FALSE
eltiempohispano.com,TRUE,FALSE
journalpatriot.com,TRUE,FALSE
fenlandcitizen.co.uk,TRUE,FALSE
prozeny.cz,TRUE,FALSE
arabia.msn.com,TRUE,FALSE
frionaonline.com,TRUE,FALSE
bladet.no,TRUE,FALSE
morganmessenger.com,TRUE,FALSE
polizeinews.ch,TRUE,FALSE
challismessenger.com,TRUE,FALSE
reporterherald.com,TRUE,FALSE
sydostran.se,TRUE,FALSE
lacosarosa.com,TRUE,FALSE
websterprogresstimes.com,TRUE,FALSE
farmandranchguide.com,TRUE,FALSE
nordsverige.se,TRUE,FALSE
orimattilansanomat.fi,TRUE,FALSE
forbes.com,TRUE,FALSE
tulsaworld.com,TRUE,FALSE
ok-inform.ru,TRUE,FALSE
almeirinense.com,TRUE,FALSE
elkharttruth.com,TRUE,FALSE
liberation.fr,TRUE,FALSE
vosgesmatin.fr,TRUE,FALSE
ekonomika.idnes.cz,TRUE,FALSE
tz.de,TRUE,FALSE
coloradohometownweekly.com,TRUE,FALSE
pressbanner.com,TRUE,FALSE
beebenews.com,TRUE,FALSE
gadsdenmessenger.com,TRUE,FALSE
nt.interia.pl,TRUE,FALSE
1001paixnidia.gr,TRUE,FALSE
newkerala.com,TRUE,FALSE
reporter.com.ua,TRUE,FALSE
winfieldcourier.com,TRUE,FALSE
nephitimesnews.com,TRUE,FALSE
foxsportsflorida.com,TRUE,FALSE
carmitimes.com,TRUE,FALSE
almanacnews.com,TRUE,FALSE
espresso.repubblica.it,TRUE,FALSE
agencia.ecclesia.pt,TRUE,FALSE
gazettelive.co.uk,TRUE,FALSE
ilcentro.gelocal.it,TRUE,FALSE
southlakepress.com,TRUE,FALSE
therepublicannews.com,TRUE,FALSE
tahlequahdailypress.com,TRUE,FALSE
thegleaner.com,TRUE,FALSE
thesnaponline.com,TRUE,FALSE
pantagraph.com,TRUE,FALSE
ace.mu.nu,TRUE,FALSE
nbcchicago.com,TRUE,FALSE
hebdo.ch,TRUE,FALSE
limerickleader.ie,TRUE,FALSE
globalcapital.com,TRUE,FALSE
mobile2.bazonline.ch,TRUE,FALSE
heraldscotland.com,TRUE,FALSE
bernama.com.my,TRUE,FALSE
formula1.com,TRUE,FALSE
tvovermind.com,TRUE,FALSE
joemygod.blogspot.com,TRUE,FALSE
crainschicagobusiness.com,TRUE,FALSE
mobil.n-tv.de,TRUE,FALSE
pattayamail.com,TRUE,FALSE
thefederalist.com,TRUE,FALSE
leinsterexpress.ie,TRUE,FALSE
fijitimes.com,TRUE,FALSE
ct.com,TRUE,FALSE
personalliberty.com,TRUE,FALSE
lassennews.com,TRUE,FALSE
carltonfc.com.au,TRUE,FALSE
apnews.excite.com,TRUE,FALSE
kcentv.com,TRUE,FALSE
qsaltlake.com,TRUE,FALSE
48info.fr,TRUE,FALSE
stockhouse.com,TRUE,FALSE
foxsports.com,TRUE,FALSE
praguepost.com,TRUE,FALSE
herald24.co.uk,TRUE,FALSE
russiannewsroom.com,TRUE,FALSE
hsvvoice.com,TRUE,FALSE
kutv.com,TRUE,FALSE
newser.com,TRUE,FALSE
columbustelegram.com,TRUE,FALSE
silverbelt.com,TRUE,FALSE
mccookgazette.com,TRUE,FALSE
games.espn.com,TRUE,FALSE
swoknews.com,TRUE,FALSE
kotiseudunsanomat.fi,TRUE,FALSE
postzambia.com,TRUE,FALSE
icreatemagazine.nl,TRUE,FALSE
marinij.com,TRUE,FALSE
thesun.co.uk,TRUE,FALSE
spencerdailyreporter.com,TRUE,FALSE
petoskeynews.com,TRUE,FALSE
hcpress.com,TRUE,FALSE
watchnewspapers.com,TRUE,FALSE
sociale.corriere.it,TRUE,FALSE
wawalove.pl,TRUE,FALSE
goal.com,TRUE,FALSE
whig.com,TRUE,FALSE
uk.businessinsider.com,TRUE,FALSE
scores.nbcsports.com,TRUE,FALSE
leaderpost.com,TRUE,FALSE
laopiniondemurcia.es,TRUE,FALSE
euro2016.expresso.pt,TRUE,FALSE
hotnews.ro,TRUE,FALSE
galerie.eurozpravy.cz,TRUE,FALSE
jiemian.com,TRUE,FALSE
community.today.com,TRUE,FALSE
sloveniatimes.com,TRUE,FALSE
tampatrib.com,TRUE,FALSE
lanazione.it,TRUE,FALSE
politica.e-noticies.es,TRUE,FALSE
sowetanlive.co.za,TRUE,FALSE
goslarsche.de,TRUE,FALSE
m.kurier.at:kurier.at,TRUE,FALSE
rainscountyleader.com,TRUE,FALSE
indiatoday.in,TRUE,FALSE
hs.fi,TRUE,FALSE
ro.blastingnews.com,TRUE,FALSE
parsonssun.com,TRUE,FALSE
peninsulaclarion.com,TRUE,FALSE
moneycontrol.com,TRUE,FALSE
economie.hotnews.ro,TRUE,FALSE
metro.co.uk,TRUE,FALSE
gunnisontimes.com,TRUE,FALSE
razaoautomovel.com,TRUE,FALSE
20min.ch,TRUE,FALSE
bloggingtheboys.com,TRUE,FALSE
juznevesti.com,TRUE,FALSE
yahoo.com,TRUE,FALSE
courierpress.com,TRUE,FALSE
gargzdai.lt,TRUE,FALSE
dailyherald.com,TRUE,FALSE
nz.finance.yahoo.com,TRUE,FALSE
it.motorsport.com,TRUE,FALSE
amisun.com,TRUE,FALSE
telemoveis.com,TRUE,FALSE
news.moviefone.com,TRUE,FALSE
natchitochestimes.com,TRUE,FALSE
crittendenpress.blogspot.com,TRUE,FALSE
indexjournal.com,TRUE,FALSE
omakchronicle.com,TRUE,FALSE
myfoxmemphis.com,TRUE,FALSE
urban.org,TRUE,FALSE
trcmaine.org,TRUE,FALSE
wiscassetnewspaper.com,TRUE,FALSE
picayune-times.com,TRUE,FALSE
leveil.fr,TRUE,FALSE
pc-tablet.com,TRUE,FALSE
record-bee.com,TRUE,FALSE
24ora.hu,TRUE,FALSE
moultonadvertiser.com,TRUE,FALSE
directmatin.fr,TRUE,FALSE
bihoreanul.gandul.info,TRUE,FALSE
fox32chicago.com,TRUE,FALSE
cleburnetimesreview.com,TRUE,FALSE
woai.iheart.com,TRUE,FALSE
sunjournal.com,TRUE,FALSE
southlondonpress.co.uk,TRUE,FALSE
alexandriagazette.com,TRUE,FALSE
xo.gr,TRUE,FALSE
fillmoregazette.com,TRUE,FALSE
theoaklandpress.com,TRUE,FALSE
calgarysun.com,TRUE,FALSE
courrier-picard.fr,TRUE,FALSE
holtonrecorder.com,TRUE,FALSE
delgazette.com,TRUE,FALSE
uexpress.com,TRUE,FALSE
politicalwire.com,TRUE,FALSE
manager-magazin.de,TRUE,FALSE
parnupostimees.ee,TRUE,FALSE
trentinocorrierealpi.gelocal.it,TRUE,FALSE
expressen.se,TRUE,FALSE
motorsportal.hu,TRUE,FALSE
bvz.at,TRUE,FALSE
dailybulletin.com,TRUE,FALSE
jacksonvilleprogress.com,TRUE,FALSE
tumix.ru,TRUE,FALSE
laurelstar.com,TRUE,FALSE
nvonews.com,TRUE,FALSE
wilsonpost.com,TRUE,FALSE
pohjolansanomat.fi,TRUE,FALSE
northfortynews.com,TRUE,FALSE
gantdaily.com,TRUE,FALSE
ridgecrestca.com,TRUE,FALSE
coventryobserver.co.uk,TRUE,FALSE
find-allyouneed.com,TRUE,FALSE
thecountypress.mihomepaper.com,TRUE,FALSE
press-leader.com,TRUE,FALSE
summitdaily.com,TRUE,FALSE
pickensprogressonline.com,TRUE,FALSE
beauregarddailynews.net,TRUE,FALSE
digital.di.se,TRUE,FALSE
gazeta.lviv.ua,TRUE,FALSE
desertstarweekly.com,TRUE,FALSE
adz.ro,TRUE,FALSE
expressmilwaukee.com,TRUE,FALSE
fiskeribladetfiskaren.no,TRUE,FALSE
hollandsentinel.com,TRUE,FALSE
shadowproof.com,TRUE,FALSE
norfolkwrenthamnews.com,TRUE,FALSE
kabc.com,TRUE,FALSE
saukherald.com,TRUE,FALSE
columbiamissourian.com,TRUE,FALSE
northshoreoflongisland.com,TRUE,FALSE
purepeople.com.br,TRUE,FALSE
mediapool.bg,TRUE,FALSE
charlotte.quepasanoticias.com,TRUE,FALSE
idahostatejournal.com,TRUE,FALSE
folioweekly.com,TRUE,FALSE
nbcsandiego.com,TRUE,FALSE
smirkingchimp.com,TRUE,FALSE
corrieredelmezzogiorno.corriere.it,TRUE,FALSE
phillydailynews.com,TRUE,FALSE
ru.uefa.com,TRUE,FALSE
mountain-news.com,TRUE,FALSE
independentreview.net,TRUE,FALSE
homernews.com,TRUE,FALSE
arcinfo.ch,TRUE,FALSE
ironcountyminer.com,TRUE,FALSE
kystandard.com,TRUE,FALSE
kilgorenewsherald.com,TRUE,FALSE
androidcentral.com,TRUE,FALSE
dn.pt,TRUE,FALSE
taipeitimes.com,TRUE,FALSE
mineralcountyminer.com,TRUE,FALSE
journal-news.com,TRUE,FALSE
herkimertelegram.com,TRUE,FALSE
riafan.ru,TRUE,FALSE
scribol.com,TRUE,FALSE
claxtonenterprise.com,TRUE,FALSE
maritima.info,TRUE,FALSE
newnownext.com,TRUE,FALSE
tipp3.at,TRUE,FALSE
saarbruecker-zeitung.de,TRUE,FALSE
guestlist.net,TRUE,FALSE
azstarnet.com,TRUE,FALSE
eveningexpress.co.uk,TRUE,FALSE
ilsecoloxix.it,TRUE,FALSE
shacknews.com,TRUE,FALSE
burlingtonfreepress.com,TRUE,FALSE
dziennik.com,TRUE,FALSE
autowereld.be,TRUE,FALSE
sempacherwoche.ch,TRUE,FALSE
hcnews.com,TRUE,FALSE
counterpunch.org,TRUE,FALSE
nottinghampost.com,TRUE,FALSE
jb.pt,TRUE,FALSE
cidadehoje.pt,TRUE,FALSE
patratora.gr,TRUE,FALSE
kitekinto.hu,TRUE,FALSE
ctnow.com,TRUE,FALSE
goupstate.com,TRUE,FALSE
ildenaro.it,TRUE,FALSE
dickmorris.com,TRUE,FALSE
bendbulletin.com,TRUE,FALSE
monitorulcj.ro,TRUE,FALSE
ghanaweb.com,TRUE,FALSE
gamestar.de,TRUE,FALSE
waynecountynews.com,TRUE,FALSE
bolivarmonews.com,TRUE,FALSE
concordmonitor.com,TRUE,FALSE
eaglenewsonline.com,TRUE,FALSE
vjesnik.hr,TRUE,FALSE
stripes.com,TRUE,FALSE
forssanlehti.fi,TRUE,FALSE
kentucky.com,TRUE,FALSE
internetretailer.com,TRUE,FALSE
msn.com,TRUE,FALSE
amconmag.com,TRUE,FALSE
thecoalfieldprogress.com,TRUE,FALSE
thestate.com,TRUE,FALSE
takimag.com,TRUE,FALSE
springsvalleyherald.com,TRUE,FALSE
ceskenoviny.cz,TRUE,FALSE
autoexpress.co.uk,TRUE,FALSE
mcrecordonline.com,TRUE,FALSE
dailystarjournal.com,TRUE,FALSE
siloaidas.lt,TRUE,FALSE
ps3trophies.org,TRUE,FALSE
zinfos974.com,TRUE,FALSE
wcax.com,TRUE,FALSE
thedemocrat.com,TRUE,FALSE
osogfusa.no,TRUE,FALSE
advocate.com,TRUE,FALSE
thenewstribe.com,TRUE,FALSE
themcgeheetimes.com,TRUE,FALSE
datamanager.it,TRUE,FALSE
laos-epea.gr,TRUE,FALSE
patriotledger.com,TRUE,FALSE
finance.si,TRUE,FALSE
m.zahranicni.eurozpravy.cz:zahranicni.eurozpravy.cz,TRUE,FALSE
gwiazdy.wp.pl,TRUE,FALSE
news5cleveland.com,TRUE,FALSE
walfoot.be,TRUE,FALSE
covers.com,TRUE,FALSE
aol.com,TRUE,FALSE
thebridgeportnews.com,TRUE,FALSE
mvlsun.com,TRUE,FALSE
belgium-iphone.lesoir.be,TRUE,FALSE
ziaruldeiasi.ro,TRUE,FALSE
capitolhillseattle.com,TRUE,FALSE
spinalcolumnonline.com,TRUE,FALSE
gazetaprawna.pl,TRUE,FALSE
thenorthwestern.com,TRUE,FALSE
buxtonadvertiser.co.uk,TRUE,FALSE
hitech.vesti.ru,TRUE,FALSE
ashleycountyledger.com,TRUE,FALSE
bctribune.com,TRUE,FALSE
chron.com,TRUE,FALSE
casperjournal.com,TRUE,FALSE
boleslavsky.denik.cz,TRUE,FALSE
video.lycos.com,TRUE,FALSE
shawanoleader.com,TRUE,FALSE
macworld.idg.se,TRUE,FALSE
hngn.com,TRUE,FALSE
wilsontimes.com,TRUE,FALSE
digitalspy.com,TRUE,FALSE
danielpipes.org,TRUE,FALSE
nevnov.ru,TRUE,FALSE
digizone.cz,TRUE,FALSE
watson.ch,TRUE,FALSE
keski-hame.fi,TRUE,FALSE
ilvelino.it,TRUE,FALSE
milenio.com,TRUE,FALSE
thenewsdispatch.com,TRUE,FALSE
starj.com,TRUE,FALSE
whiteville.com,TRUE,FALSE
insidenova.com,TRUE,FALSE
hampshirereview.com,TRUE,FALSE
sdnews.com,TRUE,FALSE
culturadoor.com,TRUE,FALSE
journalmpls.com,TRUE,FALSE
rts.rs,TRUE,FALSE
el-nacional.com,TRUE,FALSE
mudvillenews.com,TRUE,FALSE
tonawanda-news.com,TRUE,FALSE
metro.se,TRUE,FALSE
sfx.co.uk,TRUE,FALSE
thecharlottegazette.org,TRUE,FALSE
flsenate.gov,TRUE,FALSE
mauinews.com,TRUE,FALSE
cravenherald.co.uk,TRUE,FALSE
hfherald.com,TRUE,FALSE
spidersweb.pl,TRUE,FALSE
ubergizmo.com,TRUE,FALSE
polskieradio.pl,TRUE,FALSE
univision.com,TRUE,FALSE
newarkpostonline.com,TRUE,FALSE
news.leonardo.it,TRUE,FALSE
starnewsonline.com,TRUE,FALSE
pcadvisor.co.uk,TRUE,FALSE
tidbitsflorida.com,TRUE,FALSE
thesun.ie,TRUE,FALSE
kingmandailyminer.com,TRUE,FALSE
dailypilot.com,TRUE,FALSE
globalnews.ca,TRUE,FALSE
wiltsglosstandard.co.uk,TRUE,FALSE
freepressnewspapers.com,TRUE,FALSE
virginiastar.net,TRUE,FALSE
oursportscentral.com,TRUE,FALSE
urbanacitizen.com,TRUE,FALSE
metronews.fr,TRUE,FALSE
stockholmsfria.se,TRUE,FALSE
loudwire.com,TRUE,FALSE
stratfordstar.com,TRUE,FALSE
dayoo.com,TRUE,FALSE
nwnews.com,TRUE,FALSE
theday.com,TRUE,FALSE
m.welt.de:welt.de,TRUE,FALSE
europe1.fr,TRUE,FALSE
thespec.com,TRUE,FALSE
gazetastart.com,TRUE,FALSE
wetmtv.com,TRUE,FALSE
blikk.hu,TRUE,FALSE
wz.de,TRUE,FALSE
welovesoaps.net,TRUE,FALSE
taxheaven.gr,TRUE,FALSE
mynews3.com,TRUE,FALSE
story.rs,TRUE,FALSE
krasrab.com,TRUE,FALSE
cyclenews.com,TRUE,FALSE
dailynewsol.com,TRUE,FALSE
bustle.com,TRUE,FALSE
marysvillejt.com,TRUE,FALSE
elsolnews.com,TRUE,FALSE
nt.gmnews.com,TRUE,FALSE
sbrforum.com,TRUE,FALSE
wroclaw.naszemiasto.pl,TRUE,FALSE
nerdist.com,TRUE,FALSE
rodonline.typepad.com,TRUE,FALSE
atlantaunfiltered.com,TRUE,FALSE
dagbladetringskjern.dk,TRUE,FALSE
sjnewsonline.com,TRUE,FALSE
avestatidning.com,TRUE,FALSE
z24.nl,TRUE,FALSE
radio.com,TRUE,FALSE
foxsports.com.au,TRUE,FALSE
safehaven.com,TRUE,FALSE
trentonian.com,TRUE,FALSE
westbriton.co.uk,TRUE,FALSE
bizpacreview.com,TRUE,FALSE
whitewaterpub.com,TRUE,FALSE
vozdapovoa.com,TRUE,FALSE
wn.de,TRUE,FALSE
e-teatr.pl,TRUE,FALSE
babylonbeacon.com,TRUE,FALSE
agris.cz,TRUE,FALSE
wcpo.com,TRUE,FALSE
stylecaster.com,TRUE,FALSE
hotrod.com,TRUE,FALSE
canyoncourier.com,TRUE,FALSE
unrealitytv.co.uk,TRUE,FALSE
soaznewsx.com,TRUE,FALSE
swz.it,TRUE,FALSE
lodz.naszemiasto.pl,TRUE,FALSE
gastongazette.com,TRUE,FALSE
martinsvillebulletin.com,TRUE,FALSE
tiranaobserver.al,TRUE,FALSE
bcdemocratonline.com,TRUE,FALSE
barendrechtnu.nl,TRUE,FALSE
daily-jeff.com,TRUE,FALSE
berounsky.denik.cz,TRUE,FALSE
thehawkeye.com,TRUE,FALSE
phandroid.com,TRUE,FALSE
fultondemocrat.com,TRUE,FALSE
ripleybee.com,TRUE,FALSE
pernionseudunlehti.fi,TRUE,FALSE
athina984.gr,TRUE,FALSE
insidermonkey.com,TRUE,FALSE
neviditelnypes.lidovky.cz,TRUE,FALSE
gainformer.com,TRUE,FALSE
caughtoffside.com,TRUE,FALSE
finance.yahoo.com,TRUE,FALSE
nehandaradio.com,TRUE,FALSE
dailypress.com,TRUE,FALSE
enterprise-journal.com,TRUE,FALSE
dorsetecho.co.uk,TRUE,FALSE
app.com,TRUE,FALSE
bentoncourier.com,TRUE,FALSE
finmag.penize.cz,TRUE,FALSE
deadsp.in,TRUE,FALSE
ncnewsonline.com,TRUE,FALSE
galioninquirer.com,TRUE,FALSE
hobbsnews.com,TRUE,FALSE
huffingtonpost.com,TRUE,FALSE
vremya.ru,TRUE,FALSE
eurogamer.pl,TRUE,FALSE
cbs46.com,TRUE,FALSE
airforcetimes.com,TRUE,FALSE
lifestyle.publico.pt,TRUE,FALSE
kwese.espn.com,TRUE,FALSE
lechorepublicain.fr,TRUE,FALSE
bergamonews.it,TRUE,FALSE
bromleytimes.co.uk,TRUE,FALSE
newschief.com,TRUE,FALSE
nhl.com,TRUE,FALSE
theeveningtimes.com,TRUE,FALSE
federalwaynews.net,TRUE,FALSE
portfolio.hu,TRUE,FALSE
nbr.co.nz,TRUE,FALSE
thedailybeast.com,TRUE,FALSE
rcreader.com,TRUE,FALSE
thisiscolossal.com,TRUE,FALSE
granitefallsnews.com,TRUE,FALSE
gothamist.com,TRUE,FALSE
thebaynet.com,TRUE,FALSE
mtlakenews.com,TRUE,FALSE
connect.zive.cz,TRUE,FALSE
stirileprotv.ro,TRUE,FALSE
thisisjersey.com,TRUE,FALSE
omroepflevoland.nl,TRUE,FALSE
rogueriverpress.com,TRUE,FALSE
kurir.rs,TRUE,FALSE
thepampanews.com,TRUE,FALSE
qgazette.com,TRUE,FALSE
newsargus.com,TRUE,FALSE
auburnjournal.com,TRUE,FALSE
rrecord.com,TRUE,FALSE
sfbg.com,TRUE,FALSE
news247.gr,TRUE,FALSE
education.oneindia.in,TRUE,FALSE
dailygazette.com,TRUE,FALSE
economist.com,TRUE,FALSE
pallonate.com,TRUE,FALSE
thefranklinnewspost.com,TRUE,FALSE
paper.standartnews.com,TRUE,FALSE
gao.gov,TRUE,FALSE
pfc-cska.com,TRUE,FALSE
zlv.lu,TRUE,FALSE
parispi.net,TRUE,FALSE
lampasasdispatchrecord.com,TRUE,FALSE
bordermail.com.au,TRUE,FALSE
sumpersky.denik.cz,TRUE,FALSE
ysnews.com,TRUE,FALSE
mundodeportivo.com,TRUE,FALSE
theweek.com,TRUE,FALSE
lichfieldmercury.co.uk,TRUE,FALSE
replicaonline.ro,TRUE,FALSE
lesoleildelafloride.com,TRUE,FALSE
noticiasdacovilha.pt,TRUE,FALSE
htrnews.com,TRUE,FALSE
chelmsfordweeklynews.co.uk,TRUE,FALSE
galiciae.com,TRUE,FALSE
truckinginfo.com,TRUE,FALSE
rap-up.com,TRUE,FALSE
graphic-online.com,TRUE,FALSE
thenewstribune.com,TRUE,FALSE
wien.orf.at,TRUE,FALSE
liberec.idnes.cz,TRUE,FALSE
madison.com,TRUE,FALSE
bulevar.b92.net,TRUE,FALSE
thedailyreporteronline.com,TRUE,FALSE
turn-on.de,TRUE,FALSE
mcalesternews.com,TRUE,FALSE
news-mail.com.au,TRUE,FALSE
centurylink.net,TRUE,FALSE
oane.ws,TRUE,FALSE
thestandard.co.zw,TRUE,FALSE
elcomercio.es,TRUE,FALSE
thomastontimes.com,TRUE,FALSE
medicalfacts.nl,TRUE,FALSE
tippnews.com,TRUE,FALSE
kurierlubelski.pl,TRUE,FALSE
nbc-2.com,TRUE,FALSE
iagua.es,TRUE,FALSE
cordeledispatch.com,TRUE,FALSE
vernonpublishing.com,TRUE,FALSE
gopsusports.com,TRUE,FALSE
desotoexplorer.com,TRUE,FALSE
harrowtimes.co.uk,TRUE,FALSE
foxnews.com,TRUE,FALSE
democratandchronicle.com,TRUE,FALSE
domaci.eurozpravy.cz,TRUE,FALSE
ajaxshowtime.com,TRUE,FALSE
currycountyreporter.com,TRUE,FALSE
wired.it,TRUE,FALSE
qingdaonews.com,TRUE,FALSE
ktvu.com,TRUE,FALSE
ssentinel.com,TRUE,FALSE
lakenewsonline.com,TRUE,FALSE
capitalfm.com,TRUE,FALSE
signon.org,TRUE,FALSE
byznys.lidovky.cz,TRUE,FALSE
monroefreepress.com,TRUE,FALSE
zeri-popullit.com,TRUE,FALSE
dubrovacki.hr,TRUE,FALSE
myrtlebeachonline.com,TRUE,FALSE
citypages.com,TRUE,FALSE
qcsunonline.com,TRUE,FALSE
protothema.gr,TRUE,FALSE
bwcitypaper.com,TRUE,FALSE
liverpoolecho.co.uk,TRUE,FALSE
uconnhuskies.com,TRUE,FALSE
eg-online.ru,TRUE,FALSE
mpacorn.com,TRUE,FALSE
giornaledicalabria.it,TRUE,FALSE
bostonherald.com,TRUE,FALSE
taloussanomat.fi,TRUE,FALSE
nbcmontana.com,TRUE,FALSE
kusports.com,TRUE,FALSE
borsonline.hu,TRUE,FALSE
ellicottvilletimes.com,TRUE,FALSE
m3.idg.se,TRUE,FALSE
newsday.com,TRUE,FALSE
mittelbayerische.de,TRUE,FALSE
wonkette.com,TRUE,FALSE
newsdemocratleader.com,TRUE,FALSE
evertonfc.com,TRUE,FALSE
nhl.nbcsports.com,TRUE,FALSE
tokfm.pl,TRUE,FALSE
oscar.go.com,TRUE,FALSE
elespectador.com,TRUE,FALSE
capitalcityweekly.com,TRUE,FALSE
countyrecordnews.com,TRUE,FALSE
tek.no,TRUE,FALSE
comcast.net,TRUE,FALSE
mobil.se,TRUE,FALSE
myfoxdfw.com,TRUE,FALSE
poseycountynews.com,TRUE,FALSE
newsprogress.com,TRUE,FALSE
pal-item.com,TRUE,FALSE
sumnerpress.com,TRUE,FALSE
dzirkstele.diena.lv,TRUE,FALSE
thedestinlog.com,TRUE,FALSE
thesuperficial.com,TRUE,FALSE
laurelmountainpost.com,TRUE,FALSE
natureworldnews.com,TRUE,FALSE
svedok.rs,TRUE,FALSE
williamsonherald.com,TRUE,FALSE
lyonsrecorder.com,TRUE,FALSE
sttidningen.se,TRUE,FALSE
alphr.com,TRUE,FALSE
hvg.hu,TRUE,FALSE
suncommercial.com,TRUE,FALSE
thecharlotteweekly.com,TRUE,FALSE
latina-oggi.it,TRUE,FALSE
journal-news.net,TRUE,FALSE
sport.se.pl,TRUE,FALSE
abc7amarillo.com,TRUE,FALSE
atlantablackstar.com,TRUE,FALSE
packers.com,TRUE,FALSE
browncountyindiana.com,TRUE,FALSE
premierleague.com,TRUE,FALSE
tauragiskis.lt,TRUE,FALSE
reconquista.pt,TRUE,FALSE
newswire.ca,TRUE,FALSE
pregled.rs,TRUE,FALSE
thescarboroughnews.co.uk,TRUE,FALSE
aif.ua,TRUE,FALSE
diariandorra.ad,TRUE,FALSE
rg.ru,TRUE,FALSE
news-press.com,TRUE,FALSE
frenchtribune.com,TRUE,FALSE
humo.be,TRUE,FALSE
vol.at,TRUE,FALSE
bexleytimes.co.uk,TRUE,FALSE
wusa9.com,TRUE,FALSE
theeagle.com,TRUE,FALSE
asianage.com,TRUE,FALSE
messaggeroveneto.gelocal.it,TRUE,FALSE
chetekalert.com,TRUE,FALSE
spectator.org,TRUE,FALSE
digisport.ro,TRUE,FALSE
connectedrogers.ca,TRUE,FALSE
herald-online.com,TRUE,FALSE
prismanews.gr,TRUE,FALSE
itv.com,TRUE,FALSE
roanoke-chowannewsherald.com,TRUE,FALSE
memphisdemocrat.com,TRUE,FALSE
thewestonforum.com,TRUE,FALSE
gazetametropol.com,TRUE,FALSE
homes.yahoo.com,TRUE,FALSE
kitco.com,TRUE,FALSE
technologyreview.com,TRUE,FALSE
gala.pl,TRUE,FALSE
oldhamera.com,TRUE,FALSE
grantland.com,TRUE,FALSE
dailypaul.com,TRUE,FALSE
huntersvilleherald.com,TRUE,FALSE
kultura.dziennik.pl,TRUE,FALSE
aintitcool.com,TRUE,FALSE
vavel.com,TRUE,FALSE
mountaineagle.com,TRUE,FALSE
thenewscaster.com,TRUE,FALSE
pieksamaenlehti.fi,TRUE,FALSE
meathchronicle.ie,TRUE,FALSE
wrightstownspirit.com,TRUE,FALSE
lavocedeltrentino.it,TRUE,FALSE
salisburypost.com,TRUE,FALSE
thenortheastgeorgian.com,TRUE,FALSE
agf.nl,TRUE,FALSE
cbs6albany.com,TRUE,FALSE
standard-journal.com,TRUE,FALSE
skaraborgsbygden.se,TRUE,FALSE
laquintasun.com,TRUE,FALSE
ycwb.com,TRUE,FALSE
savdailynews.com,TRUE,FALSE
footylatest.com,TRUE,FALSE
obsentinel.com,TRUE,FALSE
guns.com,TRUE,FALSE
neweurope.eu,TRUE,FALSE
revista22.ro,TRUE,FALSE
andoveramerican.com,TRUE,FALSE
jb.com.br,TRUE,FALSE
telepolis.pl,TRUE,FALSE
regionalni.com,TRUE,FALSE
elkodaily.com,TRUE,FALSE
lci.tf1.fr,TRUE,FALSE
jungfrauzeitung.ch,TRUE,FALSE
france3-regions.francetvinfo.fr,TRUE,FALSE
redetv.uol.com.br,TRUE,FALSE
auto-motor-und-sport.de,TRUE,FALSE
cloverdalereveille.com,TRUE,FALSE
cedarspringspost.com,TRUE,FALSE
autoblog.com,TRUE,FALSE
californiademocrat.com,TRUE,FALSE
islandsandpaper.com,TRUE,FALSE
amnesty.org,TRUE,FALSE
kompasbg.com,TRUE,FALSE
leesburgtoday.com,TRUE,FALSE
kyronmaa-lehti.fi,TRUE,FALSE
pohjalainen.fi,TRUE,FALSE
samso.dk,TRUE,FALSE
aol.com,TRUE,FALSE
arkansasmatters.com,TRUE,FALSE
hudsonstarobserver.com,TRUE,FALSE
philadelphiaweekly.com,TRUE,FALSE
msn.com,TRUE,FALSE
wvgazettemail.com,TRUE,FALSE
societyandreligion.com,TRUE,FALSE
fox5vegas.com,TRUE,FALSE
rochsent.com,TRUE,FALSE
thisissouthdevon.co.uk,TRUE,FALSE
nsbnews.net,TRUE,FALSE
nacional.hr,TRUE,FALSE
politico.com,TRUE,FALSE
610cktb.com,TRUE,FALSE
zpravy.rozhlas.cz,TRUE,FALSE
ack.net,TRUE,FALSE
prensahispanaaz.com,TRUE,FALSE
20minutos.es,TRUE,FALSE
ksfy.com,TRUE,FALSE
sentinelnews.net,TRUE,FALSE
ireport.cz,TRUE,FALSE
roskilde.lokalavisen.dk,TRUE,FALSE
scmp.com,TRUE,FALSE
ukrinform.ua,TRUE,FALSE
gazeta.obninsk.ru,TRUE,FALSE
remindernews.com,TRUE,FALSE
kentonline.co.uk,TRUE,FALSE
antena3.com,TRUE,FALSE
hotnewhiphop.com,TRUE,FALSE
op-marburg.de,TRUE,FALSE
randolphcountyheraldtribune.com,TRUE,FALSE
techreport.com,TRUE,FALSE
colebrookchronicle.com,TRUE,FALSE
enewscourier.com,TRUE,FALSE
myarklamiss.com,TRUE,FALSE
vimatisko.gr,TRUE,FALSE
natchezdemocrat.com,TRUE,FALSE
ryb.ru,TRUE,FALSE
pamshouseblend.com,TRUE,FALSE
buryfreepress.co.uk,TRUE,FALSE
wdam.com,TRUE,FALSE
lejdc.fr,TRUE,FALSE
biznes.onet.pl,TRUE,FALSE
borsen.dk,TRUE,FALSE
ijmuidercourant.nl,TRUE,FALSE
eacourier.com,TRUE,FALSE
registernews.com,TRUE,FALSE
gazetacaldas.com,TRUE,FALSE
1500espn.com,TRUE,FALSE
levif.be,TRUE,FALSE
standard.co.uk,TRUE,FALSE
your4state.com,TRUE,FALSE
thelandmark.com,TRUE,FALSE
groesbeckjournal.com,TRUE,FALSE
e-forologia.gr,TRUE,FALSE
rockwallheraldbanner.com,TRUE,FALSE
politisonline.com,TRUE,FALSE
ouachitacitizen.com,TRUE,FALSE
greenfieldnews.com,TRUE,FALSE
anhuinews.com,TRUE,FALSE
freemansd.com,TRUE,FALSE
fayobserver.com,TRUE,FALSE
washingtonmonthly.com,TRUE,FALSE
tattnalljournal.com,TRUE,FALSE
agronews.gr,TRUE,FALSE
losaltosonline.com,TRUE,FALSE
empisteutiko.gr,TRUE,FALSE
courrierinternational.com,TRUE,FALSE
journal-ufa.ru,TRUE,FALSE
news.sl,TRUE,FALSE
pressherald.com,TRUE,FALSE
inverness-courier.co.uk,TRUE,FALSE
murphymonitor.com,TRUE,FALSE
sherdog.com,TRUE,FALSE
yourlocalguardian.co.uk,TRUE,FALSE
hamlethub.com,TRUE,FALSE
apple.news,TRUE,FALSE
thewesterlysun.com,TRUE,FALSE
wiesbadener-tagblatt.de,TRUE,FALSE
virginislandsdailynews.com,TRUE,FALSE
bonusweb.idnes.cz,TRUE,FALSE
dzienniklodzki.pl,TRUE,FALSE
omanobserver.om,TRUE,FALSE
my.xfinity.com,TRUE,FALSE
expatforum.com,TRUE,FALSE
thisismoney.co.uk,TRUE,FALSE
myspartanews.com,TRUE,FALSE
grundycountyherald.com,TRUE,FALSE
imerazante.gr,TRUE,FALSE
bridgwatermercury.co.uk,TRUE,FALSE
placersentinel.com,TRUE,FALSE
illinoishomepage.net,TRUE,FALSE
bologna.repubblica.it,TRUE,FALSE
coventrycourier.com,TRUE,FALSE
giessener-allgemeine.de,TRUE,FALSE
fox5sandiego.com,TRUE,FALSE
swarkansasnews.com,TRUE,FALSE
music.msn.com,TRUE,FALSE
golfchannel.com,TRUE,FALSE
lameuse.be,TRUE,FALSE
whidbeyexaminer.com,TRUE,FALSE
econ.st,TRUE,FALSE
todaystmj4.com,TRUE,FALSE
worthingherald.co.uk,TRUE,FALSE
rep-am.com,TRUE,FALSE
wptv.com,TRUE,FALSE
truthdig.com,TRUE,FALSE
americablog.com,TRUE,FALSE
ashlandwi.com,TRUE,FALSE
m.sport.pl:sport.pl,TRUE,FALSE
muensterschezeitung.de,TRUE,FALSE
3fm.nl,TRUE,FALSE
zambiareports.com,TRUE,FALSE
ibtimes.co.uk,TRUE,FALSE
idahoenterprise.com,TRUE,FALSE
blitz.bg,TRUE,FALSE
szczecin.wyborcza.pl,TRUE,FALSE
pinkisthenewblog.com,TRUE,FALSE
elpasotimes.com,TRUE,FALSE
tristate-media.com,TRUE,FALSE
moravskoslezsky.denik.cz,TRUE,FALSE
nemzetisport.hu,TRUE,FALSE
slashgear.com,TRUE,FALSE
utro.ru,TRUE,FALSE
morgancountycitizen.com,TRUE,FALSE
themalaysianinsider.com,TRUE,FALSE
gigaom.com,TRUE,FALSE
lifehacker.com,TRUE,FALSE
scoop.co.nz,TRUE,FALSE
presspublications.com,TRUE,FALSE
newjerseyhills.com,TRUE,FALSE
news.google.com.ng,TRUE,FALSE
lazocultural.com,TRUE,FALSE
anchoragepress.com,TRUE,FALSE
rb.no,TRUE,FALSE
smartmania.cz,TRUE,FALSE
hattiesburgamerican.com,TRUE,FALSE
berkeleytimes.micromediapubs.com,TRUE,FALSE
zene.hu,TRUE,FALSE
ilsussidiario.net,TRUE,FALSE
ve.lt,TRUE,FALSE
pendoreillerivervalley.com,TRUE,FALSE
digg.com,TRUE,FALSE
lepoint.fr,TRUE,FALSE
michellemalkin.com,TRUE,FALSE
palatkadailynews.com,TRUE,FALSE
littlegreenfootballs.com,TRUE,FALSE
losandes.com.ar,TRUE,FALSE
ftlauderdalenews.net,TRUE,FALSE
hrk.hr,TRUE,FALSE
zielonagora.naszemiasto.pl,TRUE,FALSE
whiotv.com,TRUE,FALSE
windstream.net,TRUE,FALSE
mtshastanews.com,TRUE,FALSE
macon.com,TRUE,FALSE
tovima.gr,TRUE,FALSE
borbabg.com,TRUE,FALSE
areanewsgroup.com,TRUE,FALSE
groenecourant.nl,TRUE,FALSE
extratv.com,TRUE,FALSE
baycitytribune.com,TRUE,FALSE
economiadigital.es,TRUE,FALSE
iwcp.co.uk,TRUE,FALSE
vanguardngr.com,TRUE,FALSE
thisisswindontownfc.co.uk,TRUE,FALSE
anglocelt.ie,TRUE,FALSE
timesnewsweekly.com,TRUE,FALSE
santafetimes.com,TRUE,FALSE
ivz-aktuell.de,TRUE,FALSE
jornaldeleiria.pt,TRUE,FALSE
selmatimesjournal.com,TRUE,FALSE
myfox8.com,TRUE,FALSE
ykkossanomat.fi,TRUE,FALSE
barackobama.com,TRUE,FALSE
theepochtimes.com,TRUE,FALSE
stalbansreview.co.uk,TRUE,FALSE
wetter.de,TRUE,FALSE
dewitt-ee.com,TRUE,FALSE
sewardindependent.com,TRUE,FALSE
pravda.com.ua,TRUE,FALSE
horoskopy.blesk.cz,TRUE,FALSE
kvia.com,TRUE,FALSE
shoppernewsnow.com,TRUE,FALSE
thecordovatimes.com,TRUE,FALSE
gwcommonwealth.com,TRUE,FALSE
au.news.yahoo.com,TRUE,FALSE
chattanoogapulse.com,TRUE,FALSE
kob.com,TRUE,FALSE
nba.sport24.gr,TRUE,FALSE
realitytea.com,TRUE,FALSE
myfoxphoenix.com,TRUE,FALSE
enquirerjournal.com,TRUE,FALSE
home.cableone.net,TRUE,FALSE
motorcycle-usa.com,TRUE,FALSE
quicosenza.it,TRUE,FALSE
wimbledonguardian.co.uk,TRUE,FALSE
dinheirovivo.pt,TRUE,FALSE
rblandmark.com,TRUE,FALSE
dgabc.com.br,TRUE,FALSE
panorama.com.al,TRUE,FALSE
southcountypublications.com,TRUE,FALSE
afp.com,TRUE,FALSE
demerarawaves.com,TRUE,FALSE
koillissanomat.fi,TRUE,FALSE
visao.sapo.pt,TRUE,FALSE
focitipp.hu,TRUE,FALSE
franceinfo.fr,TRUE,FALSE
fox2detroit.com,TRUE,FALSE
kentuckynewera.com,TRUE,FALSE
heraldcourier.com,TRUE,FALSE
recordstar.com,TRUE,FALSE
sportsmole.co.uk,TRUE,FALSE
fotbalportal.cz,TRUE,FALSE
amarillo.com,TRUE,FALSE
elcorreo.com,TRUE,FALSE
mlstargazette.com,TRUE,FALSE
techtimes.com,TRUE,FALSE
malaysiandigest.com,TRUE,FALSE
real.gr,TRUE,FALSE
theprovince.com,TRUE,FALSE
rtvutrecht.nl,TRUE,FALSE
h-avis.no,TRUE,FALSE
welt-kompakt.de,TRUE,FALSE
lancasterbee.com,TRUE,FALSE
smbt.se,TRUE,FALSE
viata-libera.ro,TRUE,FALSE
civilbeat.com,TRUE,FALSE
heraldsun.com,TRUE,FALSE
sportal.bg,TRUE,FALSE
southcoastregister.com.au,TRUE,FALSE
99mac.se,TRUE,FALSE
guyism.com,TRUE,FALSE
exploreclarion.com,TRUE,FALSE
moviepilot.de,TRUE,FALSE
pharostribune.com,TRUE,FALSE
citrusheightsmessenger.com,TRUE,FALSE
larioja.com,TRUE,FALSE
memphisflyer.com,TRUE,FALSE
zlin.idnes.cz,TRUE,FALSE
columbian.com,TRUE,FALSE
wz.lviv.ua,TRUE,FALSE
vanzandtnews.com,TRUE,FALSE
promo.espn.com,TRUE,FALSE
egotastic.com,TRUE,FALSE
medicalnewsreporter.com,TRUE,FALSE
navytimes.com,TRUE,FALSE
mvestnik.ru,TRUE,FALSE
ukzinios.lt,TRUE,FALSE
firstpost.com,TRUE,FALSE
ed.nl,TRUE,FALSE
tristatehomepage.com,TRUE,FALSE
onlinemadison.com,TRUE,FALSE
chronline.com,TRUE,FALSE
hitfix.com,TRUE,FALSE
ilgiornaledivicenza.it,TRUE,FALSE
es.blastingnews.com,TRUE,FALSE
mytex.ro,TRUE,FALSE
gazeta-dona.ru,TRUE,FALSE
mckinleyvillepress.com,TRUE,FALSE
themoreheadnews.com,TRUE,FALSE
mt-peaks.com,TRUE,FALSE
emirates247.com,TRUE,FALSE
joop.nl,TRUE,FALSE
culturenow.gr,TRUE,FALSE
agderposten.no,TRUE,FALSE
nzz.ch,TRUE,FALSE
thehill.com,TRUE,FALSE
journaldemontreal.com,TRUE,FALSE
meedia.de,TRUE,FALSE
fightnews.com,TRUE,FALSE
eluniverso.com,TRUE,FALSE
consumerist.com,TRUE,FALSE
deltanewsweb.com,TRUE,FALSE
sweethomenews.com,TRUE,FALSE
semya.ru,TRUE,FALSE
rr.com,TRUE,FALSE
douglascountysentinel.com,TRUE,FALSE
goettinger-tageblatt.de,TRUE,FALSE
willistonpioneer.com,TRUE,FALSE
mysinchew.com,TRUE,FALSE
itechpost.com,TRUE,FALSE
lamorindaweekly.com,TRUE,FALSE
presseportal.de,TRUE,FALSE
times-news.com,TRUE,FALSE
ketknbc.com,TRUE,FALSE
psdispatch.com,TRUE,FALSE
farmersvilletimes.com,TRUE,FALSE
details.com,TRUE,FALSE
queenscourier.com,TRUE,FALSE
akaanseutu.fi,TRUE,FALSE
sport.cz,TRUE,FALSE
detroitnews.com,TRUE,FALSE
wapt.com,TRUE,FALSE
thelancasternews.com,TRUE,FALSE
thevirginianreview.com,TRUE,FALSE
66.ru,TRUE,FALSE
raport.cz,TRUE,FALSE
sheffieldtelegraph.co.uk,TRUE,FALSE
republictimes.net,TRUE,FALSE
cookcountynews-herald.com,TRUE,FALSE
smaalenene.no,TRUE,FALSE
presspubs.com,TRUE,FALSE
stcatharinesstandard.ca,TRUE,FALSE
news.oneindia.in,TRUE,FALSE
fd.nl,TRUE,FALSE
knack.be,TRUE,FALSE
billoreilly.com,TRUE,FALSE
pinkvilla.com,TRUE,FALSE
moto.onet.pl,TRUE,FALSE
retfordtoday.co.uk,TRUE,FALSE
enquirerherald.com,TRUE,FALSE
auto.idnes.cz,TRUE,FALSE
rtlnext.rtl.de,TRUE,FALSE
dailydem.com,TRUE,FALSE
waaytv.com,TRUE,FALSE
infoworld.com,TRUE,FALSE
themercury.com,TRUE,FALSE
thedailynews.cc,TRUE,FALSE
blogg.fotbollskanalen.se,TRUE,FALSE
shropshirestar.com,TRUE,FALSE
montrosepress.com,TRUE,FALSE
captees.com,TRUE,FALSE
struma.com,TRUE,FALSE
vsar.ru,TRUE,FALSE
magazin.aktualne.cz,TRUE,FALSE
bienpublic.com,TRUE,FALSE
northlibertyleader.com,TRUE,FALSE
desplainesvalleynews.com,TRUE,FALSE
hnonline.sk,TRUE,FALSE
journalexpress.net,TRUE,FALSE
topix.com,TRUE,FALSE
laitilansanomat.fi,TRUE,FALSE
clydeenterprise.com,TRUE,FALSE
thedailybanter.com,TRUE,FALSE
thedickinsonpress.com,TRUE,FALSE
tech.ihned.cz,TRUE,FALSE
tek.sapo.pt,TRUE,FALSE
noticiasaominuto.com,TRUE,FALSE
chiosopinion.wordpress.com,TRUE,FALSE
bridlingtonfreepress.co.uk,TRUE,FALSE
completesportsnigeria.com,TRUE,FALSE
islandpacket.com,TRUE,FALSE
mdz-moskau.eu,TRUE,FALSE
myslo.ru,TRUE,FALSE
desitribuneusa.com,TRUE,FALSE
insidelacrosse.com,TRUE,FALSE
kaufmanherald.com,TRUE,FALSE
connectsavannah.com,TRUE,FALSE
themudflats.net,TRUE,FALSE
windowontheclearwater.com,TRUE,FALSE
opap.gr,TRUE,FALSE
sofia.topnovini.bg,TRUE,FALSE
decaturdailydemocrat.com,TRUE,FALSE
accringtonobserver.co.uk,TRUE,FALSE
gameranx.com,TRUE,FALSE
elhispanonews.com,TRUE,FALSE
hallindsey.com,TRUE,FALSE
ghacks.net,TRUE,FALSE
n24.de,TRUE,FALSE
sportslogos.net,TRUE,FALSE
gr.yahoo.com,TRUE,FALSE
dawsonnews.com,TRUE,FALSE
wirtschaftsblatt.at,TRUE,FALSE
emprosnet.gr,TRUE,FALSE
planetsave.com,TRUE,FALSE
donaukurier.de,TRUE,FALSE
redaccionmedica.com,TRUE,FALSE
theminneotamascot.com,TRUE,FALSE
sedona.biz,TRUE,FALSE
vol.no,TRUE,FALSE
plzensky.denik.cz,TRUE,FALSE
ntd.tv,TRUE,FALSE
registercitizen.com,TRUE,FALSE
rtv.rs,TRUE,FALSE
glo.msn.com,TRUE,FALSE
thegazette.com,TRUE,FALSE
thedailyreview.com,TRUE,FALSE
expert.ru,TRUE,FALSE
stroudnewsandjournal.co.uk,TRUE,FALSE
defense-update.com,TRUE,FALSE
santamariatimes.com,TRUE,FALSE
sunpatriot.com,TRUE,FALSE
click.ro,TRUE,FALSE
tylerpaper.com,TRUE,FALSE
canadafreepress.com,TRUE,FALSE
viikkopk.fi,TRUE,FALSE
polygamia.pl,TRUE,FALSE
timescitizen.com,TRUE,FALSE
basildonrecorder.co.uk,TRUE,FALSE
rn-t.com,TRUE,FALSE
siikkis.fi,TRUE,FALSE
varazdinske-vijesti.hr,TRUE,FALSE
davisclipper.com,TRUE,FALSE
woodtv.com,TRUE,FALSE
standartnews.com,TRUE,FALSE
av-avis.no,TRUE,FALSE
uvaldeleadernews.com,TRUE,FALSE
omroepbrabant.nl,TRUE,FALSE
newtownbee.com,TRUE,FALSE
righttoworkcommittee.org,TRUE,FALSE
noviny-poprad.sk,TRUE,FALSE
bari.repubblica.it,TRUE,FALSE
marketplace.org,TRUE,FALSE
thenewsobserver.com,TRUE,FALSE
estrepublicain.fr,TRUE,FALSE
onvista.de,TRUE,FALSE
gazeta-shqip.com,TRUE,FALSE
pbn.com,TRUE,FALSE
studenti.it,TRUE,FALSE
gazzettadireggio.gelocal.it,TRUE,FALSE
cornishman.co.uk,TRUE,FALSE
ourdavie.com,TRUE,FALSE
t-g.com,TRUE,FALSE
spencereveningworld.com,TRUE,FALSE
theguardian.pe.ca,TRUE,FALSE
livesicilia.it,TRUE,FALSE
seattletimes.com,TRUE,FALSE
logos.press.md,TRUE,FALSE
tvanouvelles.ca,TRUE,FALSE
journalisten.no,TRUE,FALSE
hola.com,TRUE,FALSE
independent.co.uk,TRUE,FALSE
segodnya.ua,TRUE,FALSE
softcraze.com,TRUE,FALSE
hopestar.com,TRUE,FALSE
statesmanexaminer.com,TRUE,FALSE
space.com,TRUE,FALSE
ind.pn,TRUE,FALSE
gr.pcmag.com,TRUE,FALSE
thewestmorlandgazette.co.uk,TRUE,FALSE
cinewsnow.com,TRUE,FALSE
providencejournal.com,TRUE,FALSE
living.msn.com,TRUE,FALSE
pardaphash.com,TRUE,FALSE
actionnewsjax.com,TRUE,FALSE
zanesvilletimesrecorder.com,TRUE,FALSE
demingheadlight.com,TRUE,FALSE
gtrnews.com,TRUE,FALSE
laumat.at,TRUE,FALSE
mnn.com,TRUE,FALSE
iol.co.za,TRUE,FALSE
autowereld.com,TRUE,FALSE
looopings.nl,TRUE,FALSE
radioaustralia.net.au,TRUE,FALSE
itromso.no,TRUE,FALSE
thedailystar.com,TRUE,FALSE
rodiaki.gr,TRUE,FALSE
levyjournalonline.com,TRUE,FALSE
top.rbc.ru,TRUE,FALSE
kjendis.no,TRUE,FALSE
sport.orf.at,TRUE,FALSE
autozine.nl,TRUE,FALSE
keyforweb.it,TRUE,FALSE
csnbayarea.com,TRUE,FALSE
thechathamnews.com,TRUE,FALSE
maryvilledailyforum.com,TRUE,FALSE
signalamerican.org,TRUE,FALSE
dickclark.com,TRUE,FALSE
money.oe24.at,TRUE,FALSE
wrc.com,TRUE,FALSE
androidpolice.com,TRUE,FALSE
adweek.com,TRUE,FALSE
strettoweb.com,TRUE,FALSE
ktnv.com,TRUE,FALSE
demokraten.no,TRUE,FALSE
thecut.com,TRUE,FALSE
newyorkpost.com,TRUE,FALSE
actualitesdroitbelge.be,TRUE,FALSE
jewishobserver-la.com,TRUE,FALSE
sportske.net,TRUE,FALSE
aceshowbiz.com,TRUE,FALSE
espnf1.com,TRUE,FALSE
florence-forestnews.com,TRUE,FALSE
chelseafc.com,TRUE,FALSE
skyhidailynews.com,TRUE,FALSE
kesq.com,TRUE,FALSE
novayagazeta-ug.ru,TRUE,FALSE
norwalkreflector.com,TRUE,FALSE
adressa.no,TRUE,FALSE
nnp.de,TRUE,FALSE
nczas.com,TRUE,FALSE
dailyadvocate.com,TRUE,FALSE
billboard.com,TRUE,FALSE
huffpost.com,TRUE,FALSE
butlereagle.com,TRUE,FALSE
austinchronicle.com,TRUE,FALSE
pdc.tv,TRUE,FALSE
dezeen.com,TRUE,FALSE
barbertonherald.com,TRUE,FALSE
waterford-news.ie,TRUE,FALSE
rfa.org,TRUE,FALSE
lqj.ch,TRUE,FALSE
vozdaplanicie.pt,TRUE,FALSE
parlamentoglobal.sapo.pt,TRUE,FALSE
cretalive.gr,TRUE,FALSE
autoportal.iol.pt,TRUE,FALSE
vtb.no,TRUE,FALSE
abc11.com,TRUE,FALSE
lgz.ru,TRUE,FALSE
vienna.at,TRUE,FALSE
amtsavisen.dk,TRUE,FALSE
thewetumpkaherald.com,TRUE,FALSE
euro.cz,TRUE,FALSE
wcyb.com,TRUE,FALSE
uproxx.com,TRUE,FALSE
wakeweekly.com,TRUE,FALSE
ashleynewsobserver.com,TRUE,FALSE
pctribune.com,TRUE,FALSE
centurycitynews.com,TRUE,FALSE
southreporter.com,TRUE,FALSE
islingtongazette.co.uk,TRUE,FALSE
rol.st,TRUE,FALSE
diarioinformacion.com,TRUE,FALSE
mitchellnews.com,TRUE,FALSE
wbrc.com,TRUE,FALSE
wowktv.com,TRUE,FALSE
redwoodtimes.com,TRUE,FALSE
kdvr.com,TRUE,FALSE
itmagazine.ch,TRUE,FALSE
gibsoncitydaily.com,TRUE,FALSE
gezinsbode.nl,TRUE,FALSE
mafraregional.pt,TRUE,FALSE
tech.wp.pl,TRUE,FALSE
thonline.com,TRUE,FALSE
aledotimesrecord.com,TRUE,FALSE
ligaportal.at,TRUE,FALSE
webindia123.com,TRUE,FALSE
svopi.ru,TRUE,FALSE
wavy.com,TRUE,FALSE
ktrh.iheart.com,TRUE,FALSE
noticias.terra.com.pe,TRUE,FALSE
burnleyexpress.net,TRUE,FALSE
ncadvertiser.com,TRUE,FALSE
dnaindia.com,TRUE,FALSE
naszdziennik.pl,TRUE,FALSE
percolately.com,TRUE,FALSE
theantlersamerican.com,TRUE,FALSE
ystadsallehanda.se,TRUE,FALSE
cyclingnews.com,TRUE,FALSE
socialistworkeronline.net,TRUE,FALSE
ilroma.net,TRUE,FALSE
sportingnews.com,TRUE,FALSE
wane.com,TRUE,FALSE
architecturaldigest.com,TRUE,FALSE
blackamericaweb.com,TRUE,FALSE
capecoralbarometer.com,TRUE,FALSE
paulaschoice.com,TRUE,FALSE
boston.com,TRUE,FALSE
dewereldmorgen.be,TRUE,FALSE
huelvainformacion.es,TRUE,FALSE
webmd.com,TRUE,FALSE
weather.gov,TRUE,FALSE
asianreporter.com,TRUE,FALSE
myfoxhouston.com,TRUE,FALSE
belfasttelegraph.co.uk,TRUE,FALSE
jonews.com,TRUE,FALSE
montereyherald.com,TRUE,FALSE
ildomani.it,TRUE,FALSE
king5.com,TRUE,FALSE
m.heise.de:heise.de,TRUE,FALSE
duxburytimes.com,TRUE,FALSE
newsweek.com,TRUE,FALSE
staburags.diena.lv,TRUE,FALSE
m.kleinezeitung.at:kleinezeitung.at,TRUE,FALSE
indyweek.com,TRUE,FALSE
gossip-tv.gr,TRUE,FALSE
northwestohio.com,TRUE,FALSE
freerepublic.com,TRUE,FALSE
tvnwarszawa.pl,TRUE,FALSE
waterford-today.ie,TRUE,FALSE
dpa.xtn.net,TRUE,FALSE
fulhamchronicle.co.uk,TRUE,FALSE
hronika.ba,TRUE,FALSE
gallatinnorthmissourian.com,TRUE,FALSE
alachuatoday.com,TRUE,FALSE
tv.ilfattoquotidiano.it,TRUE,FALSE
thecountyrecord.net,TRUE,FALSE
islandernews.com,TRUE,FALSE
pathfinder.gr,TRUE,FALSE
delo.si,TRUE,FALSE
loudountimes.com,TRUE,FALSE
news.ca.msn.com,TRUE,FALSE
brecorder.com,TRUE,FALSE
thedowneypatriot.net,TRUE,FALSE
ziare.com,TRUE,FALSE
pontiacdailyleader.com,TRUE,FALSE
lifenews.com,TRUE,FALSE
mytrpaper.com,TRUE,FALSE
alingsaskuriren.se,TRUE,FALSE
mn.ru,TRUE,FALSE
bote.ch,TRUE,FALSE
rightcelebrity.com,TRUE,FALSE
jewishpressoftampa.our-hometown.com,TRUE,FALSE
espn.com.au,TRUE,FALSE
burbankleader.com,TRUE,FALSE
catwalkchatt.com,TRUE,FALSE
km.press.md,TRUE,FALSE
orusttjorntidningen.se,TRUE,FALSE
westvalleyview.com,TRUE,FALSE
timesfreepress.com,TRUE,FALSE
midilibre.fr,TRUE,FALSE
crainsnewyork.com,TRUE,FALSE
capenews.net,TRUE,FALSE
cnycentral.com,TRUE,FALSE
richmond-dailynews.com,TRUE,FALSE
atlantico.fr,TRUE,FALSE
ripleynews.com,TRUE,FALSE
jamaica-gleaner.com,TRUE,FALSE
laverdad.es,TRUE,FALSE
expressnews.by,TRUE,FALSE
derstandard.at,TRUE,FALSE
kentcountytimes.com,TRUE,FALSE
westannouncements.com.au,TRUE,FALSE
kxan.com,TRUE,FALSE
heraldextra.com,TRUE,FALSE
quoddytides.com,TRUE,FALSE
larepubliquedespyrenees.fr,TRUE,FALSE
hawaiinewsnow.com,TRUE,FALSE
soccerladuma.co.za,TRUE,FALSE
technieuws.com,TRUE,FALSE
vecherniyorenburg.ru,TRUE,FALSE
fox43.com,TRUE,FALSE
wral.com,TRUE,FALSE
foxsportsohio.com,TRUE,FALSE
pobjeda.net,TRUE,FALSE
abendblatt.de,TRUE,FALSE
keysnet.com,TRUE,FALSE
coloradodaily.com,TRUE,FALSE
insider.gr,TRUE,FALSE
ncnewspress.com,TRUE,FALSE
arlingtontimes.com,TRUE,FALSE
browncitybanner.mihomepaper.com,TRUE,FALSE
palermo.repubblica.it,TRUE,FALSE
granvilleonline.com,TRUE,FALSE
bloomberg.com,TRUE,FALSE
genova.repubblica.it,TRUE,FALSE
help.orf.at,TRUE,FALSE
qianlong.com,TRUE,FALSE
nsnet.dk,TRUE,FALSE
pgatour.com,TRUE,FALSE
readingeagle.com,TRUE,FALSE
archboldbuckeye.com,TRUE,FALSE
thecover.cn,TRUE,FALSE
robdailynews.com,TRUE,FALSE
goleader.com,TRUE,FALSE
eweek.com,TRUE,FALSE
mysask.com,TRUE,FALSE
svetmobilne.cz,TRUE,FALSE
bhgnews.com,TRUE,FALSE
teenvogue.com,TRUE,FALSE
minnesota.cbslocal.com,TRUE,FALSE
world.fedpress.ru,TRUE,FALSE
svetmobilne.cz,TRUE,FALSE
buzzfeednews.com,TRUE,FALSE
cfoworld.cz,TRUE,FALSE
europasur.es,TRUE,FALSE
lavanguardia.com,TRUE,FALSE
offsite.com.cy,TRUE,FALSE
valleyplanet.com,TRUE,FALSE
distrifood.nl,TRUE,FALSE
winfieldamerican.com,TRUE,FALSE
ft.com,TRUE,FALSE
austindailyherald.com,TRUE,FALSE
chip.de,TRUE,FALSE
giga.de,TRUE,FALSE
ordquiz.com,TRUE,FALSE
suttonguardian.co.uk,TRUE,FALSE
moneyweek.com,TRUE,FALSE
courierjournal.net,TRUE,FALSE
kptv.com,TRUE,FALSE
curacaochronicle.com,TRUE,FALSE
ivpressonline.com,TRUE,FALSE
argusleader.com,TRUE,FALSE
wpsdlocal6.com,TRUE,FALSE
insuedthueringen.de,TRUE,FALSE
oanow.com,TRUE,FALSE
nordjyske.dk,TRUE,FALSE
kbtx.com,TRUE,FALSE
hpj.com,TRUE,FALSE
timesbulletin.com,TRUE,FALSE
lonestaricon.com,TRUE,FALSE
autoweek.nl,TRUE,FALSE
diariodeburgos.es,TRUE,FALSE
thecourier.com.au,TRUE,FALSE
tk.no,TRUE,FALSE
brighthand.com,TRUE,FALSE
movies.com,TRUE,FALSE
sport.tvn24.pl,TRUE,FALSE
irontontribune.com,TRUE,FALSE
brescia.corriere.it,TRUE,FALSE
radioregional.pt,TRUE,FALSE
larazon.es,TRUE,FALSE
zurnal.rs,TRUE,FALSE
jcrecordcourier.com,TRUE,FALSE
on.theatln.tc,TRUE,FALSE
gp.se,TRUE,FALSE
laisvaslaikrastis.lt,TRUE,FALSE
werra-rundschau.de,TRUE,FALSE
diariodejerez.es,TRUE,FALSE
islandgazette.net,TRUE,FALSE
hutchnews.com,TRUE,FALSE
theblacksphere.net,TRUE,FALSE
norwoodtownnews.com,TRUE,FALSE
businessjournaldaily.com,TRUE,FALSE
accessatlanta.com,TRUE,FALSE
venturebeat.com,TRUE,FALSE
hameensanomat.fi,TRUE,FALSE
dikaiologitika.gr,TRUE,FALSE
usti.idnes.cz,TRUE,FALSE
yoursun.com,TRUE,FALSE
wahpetondailynews.com,TRUE,FALSE
solinger-tageblatt.de,TRUE,FALSE
glasamerike.net,TRUE,FALSE
reporternews.com,TRUE,FALSE
miamitodaynews.com,TRUE,FALSE
agenciabrasil.ebc.com.br,TRUE,FALSE
jarviseutu-lehti.fi,TRUE,FALSE
smobserver.com,TRUE,FALSE
intex-press.by,TRUE,FALSE
valdostadailytimes.com,TRUE,FALSE
cjad.com,TRUE,FALSE
pokernews.com,TRUE,FALSE
russiajournal.com,TRUE,FALSE
speedtv.com,TRUE,FALSE
redlandsdailyfacts.com,TRUE,FALSE
barometern.se,TRUE,FALSE
folkbladet.se,TRUE,FALSE
hz-online.de,TRUE,FALSE
ladepeche.fr,TRUE,FALSE
fox59.com,TRUE,FALSE
kearneyhub.com,TRUE,FALSE
teluguone.com,TRUE,FALSE
westlibertyindex.com,TRUE,FALSE
mytwintiers.com,TRUE,FALSE
thefutoncritic.com,TRUE,FALSE
thegwpf.org,TRUE,FALSE
gottabemobile.com,TRUE,FALSE
paducahsun.com,TRUE,FALSE
thevoiceofkapolei.com,TRUE,FALSE
thesheridanpress.com,TRUE,FALSE
budapesttimes.hu,TRUE,FALSE
journaldujura.ch,TRUE,FALSE
mediaguru.cz,TRUE,FALSE
financialexpress.com,TRUE,FALSE
webradio.hu,TRUE,FALSE
latribuna.sm,TRUE,FALSE
biznes-portal.com,TRUE,FALSE
khabarsouthasia.com,TRUE,FALSE
monitorulsv.ro,TRUE,FALSE
srf.ch,TRUE,FALSE
bastropenterprise.com,TRUE,FALSE
davisenterprise.com,TRUE,FALSE
jurnal.md,TRUE,FALSE
sussexexpress.co.uk,TRUE,FALSE
northsomersettimes.co.uk,TRUE,FALSE
allaccess.com,TRUE,FALSE
napi.hu,TRUE,FALSE
news.xin.msn.com,TRUE,FALSE
biznes.interia.pl,TRUE,FALSE
computerworld.com,TRUE,FALSE
thesudburystar.com,TRUE,FALSE
jbl.no,TRUE,FALSE
hevesmegyeihirlap.hu,TRUE,FALSE
suedkurier.de,TRUE,FALSE
timespressrecorder.com,TRUE,FALSE
goal.com,TRUE,FALSE
karjalainen.fi,TRUE,FALSE
enterprisepub.com,TRUE,FALSE
gmx.at,TRUE,FALSE
mospravda.ru,TRUE,FALSE
petrozavodsk.ru,TRUE,FALSE
cdn.espn.com,TRUE,FALSE
forest-blade.com,TRUE,FALSE
radiogdansk.pl,TRUE,FALSE
erzdioezese-wien.at,TRUE,FALSE
ynn.com,TRUE,FALSE
przegladsportowy.pl,TRUE,FALSE
pravda.rs,TRUE,FALSE
wndu.com,TRUE,FALSE
uniondailytimes.com,TRUE,FALSE
football.co.uk,TRUE,FALSE
jamesporttricountyweekly.com,TRUE,FALSE
impartialreporter.com,TRUE,FALSE
kfdm.com,TRUE,FALSE
wjhnews.com,TRUE,FALSE
itpro.co.uk,TRUE,FALSE
thestatesman.net,TRUE,FALSE
thecamarilloacorn.com,TRUE,FALSE
icv.hr,TRUE,FALSE
fauquier.com,TRUE,FALSE
cretegazette.com,TRUE,FALSE
bloggar.aftonbladet.se,TRUE,FALSE
unternehmen-heute.de,TRUE,FALSE
kotaku.com.au,TRUE,FALSE
grandblancview.mihomepaper.com,TRUE,FALSE
frieschdagblad.nl,TRUE,FALSE
ilmessaggero.it,TRUE,FALSE
pocasi.blesk.cz,TRUE,FALSE
newsvirginian.com,TRUE,FALSE
boingboing.net,TRUE,FALSE
irishcentral.com,TRUE,FALSE
bhgnews.com,TRUE,FALSE
ktla.com,TRUE,FALSE
darlingtonandstocktontimes.co.uk,TRUE,FALSE
polkio.com,TRUE,FALSE
modocrecord.com,TRUE,FALSE
amur.info,TRUE,FALSE
music.yahoo.com,TRUE,FALSE
haz.de,TRUE,FALSE
publicopiniononline.com,TRUE,FALSE
nevadadailymail.com,TRUE,FALSE
rtvbn.com,TRUE,FALSE
oskaloosa.com,TRUE,FALSE
valleytimes-news.com,TRUE,FALSE
kentonbee.com,TRUE,FALSE
latina.com,TRUE,FALSE
dailyranger.com,TRUE,FALSE
naukawpolsce.pap.pl,TRUE,FALSE
theatermania.com,TRUE,FALSE
fbnewsleader.com,TRUE,FALSE
hillcountryherald.net,TRUE,FALSE
psx-sense.nl,TRUE,FALSE
soccerbible.com,TRUE,FALSE
sport1.de,TRUE,FALSE
merchantsmarketer.com,TRUE,FALSE
linkiesta.it,TRUE,FALSE
thisisbristol.co.uk,TRUE,FALSE
westernbulldogs.com.au,TRUE,FALSE
harzkurier.de,TRUE,FALSE
seminolechronicle.com,TRUE,FALSE
motorsport-total.com,TRUE,FALSE
msn.com,TRUE,FALSE
dex.hu,TRUE,FALSE
coloradocountycitizen.com,TRUE,FALSE
bizcommunity.com,TRUE,FALSE
msnbc.com,TRUE,FALSE
themoorecountynews.com,TRUE,FALSE
dptribune.biz,TRUE,FALSE
atpworldtour.com,TRUE,FALSE
caledonianrecord.com,TRUE,FALSE
x17online.com,TRUE,FALSE
chicagojournal.com,TRUE,FALSE
artdaily.org,TRUE,FALSE
askmen.com,TRUE,FALSE
pagelandprogressive.com,TRUE,FALSE
tehrantimes.com,TRUE,FALSE
ridgwayrecord.com,TRUE,FALSE
leinsterleader.ie,TRUE,FALSE
haysfreepress.com,TRUE,FALSE
miaminewtimes.com,TRUE,FALSE
lux.iol.pt,TRUE,FALSE
sportreport.biz,TRUE,FALSE
sourcenewspapers.com,TRUE,FALSE
tyden.cz,TRUE,FALSE
iltempo.it,TRUE,FALSE
nordlys.no,TRUE,FALSE
rzeszow.wyborcza.pl,TRUE,FALSE
ktxs.com,TRUE,FALSE
vitalia.cz,TRUE,FALSE
csakfoci.hu,TRUE,FALSE
dailyrecord.us,TRUE,FALSE
style.rbc.ru,TRUE,FALSE
mumbrella.com.au,TRUE,FALSE
demorgen.be,TRUE,FALSE
bdtonline.com,TRUE,FALSE
news-herald.net,TRUE,FALSE
kurier.lt,TRUE,FALSE
ksat.com,TRUE,FALSE
grahamstar.com,TRUE,FALSE
dalademokraten.se,TRUE,FALSE
7msport.com,TRUE,FALSE
laprensasa.com,TRUE,FALSE
eldia.es,TRUE,FALSE
volksstimme.de,TRUE,FALSE
statejournal.com,TRUE,FALSE
riograndesun.com,TRUE,FALSE
rivnepost.rv.ua,TRUE,FALSE
nit.pt,TRUE,FALSE
podrobnosti.ua,TRUE,FALSE
schaumburger-zeitung.de,TRUE,FALSE
tranastidning.se,TRUE,FALSE
macleans.ca,TRUE,FALSE
collider.com,TRUE,FALSE
windstreambusiness.net,TRUE,FALSE
citylab.com,TRUE,FALSE
andalusiastarnews.com,TRUE,FALSE
giornaledibrescia.it,TRUE,FALSE
suomenmaa.fi,TRUE,FALSE
newrepublic.com,TRUE,FALSE
wholehogsports.com,TRUE,FALSE
thewrangellsentinel.com,TRUE,FALSE
dslreports.com,TRUE,FALSE
lions.com.au,TRUE,FALSE
westernmassnews.com,TRUE,FALSE
tpnn.com,TRUE,FALSE
pulsinnowacji.pb.pl,TRUE,FALSE
galenagazette.com,TRUE,FALSE
der-reporter.de,TRUE,FALSE
timesreporter.com,TRUE,FALSE
goodmorningamerica.com,TRUE,FALSE
nt.se,TRUE,FALSE
independent.com,TRUE,FALSE
timescourier.com,TRUE,FALSE
wwmt.com,TRUE,FALSE
nwasianweekly.com,TRUE,FALSE
repubblica.it,TRUE,FALSE
trends.levif.be,TRUE,FALSE
ricochet.com,TRUE,FALSE
escapistmagazine.com,TRUE,FALSE
thewaynecountynews.com,TRUE,FALSE
world.needforspeed.com,TRUE,FALSE
kresy.pl,TRUE,FALSE
pricecountydaily.com,TRUE,FALSE
towleroad.com,TRUE,FALSE
sportschatplace.com,TRUE,FALSE
onlineopinion.com.au,TRUE,FALSE
millismedwaynews.com,TRUE,FALSE
billingsgazette.com,TRUE,FALSE
kare11.com,TRUE,FALSE
news.eircom.net,TRUE,FALSE
gn-online.de,TRUE,FALSE
ihned.cz,TRUE,FALSE
lamonitor.com,TRUE,FALSE
aarhus.lokalavisen.dk,TRUE,FALSE
wdtimes.com,TRUE,FALSE
rusrep.ru,TRUE,FALSE
eleditor.com,TRUE,FALSE
cecildaily.com,TRUE,FALSE
news.google.com.au,TRUE,FALSE
nbcsportswashington.com,TRUE,FALSE
medicalxpress.com,TRUE,FALSE
pozvanete.bg,TRUE,FALSE
foxsports.it,TRUE,FALSE
lalate.com,TRUE,FALSE
greenevillesun.com,TRUE,FALSE
daytonatimes.com,TRUE,FALSE
mz-web.de,TRUE,FALSE
q13fox.com,TRUE,FALSE
sport.ilmattino.it,TRUE,FALSE
partiledarna.story.aftonbladet.se,TRUE,FALSE
rockdalereporter.com,TRUE,FALSE
fr.yahoo.com,TRUE,FALSE
kxxv.com,TRUE,FALSE
autokopen.nl,TRUE,FALSE
indystar.com,TRUE,FALSE
clickorlando.com,TRUE,FALSE
zahranicni.eurozpravy.cz,TRUE,FALSE
prescottenews.com,TRUE,FALSE
timberjay.com,TRUE,FALSE
lajuntatribunedemocrat.com,TRUE,FALSE
wochen-zeitung.ch,TRUE,FALSE
aradon.ro,TRUE,FALSE
lenpravda.ru,TRUE,FALSE
elperiodicodearagon.com,TRUE,FALSE
tanea.gr,TRUE,FALSE
journalpilot.com,TRUE,FALSE
cherokeeherald.com,TRUE,FALSE
lockhaven.com,TRUE,FALSE
thestranger.com,TRUE,FALSE
propagandistasocial.com,TRUE,FALSE
englewoodindependent.com,TRUE,FALSE
444.hu,TRUE,FALSE
m.yahoo.com,TRUE,FALSE
globalcitizen.org,TRUE,FALSE
moneytalk.knack.be,TRUE,FALSE
parma.repubblica.it,TRUE,FALSE
sandmountainreporter.com,TRUE,FALSE
alaskajournal.com,TRUE,FALSE
sj.se,TRUE,FALSE
diariovasco.com,TRUE,FALSE
commercenewstoday.com,TRUE,FALSE
bikeradar.com,TRUE,FALSE
asbeiras.pt,TRUE,FALSE
gillettenewsrecord.com,TRUE,FALSE
smithsonianmag.com,TRUE,FALSE
mycenturylink.com,TRUE,FALSE
life.hotnews.ro,TRUE,FALSE
sequoyahcountytimes.com,TRUE,FALSE
torrentfreak.com,TRUE,FALSE
cestovani.idnes.cz,TRUE,FALSE
mdb.pt,TRUE,FALSE
hartfordcitynewstimes.com,TRUE,FALSE
ntv.ru,TRUE,FALSE
1asig.ro,TRUE,FALSE
dci.org,TRUE,FALSE
knoxfocus.com,TRUE,FALSE
jacksonsun.com,TRUE,FALSE
diariopalmbeach.com,TRUE,FALSE
handbag.com,TRUE,FALSE
brownsvilleherald.com,TRUE,FALSE
cjonline.com,TRUE,FALSE
thisisscunthorpe.co.uk,TRUE,FALSE
douglasenterprise.net,TRUE,FALSE
rantasalmenlehti.fi,TRUE,FALSE
bcn-news.com,TRUE,FALSE
zamg.ac.at,TRUE,FALSE
newstalk650.com,TRUE,FALSE
citywire.co.uk,TRUE,FALSE
bannergraphic.com,TRUE,FALSE
planetjh.com,TRUE,FALSE
investors.com,TRUE,FALSE
scientificamerican.com,TRUE,FALSE
elberton.com,TRUE,FALSE
thedailymeal.com,TRUE,FALSE
laregione.ch,TRUE,FALSE
newportindependent.com,TRUE,FALSE
bitport.hu,TRUE,FALSE
brentwoodweeklynews.co.uk,TRUE,FALSE
flanders-nj.com,TRUE,FALSE
koenigsberger-express.com,TRUE,FALSE
naftemporiki.gr,TRUE,FALSE
hesperiastar.com,TRUE,FALSE
dfens-cz.com,TRUE,FALSE
money.msn.com,TRUE,FALSE
c-pravda.ru,TRUE,FALSE
siasat.com,TRUE,FALSE
couriernews.net,TRUE,FALSE
appleinsider.com,TRUE,FALSE
vf.se,TRUE,FALSE
noticias.terra.com.co,TRUE,FALSE
thebulletinweekly.com,TRUE,FALSE
ert.gr,TRUE,FALSE
wtnh.com,TRUE,FALSE
websterkirkwoodtimes.com,TRUE,FALSE
bismarcktribune.com,TRUE,FALSE
oriongazette.com,TRUE,FALSE
pcworld.pl,TRUE,FALSE
simivalleyacorn.com,TRUE,FALSE
vitalfootball.co.uk,TRUE,FALSE
eurweb.com,TRUE,FALSE
thefranklinpress.com,TRUE,FALSE
malagahoy.es,TRUE,FALSE
hometownjournal.org,TRUE,FALSE
examiner.org,TRUE,FALSE
htimes.com,TRUE,FALSE
edition.cnn.com,TRUE,FALSE
wltx.com,TRUE,FALSE
www3.vz.ru,TRUE,FALSE
sp.ria.ru,TRUE,FALSE
theridgefieldpress.com,TRUE,FALSE
island.lk,TRUE,FALSE
princetoninfo.com,TRUE,FALSE
polispress.gr,TRUE,FALSE
patrickmcmullan.com,TRUE,FALSE
hetek.hu,TRUE,FALSE
lecourrier.ch,TRUE,FALSE
autoevolution.com,TRUE,FALSE
dvalnews.com,TRUE,FALSE
usmagazine.com,TRUE,FALSE
pix11.com,TRUE,FALSE
kirotv.com,TRUE,FALSE
teapartypatriots.org,TRUE,FALSE
koaa.com,TRUE,FALSE
canoticias.pt,TRUE,FALSE
es.noticias.yahoo.com,TRUE,FALSE
inforum.com,TRUE,FALSE
fox13now.com,TRUE,FALSE
byronnews.com.au,TRUE,FALSE
isport.blesk.cz,TRUE,FALSE
greenwooddemocrat.com,TRUE,FALSE
fjt.no,TRUE,FALSE
bristolobserver.com,TRUE,FALSE
ntt.com,TRUE,FALSE
tricountycitizen.mihomepaper.com,TRUE,FALSE
macauhub.com.mo,TRUE,FALSE
solecollector.com,TRUE,FALSE
cannonfalls.com,TRUE,FALSE
abruzzo24ore.tv,TRUE,FALSE
pekintimes.com,TRUE,FALSE
hillcountrynews.com,TRUE,FALSE
fri-kopenskap.se,TRUE,FALSE
wcsh6.com,TRUE,FALSE
unilad.co.uk,TRUE,FALSE
v8supercars.com.au,TRUE,FALSE
arstechnica.com,TRUE,FALSE
bzbasel.ch,TRUE,FALSE
businessinsider.com,TRUE,FALSE
pattayapeople.com,TRUE,FALSE
unt.se,TRUE,FALSE
mtv.com,TRUE,FALSE
dailysoutherner.com,TRUE,FALSE
chiff.com,TRUE,FALSE
lapinkansa.fi,TRUE,FALSE
nu.nl,TRUE,FALSE
newsitem.com,TRUE,FALSE
sekunde.lt,TRUE,FALSE
braidwoodjournal.com,TRUE,FALSE
gcnews.com,TRUE,FALSE
news.google.com.pk,TRUE,FALSE
umbriajournal.com,TRUE,FALSE
thesomervillenews.com,TRUE,FALSE
sansabanews.com,TRUE,FALSE
abc3340.com,TRUE,FALSE
kdminer.com,TRUE,FALSE
fox9.com,TRUE,FALSE
theinquirer.net,TRUE,FALSE
gympietimes.com.au,TRUE,FALSE
montrealgazette.com,TRUE,FALSE
hetnap.rs,TRUE,FALSE
stardem.com,TRUE,FALSE
ixbt.com,TRUE,FALSE
turnto10.com,TRUE,FALSE
wmtw.com,TRUE,FALSE
chronicle.com,TRUE,FALSE
kpbs.org,TRUE,FALSE
na.se,TRUE,FALSE
marshalltribune.com,TRUE,FALSE
mbl.is,TRUE,FALSE
panorama.nl,TRUE,FALSE
boomantribune.com,TRUE,FALSE
hamlethub.com,TRUE,FALSE
fr.euronews.com,TRUE,FALSE
libertatea.rs,TRUE,FALSE
wbj.pl,TRUE,FALSE
leidschdagblad.nl,TRUE,FALSE
vistanews.ru,TRUE,FALSE
techtree.com,TRUE,FALSE
renasterea.ro,TRUE,FALSE
globalgrind.com,TRUE,FALSE
mein-mmo.de,TRUE,FALSE
diaridegirona.cat,TRUE,FALSE
winonapost.com,TRUE,FALSE
gazetazp.ru,TRUE,FALSE
youtube.com,FALSE,TRUE
facebook.com,FALSE,TRUE
instagram.com,FALSE,TRUE
pinterest.com,FALSE,TRUE
linkedin.com,FALSE,TRUE
twitter.com,FALSE,TRUE
reddit.com,FALSE,TRUE
tumblr.com,FALSE,TRUE
twitch.tv,FALSE,TRUE
tiktok.com,FALSE,TRUE
quora.com,FALSE,TRUE
google.com,FALSE,TRUE
bing.com,FALSE,TRUE
baidu.com,FALSE,TRUE
yandex.com,FALSE,TRUE
duckduckgo.com,FALSE,TRUE
ecosia.com,FALSE,TRUE