tld,score
nytimes.com,-0.471189611
washingtonpost.com,-0.452138109
csmonitor.com,-0.48200461
latimes.com,-0.323638048
nypost.com,0.805615868
nydailynews.com,-0.586535697
chicagotribune.com,-0.274453913
chron.com,-0.202597675
dallasnews.com,0.062766502
newsday.com,-0.061521108
sfgate.com,-0.567057025
boston.com,-0.507848459
philly.com,-0.663786329
freep.com,-0.362354206
tampabay.com,-0.100042243
oregonlive.com,-0.665377018
signonsandiego.com,1
ocregister.com,0.140203993
sacbee.com,-0.151582424
miamiherald.com,-0.277761702
indystar.com,0.140203993
kansascity.com,-0.386919862
baltimoresun.com,-0.494730393
mercurynews.com,0.277502989
jsonline.com,-0.437272029
orlandosentinel.com,-0.332459562
sun-sentinel.com,-0.442180631
seattletimes.nwsource.com,1
dispatch.com,-0.423277494
courier-journal.com,-0.061521108
charlotte.com,-0.061521108
post-gazette.com,-0.202597675
bostonherald.com,0.642682415
twincities.com,-0.502027787
omaha.com,-0.743150096
hamptonroads.com,-0.386919862
www2.arkansasonline.com,0.559117405
buffalonews.com,-0.061521108
newsobserver.com,-0.220622249
courant.com,-0.671592053
palmbeachpost.com,-0.298468189
tennessean.com,0.721782538
statesman.com,-0.386919862
pe.com,0.140203993
lvrj.com,0.698616616
northjersey.com,-0.258342406
fresnobee.com,-1
jacksonville.com,1
democratandchronicle.com,1
projo.com,-1
commercialappeal.com,1
desmoinesregister.com,-0.154506315
bhamnews.com,1
dailynews.com,-0.202597675
app.com,0.645482223
sltrib.com,-0.814865164
toledoblade.com,0.214810357
lohud.com,-1
daytondailynews.com,1
thenewstribune.com,-1
heraldtribune.com,0.417121041
syracuse.com,0.569602411
kentucky.com,-0.671592053
mcall.com,-0.502027787
abqjournal.com,1
news-journalonline.com,-1
washingtontimes.com,0.79102995
dailyherald.com,1
delawareonline.com,0.911739428
wonkette.com,-0.879528897
powerlineblog.com,0.915053619
thinkprogress.org,-0.891329177
talkingpointsmemo.com,-0.781746357
rightwingnews.com,0.9715913
dailykos.com,-0.896881228
pajamasmedia.com,1
hotair.com,0.813519405
digbysblog.blogspot.com,-1
outsidethebeltway.com,1
redstate.com,0.533226111
reason.com,0.210241754
radaronline.com,0.813519405
americablog.com,-0.921007392
politicalwire.com,-0.650080833
newshounds.us,-0.775728357
themoderatevoice.com,-0.202597675
dcist.com,-1
progressive.org,-1
debbieschlussel.com,1
politicalhumor.about.com,-0.386919862
queerty.com,-0.671592053
bradblog.com,-0.54476387
politics.slashdot.org,-1
boomantribune.com,-1
patterico.com,1
consortiumnews.com,1
floppingaces.net,1
capitolhillblue.com,-1
cqpolitics.com,0.200943178
downwithtyranny.blogspot.com,-1
thenation.com,-0.777389265
tammybruce.com,1
taylormarsh.com,-1
burntorangereport.com,-0.28819873
freedomeden.blogspot.com,1
sweetness-light.com,1
moonbattery.com,1
liberalvaluesblog.com,1
washingtonmonthly.com,-0.851214714
freerepublic.com,0.852922413
crooksandliars.com,-0.896724217
memeorandum.com,-0.54476387
rudepundit.blogspot.com,-0.821108695
balloon-juice.com,-0.637971866
gopusa.com,0.65884793
democrats.org,-0.971077061
israpundit.com,1
tnr.com,-0.386919862
prospect.org,-0.623973672
thedemocraticstrategist.org,-1
dickmorris.com,1
blogs.takepart.com,-1
ourfuture.org,-0.851214714
ace.mu.nu,1
althouse.blogspot.com,1
bearingdrift.com,1
blackpoliticsontheweb.com,-1
democracyforamerica.com,-1
coldfury.com,1
cjr.org,-0.730080361
townhall.com,0.902362612
electionlawblog.org,-0.386919862
dscc.org,-1
factcheck.org,-0.637971866
ezraklein.com,-0.386919862
fitsnews.com,0.842695275
firedoglake.com,1
granitegrok.com,1
littlegreenfootballs.com,-0.896299167
michellemalkin.com,1
stonezone.com,1
theonion.com,-0.475612897
ritholtz.com,-0.061521108
dakotawarcollege.com,1
shakespearessister.blogspot.com,-0.800972549
realclearpolitics.com,0.288912525
politickernj.com,-0.061521108
foxnews.com,1
bbc.co.uk,-0.23477454
cnn.com,-0.29351535
npr.org,-0.663058278
voanews.com,-0.341237309
usnews.com,-0.119067475
newyorker.com,-0.77765994
forbes.com,0.098681278
economist.com,-0.457462602
blackenterprise.com,-0.061521108
nymag.com,-0.663557852
theatlantic.com,-0.567057025
motherjones.com,-0.834412497
harpers.org,1
chicagomag.com,-0.386919862
nationalreview.com,0.588572383
bostonmagazine.com,0.787207858
newsbusters.org,0.877260974
rawstory.com,-0.865478276
jihadwatch.org,1
commondreams.org,-0.738936457
blogcritics.org,1
smirkingchimp.com,-0.881203507
mediamatters.org,-0.887418776
msnbc.msn.com,-0.625776133
online.wsj.com,0.132526069
nbcdfw.com,0.900039527
wfaa.com,0.559117405
cbs11tv.com,0.404331119
univision.com,-0.869514467
kdfi27.com,-1
ksky.townhall.com,1
blogs.dallasobserver.com,0.59826446
971talk.com,1
newsnet5.com,0.59826446
wkyc.com,-0.061521108
dailybusinessreview.com,1
miaminewtimes.com,0.376990113
cbs4.com,0.140203993
nbc6.net,-1
local10.com,-0.061521108
telemundo51.com,-1
wptv.com,0.511517287
portlandmercury.com,-1
katu.com,1
koinlocal6.com,-1
kgw.com,-0.386919862
opb.org,-0.171460172
kptv.com,-0.386919862
newson6.com,1
wlos.com,-0.837544733
foxcarolina.com,1
pjstar.com,-1
wtvr.com,0.376990113
wric.com,-0.699498493
nbc12.com,1
fox23.com,1
ktul.com,1
nwpr.org,1
wboc.com,1
nbc29.com,-1
marshfieldnewsherald.com,-1
waow.com,-1
wausaudailyherald.com,-1
cleveland.com,-0.130727445
star-telegram.com,-0.061521108
upi.com,0.366078823
thedailybeast.com,-0.679043556
xinhuanet.com,-0.061521108
boingboing.net,-0.85836551
democracynow.org,-0.277288622
pri.org,-0.800972549
dailymail.co.uk,0.741134125
telegraph.co.uk,0.128372648
guardian.co.uk,-0.559477455
cbsnews.com,-0.242094096
thesun.co.uk,1
cnbc.com,0.190546302
suntimes.com,-0.141894392
salon.com,-0.78976773
rian.ru,0.820901203
cnet.com,0.511517287
examiner.com,0.255898632
time.com,-0.421184467
engadget.com,-0.386919862
dilbert.com,0.931719269
slate.com?from=rss,-0.693130035
flickr.com,-0.637971866
publishersweekly.com,-1
wired.com,-0.502027787
techcrunch.com,-0.743150096
reuters.com,0.028990372
stereogum.com,-1
espn.go.com,-0.258342406
snopes.com,-0.481534372
gizmodo.com,0.236882802
popsugar.com,-0.743150096
perezhilton.com,-0.386919862
hughhewitt.com,0.277502989
luxist.com,1
joystiq.com,-0.151582424
communities-dominate.blogs.com,1
rollingstone.com,-0.764997783
theregister.co.uk,-0.386919862
digg.com,-0.061521108
fool.com,1
failblog.org,-1
blogmaverick.com,1
newscientist.com,-1
tvsquad.com,-0.637971866
awkwardfamilyphotos.com,-1
people.com,-0.144115595
cracked.com,-0.637971866
calculatedriskblog.com,-0.386919862
gothamist.com,-0.837544733
arstechnica.com,1
eweek.com,1
netflix.com,-1
inhabitat.com,-1
pcworld.com,0.140203993
eonline.com,-0.47149595
elpais.com,-0.569399993
gawker.com,-0.532307411
fivethirtyeight.com,-0.702073034
wikihow.com,1
jalopnik.com,1
languagelog.ldc.upenn.edu,-1
scienceblogs.com,1
margaretandhelen.wordpress.com,-1
technologyreview.com,1
feministing.com,1
pitchfork.com,-0.637971866
jezebel.com,-0.940164726
venturebeat.com,0.140203993
nybooks.com,-1
bestweekever.tv,-1
buzzfeed.com,-0.51261047
nola.com,0.347018476
commentarymagazine.com,0.157983086
judicialwatch.org,0.934201764
swamppolitics.com,-0.938783683
americanpowerblog.blogspot.com,1
amconmag.com,0.511517287
freedomslighthouse.net,0.452394807
speaker.gov,1
reaganiterepublicanresistance.blogspot.com,1
wwwwakeupamericans-spree.blogspot.com,1
independentpoliticalreport.com,1
shark-tank.net,1
perrspectives.com,-1
ihatethemedia.com,1
pensitoreview.com,-1
collinsreport.net,1
bluegrasspundit.com,1
westernjournalism.com,0.946376033
immigrationimpact.com,-0.386919862
keithhennessey.com,1
bluestemprairie.com,-1
lamecherry.blogspot.com,1
hillaryis44.org,1
fair.org,-0.202597675
newzeal.blogspot.com,1
citizenwells.wordpress.com,1
ronpaul.com,1
anepigone.blogspot.com,1
washingtonexaminer.com,0.84827803
arkansasgopwing.blogspot.com,1
caffeinatedthoughts.com,1
massdiscussion.blogspot.com,1
libertyworks.com,1
blog.actblue.com,0.559117405
peaceblog.wordpress.com,-1
shallownation.com,1
howappealing.law.com,-1
blueridgeforum.com,1
hennessysview.com,1
criminaljustice.change.org,0.303456549
sierraclub.org,-1
mises.org,0.140203993
9to5mac.com,1
thenextweb.com,0.277502989
technologizer.com,-0.76582773
presstv.com,0.327097326
cbc.ca,-0.258342406
whitehouse.gov,0.579600296
gop.com,0.904269565
ndtv.com,0.140203993
thegazette.com,-0.580744469
qctimes.com,-0.54476387
wcfcourier.com,-1
siouxcityjournal.com,1
press-citizen.com,-1
thonline.com,1
globegazette.com,-0.386919862
theiowarepublican.com,0.140203993
politico.com,-0.211988903
judiciary.house.gov,1
deadline.com,0.00098267
concurringopinions.com,1
thehill.com,0.033432335
en.wikipedia.org,0.309028632
docs.google.com,0.489469406
lofgren.house.gov,-1
senate.gov,0.376990113
translate.google.com,0.140203993
politifact.com,-0.81218973
opensecrets.org,0.214810357
demandprogress.org,-1
law.cornell.edu,0.214810357
en.wordpress.com,0.277502989
transition.fcc.gov,-1
govtrack.us,-0.061521108
activistpost.com,1
sites.google.com,1
gpo.gov,1
hollywoodreporter.com,0.198246089
justice.gov,-0.061521108
uschamber.com,-0.743150096
infowars.com,0.940743322
scribd.com,0.399539955
vimeo.com,0.404331119
books.google.com,-0.061521108
plus.google.com,1
mcclatchydc.com,0.454670765
mediapost.com,1
soundcloud.com,-0.386919862
fbi.gov,1
bing.com,1
weeklystandard.com,0.595872226
mediafire.com,1
accounts.google.com,1
adweek.com,0.340674739
canadafreepress.com,1
alexa.com,1
avaaz.org,-1
thewrap.com,-0.002707376
shapeways.com,1
kickstarter.com,-0.061521108
businessinsider.com,0.009682329
archives.gov,1
geekwire.com,-1
house.gov,1
judiciary.senate.gov,1
answers.com,1
dailycaller.com,0.902397176
github.com,-0.386919862
computerworld.com,1
newsvine.com,-0.637971866
livestream.com,1
wnep.com,1
imgur.com,-1
clerk.house.gov,-1
pastebin.com,1
pennlive.com,-0.243927279
newstatesman.com,-0.386919862
etsy.com,-0.743150096
federaltimes.com,-1
newyork.cbslocal.com,-0.141894392
channelnewsasia.com,-1
cjonline.com,-1
lawfareblog.com,-1
s3.amazonaws.com,1
variety.com,-0.087694921
storify.com,-0.791588986
pjmedia.com,0.833098319
zeenews.india.com,1
patdollard.com,0.921671417
brookings.edu,-0.837544733
someecards.com,-0.54476387
prisonplanet.com,1
dropbox.com,1
ctmirror.org,-0.386919862
contactingthecongress.org,-0.386919862
billboard.com,-0.386919862
globalresearch.ca,1
theage.com.au,0.140203993
archive.org,-0.127664172
smh.com.au,-0.386919862
breitbart.com,0.956562795
business-standard.com,-0.061521108
blogplay.com,-0.386919862
webcache.googleusercontent.com,1
citizen.org,1
abovethelaw.com,1
scpr.org,1
austinchronicle.com,1
theglobeandmail.com,-0.488303091
atlantaga.gov,-1
feeds.skynews.com,0.186577379
straitstimes.com,1
news.softpedia.com,1
niemanlab.org,-1
verdict.justia.com,-0.386919862
king5.com,-0.76582773
oversight.house.gov,1
gopetition.com,1
prnewswire.com,0.473630804
religiondispatches.org,-1
lifesitenews.com,0.796766302
fas.org,-1
oaoa.com,1
adage.com,0.376990113
dailycamera.com,1
twitpic.com,-1
cio.com,-1
chronicle.com,-0.386919862
johnrlott.blogspot.com,1
courthousenews.com,-1
washingtonian.com,0.140203993
spiegel.de,-0.306802402
rollcall.com,-0.163926117
heritageaction.com,1
uscis.gov,1
washingtonsblog.com,1
paper.li,0.536536334
people-press.org,-0.681452811
de.wikipedia.org,1
mediaite.com,1
heritage.org,1
quinnipiac.edu,1
bibliotecapleyades.net,1
nj.com,-0.182945928
moelane.com,1
foreignpolicy.com,-0.61363104
numbersusa.com,0.845383122
deseretnews.com,-0.202597675
nielsenhayden.com,-1
bangordailynews.com,0.277502989
funnyordie.com,-0.800972549
endoftheamericandream.com,1
cnsnews.com,0.947852502
jta.org,0.029553269
documentcloud.org,-0.743150096
blogtalkradio.com,0.536536334
lasvegassun.com,-0.215018943
gq.com,-0.021574199
bobcesca.com,-0.637971866
politicspa.com,-0.386919862
mcconnell.senate.gov,1
ipetitions.com,0.277502989
whosay.com,-0.386919862
texastribune.org,0.035464227
good.is,-0.966565037
en.m.wikipedia.org,0.015475204
vulture.com,-0.743150096
washingtonblade.com,-0.895275513
libertarianism.org,1
inc.com,0.277502989
propublica.org,-0.580744469
theobamadiary.com,-1
legalinsurrection.com,0.780319893
bna.com,1
newsok.com,-0.34931804
fcw.com,1
tvguide.com,0.140203993
consequenceofsound.net,-0.061521108
ustream.tv,1
cbpp.org,-1
thesocietypages.org,-1
kaggle.com,1
blogs.seattleweekly.com,-1
netrightdaily.com,1
twittercounter.com,1
abc.net.au,-0.386919862
spreaker.com,0.85829656
thenewcivilrightsmovement.com,-0.928943448
heartland.org,1
blog.timesunion.com,-0.54476387
deathandtaxesmag.com,-0.75338548
miamiherald.typepad.com,0.376990113
vpr.net,-0.637971866
milforddailynews.com,-1
israelnationalnews.com,1
spotify.com,-0.386919862
fireandreamitchell.com,0.950961155
vanityfair.com,-0.635676669
lgbtqnation.com,-0.901131248
mcsweeneys.net,-1
nakedcapitalism.com,-1
bit.ly,1
c-span.org,0.159562976
publicpolicypolling.com,-0.251093321
nea.org,-1
wsws.org,-0.637971866
heraldextra.com,1
ronpaulforums.com,1
fastcodesign.com,-1
unitedliberty.org,1
politicalcorrection.org,-0.386919862
themarysue.com,-1
stripes.com,-0.061521108
personalliberty.com,0.930673017
courierpostonline.com,0.376990113
cinemablend.com,1
centerforpolitics.org,0.305239208
teamcoco.com,-1
tvline.com,1
quora.com,0.214810357
thejournal.ie,1
zerohedge.com,0.80935955
moveon.org,0.041545388
shtfplan.com,1
villagevoice.com,0.140203993
theweek.com,-0.446481673
marketplace.org,-1
hp.com,1
brobible.com,1
kcci.com,1
usa.gov,0.871691771
playboy.com,-1
thestreet.com,-0.23543565
theforbiddenknowledge.com,1
newser.com,0.200943178
avclub.com,-0.202597675
gossipcop.com,-0.743150096
cbp.gov,1
holybulliesandheadlessmonsters.blogspot.com,-1
jonathanturley.org,0.68276792
thenewamerican.com,0.752251727
egbertowillies.com,-0.915333747
feedly.com,1
secure.piryx.com,1
elconfidencial.com,1
conservativepapers.com,0.813519405
roanoke.com,-0.386919862
spectator.org,0.861900901
sanders.senate.gov,-0.676337938
Amazon.com,-0.045173225
teapartypatriots.org,1
kvue.com,1
pastemagazine.com,0.277502989
inthesetimes.com,-0.596682997
polldaddy.com,1
bild.de,-1
addictinginfo.org,-0.89925348
economicpolicyjournal.com,1
theamericanconservative.com,1
api.twitter.com,-1
theblaze.com,0.735957325
commoncause.org,-1
suffolk.edu,-0.258342406
efe.com,-0.743150096
pressthink.org,-0.386919862
lfpress.com,1
investmentwatchblog.com,1
truth-out.org,-0.779719764
census.gov,1
abc57.com,1
fox13now.com,1
deadspin.com,-0.567057025
digitaljournal.com,1
slideshare.net,1
atr.org,1
orlytaitzesq.com,1
mysanantonio.com,-0.637971866
chronicle.augusta.com,1
sott.net,1
milenio.com,-0.837544733
sessions.senate.gov,1
rense.com,1
goo.gl,-0.386919862
nhpr.org,-0.821108695
nba.com,1
adl.org,1
electronicintifada.net,-0.061521108
weibo.com,-0.386919862
fastcoexist.com,1
glennbeck.com,0.902200264
ajc.com,0.2429631
pewforum.org,-1
bendbulletin.com,-1
google.co.uk,1
uspolitics.about.com,1
truthdig.com,-0.692021215
prwatch.org,-0.958768448
ny1.com,-0.28819873
aflcio.org,-0.743150096
cpj.org,-1
votesmart.org,-0.258342406
jewishjournal.com,-0.061521108
huffingtonpost.co.uk,-0.298468189
globalnews.ca,-0.258342406
sourcewatch.org,-0.386919862
cafepress.com,-0.637971866
familysecuritymatters.org,1
washingtoncitypaper.com,-1
thestir.cafemom.com,1
irs.gov,1
metro.us,1
wpri.com,-0.061521108
laprogressive.com,-1
theepochtimes.com,0.214810357
bu.edu,1
lowellsun.com,1
eluniversal.com.mx,-0.800972549
muckrock.com,1
factmag.com,1
insidehighered.com,1
myvidster.com,1
naturalnews.com,0.782083354
newstimes.com,1
dailymotion.com,-0.862762701
publicintegrity.org,-0.121312477
cbs12.com,0.376990113
extratv.com,-0.743150096
city-journal.org,1
dnainfo.com,-0.061521108
nicholasstixuncensored.blogspot.com,1
colorlines.com,-1
barackobama.com,1
clickorlando.com,1
thegrio.com,-0.699498493
hollywoodlife.com,0.166599724
sptimes.com,0.277502989
vdare.com,0.929042107
colorofchange.org,-1
masslive.com,-0.386919862
opposingviews.com,0.544316056
ipsos-na.com,0.376990113
newsone.com,-1
takimag.com,1
twitchy.com,0.939347152
rushlimbaugh.com,0.875230116
varight.com,1
theyeshivaworld.com,1
aim.org,0.65884793
vogue.co.uk,-0.386919862
kctv5.com,1
legitgov.org,1
tulsaworld.com,-0.637971866
therightscoop.com,0.829090903
vnews.com,-0.800972549
politijim.com,1
politicususa.com,-0.888067646
rockthevote.com,-1
al.com,-0.277288622
soopermexican.com,0.787207858
allhiphop.com,1
wsbtv.com,-0.061521108
menrec.com,1
conservativedailynews.com,1
weaselzippers.us,1
abovetopsecret.com,1
finance.townhall.com,1
usmagazine.com,0.002317781
amsterdamnews.com,-1
theindychannel.com,0.452394807
silive.com,0.376990113
gunowners.org,1
charlotteobserver.com,-0.386919862
nyclu.org,-1
noisyroom.net,0.631026526
thetruthaboutguns.com,1
knoxnews.com,-0.202597675
theobamafile.com,1
kusi.com,1
nraila.org,1
sunshinestatenews.com,0.730081484
splcenter.org,-1
cbs8.com,1
11alive.com,0.247460116
theconservativetreehouse.com,0.943862502
discoverthenetworks.org,1
bradycampaign.org,-1
wesh.com,1
radiohof.org,1
nbcmiami.com,-1
shakesville.com,-1
chroniclesmagazine.org,1
bleacherreport.com,0.140203993
nbcsandiego.com,-0.061521108
tabletmag.com,-0.54476387
hlntv.com,0.376990113
lonelyconservative.com,0.376990113
fox8.com,-0.202597675
usgovernmentspending.com,1
complex.com,-0.192036203
seattletimes.com,-0.409662923
wxxinews.org,1
wbrz.com,1
nationalterroralert.com,1
sos.mo.gov,-0.386919862
elpasotimes.com,-1
actionnewsjax.com,1
tallahassee.com,-0.386919862
postcrescent.com,1
floridatoday.com,-0.386919862
awfulannouncing.com,-1
nbc-2.com,1
hightimes.com,-1
cbs.com,-0.54476387
naturalresources.house.gov,1
humanevents.com,1
nmpolitics.net,-1
steynonline.com,1
nbcnewyork.com,-0.084655803
religionnews.com,0.277502989
texasinsider.org,1
adn.com,1
politisite.com,1
blogs.citypages.com,-0.637971866
globalgrind.com,-1
kvoa.com,1
tomdispatch.com,-1
azcentral.com,-0.107370084
rollingout.com,-0.061521108
wishtv.com,-0.061521108
politicsandfinance.blogspot.com,1
heraldsun.com.au,1
stltoday.com,-0.54476387
wjla.com,-0.637971866
standard.net,1
creators.com,1
bookwormroom.com,1
arkansasmatters.com,-0.386919862
rasmussenreports.com,0.907214379
sanfrancisco.cbslocal.com,0.631026526
vindy.com,1
non-intervention.com,1
wral.com,0.77670594
amny.com,-0.637971866
kplr11.com,1
angrybearblog.com,1
pewresearch.org,-1
law.marquette.edu,-1
salem-news.com,-1
myfloridahouse.gov,1
eurweb.com,-0.386919862
newsmax.com,0.895418383
nationalmemo.com,-0.903396455
rightwingwatch.org,-0.580744469
independentmail.com,1
ktar.com,-0.28819873
thyblackman.com,1
radioiowa.com,-0.386919862
datechguyblog.com,0.277502989
timesfreepress.com,1
stamfordadvocate.com,1
boortz.com,1
yidwithlid.blogspot.com,0.752251727
stlouis.cbslocal.com,-1
thegatewaypundit.com,0.976271036
greenbaypressgazette.com,-1
investopedia.com,-1
firstcoastnews.com,0.376990113
nationalinterest.org,0.314017359
nbcnews.com,-0.429648712
glaad.org,1
frontpagemag.com,0.896019258
directorblue.blogspot.com,0.871691771
stuffblackpeopledontlike.blogspot.com,1
12newsnow.com,1
theoccidentalobserver.net,1
mychal-massie.com,1
eagleforum.org,1
wtsp.com,0.511517287
fashionista.com,-1
wtop.com,-0.061521108
courierpress.com,1
demos.org,-1
abc15.com,0.404331119
myrtlebeachonline.com,0.452394807
nbcbayarea.com,-0.33573772
kmbc.com,-0.386919862
patriotpost.us,0.559117405
komonews.com,-0.386919862
market-ticker.org,1
whatreallyhappened.com,1
thepetitionsite.com,-0.386919862
freebeacon.com,0.895899636
wwltv.com,1
americaswatchtower.com,1
vibe.com,-0.699498493
ktvb.com,-1
crainsnewyork.com,-0.386919862
brainyquote.com,1
patheos.com,0.526842689
godfatherpolitics.com,1
bossip.com,-0.637971866
conservativebyte.com,0.964166378
khou.com,0.511517287
golf.com,0.140203993
azfamily.com,0.511517287
foxnewsinsider.com,0.882328585
hoover.org,1
patriotupdate.com,0.935606464
anncoulter.com,0.881751948
eclectablog.com,-0.922733321
enewspf.com,1
detroitnews.com,-0.551555447
kktv.com,-1
askmarion.wordpress.com,1
eac.gov,1
democraticleader.gov,-1
langerresearch.com,-0.386919862
cbssports.com,-0.061521108
thepoliticalguide.com,1
nationofchange.org,-0.922733321
biography.com,1
billoreilly.com,0.96108424
debka.com,1
the-american-interest.com,0.277502989
buchanan.org,1
baynews9.com,1
stormfront.org,1
ctj.org,-1
savingtherepublic.com,1
gainesville.com,-0.743150096
postandcourier.com,-0.386919862
jammiewf.com,0.765113605
denver.cbslocal.com,0.65884793
nbc26.com,1
maggiesnotebook.com,1
archive.mrc.org,1
city-data.com,1
catholicleague.org,1
justjared.com,1
clickondetroit.com,-1
torontosun.com,1
nbcwashington.com,-0.386919862
mycn2.com,1
freakoutnation.com,-0.898958243
blackchristiannews.com,1
wbir.com,1
gatestoneinstitute.org,1
chicagobusiness.com,-0.54476387
blackstarnews.com,1
news9.com,1
wlox.com,1
m.vice.com,-0.403048256
newamericamedia.org,1
islandpacket.com,-1
amren.com,1
tbo.com,-0.743150096
sjpd.org,1
nbcphiladelphia.com,-0.258342406
peoplesworld.org,-1
fox10tv.com,1
bradenton.com,1
triblive.com,-0.151582424
wtae.com,1
followthemoney.org,-1
apnews.excite.com,-1
whitegenocideproject.com,1
sultanknish.blogspot.com,1
loudountimes.com,-0.800972549
wctv.tv,-1
timesleader.com,1
news-press.com,1
rutlandherald.com,-0.386919862
ricochet.com,1
upworthy.com,-1
whitehousedossier.com,1
history.com,0.214810357
opednews.com,-0.637971866
billmoyers.com,-0.790066253
wusf.usf.edu,-0.386919862
ringoffireradio.com,-1
versobooks.com,1
thehollywoodgossip.com,1
kdvr.com,1
fairus.org,1
legis.wisconsin.gov,-1
chicagoist.com,-0.386919862
pubsecrets.wordpress.com,1
jewishworldreview.com,1
bet.com,-0.220622249
politic365.com,-1
liveleak.com,1
nomblog.com,1
godlikeproductions.com,1
losangeles.cbslocal.com,0.376990113
fox40.com,-0.502027787
ktvu.com,-1
cincinnati.com,-0.637971866
ammoland.com,0.511517287
willyloman.wordpress.com,1
thecrimson.com,-0.637971866
freewebs.com,1
yelp.com,1
whec.com,-1
wyff4.com,0.376990113
edweek.org,-0.800972549
onenewsnow.com,1
wusa9.com,1
hrc.org,-0.699498493
theincidentaleconomist.com,1
trevorloudon.com,0.712957083
paulcraigroberts.org,1
theaustralian.com.au,-0.386919862
dailypress.com,1
thedaleygator.wordpress.com,1
express.co.uk,0.809595516
madamenoire.com,-0.386919862
nbclosangeles.com,-0.28819873
jacobinmag.com,1
detroit.cbslocal.com,1
libertarianrepublican.net,1
newswithviews.com,1
independentsentinel.com,1
reviewjournal.com,-0.061521108
yourblackworld.net,-1
inquisitr.com,0.147736968
leg.state.co.us,1
eldiariony.com,-0.386919862
wdtn.com,1
blogs.indiewire.com,-0.386919862
ontopmag.com,1
wsbradio.com,0.277502989
ebony.com,-1
investors.com,0.935245835
menshealth.com,-0.386919862
kens5.com,1
bernardgoldberg.com,1
ontheredcarpet.com,-0.386919862
philadelphia.cbslocal.com,0.552893372
videos2view.net,1
americanglob.com,1
goodmenproject.com,-1
redalertpolitics.com,0.8847637
nachumlist.com,1
centerforsecuritypolicy.org,1
ballotpedia.org,0.936510078
clintonfoundation.org,-0.28819873
columbiatribune.com,1
ivn.us,-0.54476387
news4jax.com,-0.061521108
nwcn.com,-0.386919862
thecampofthesaints.org,1
hiphopwired.com,-1
wbaltv.com,-0.386919862
phoenixnewtimes.com,-0.061521108
latinodecisions.com,-1
blog.lib.umn.edu,1
capoliticalnews.com,1
grist.org,-0.938783683
iteamblog.abc7news.com,-0.151582424
capitolweekly.net,1
dccc.org,-1
epi.org,-0.800972549
fairvote.org,1
fec.gov,-0.837544733
huffingtonpost.com,-0.736898134
laist.com,-1
pollingreport.com,-0.438808382
poynter.org,-0.837544733
sos.ca.gov,1
talk2action.org,1
newscorpse.com,-0.936588297
rhrealitycheck.org,-1
ocweekly.com,0.277502989
laweekly.com,-0.54476387
laopinion.com,-0.888682469
montereyherald.com,1
napavalleyregister.com,-1
redding.com,1
sbsun.com,-0.386919862
bizjournals.com,0.417121041
santacruzsentinel.com,-1
dailybreeze.com,1
hannity.com,0.979885053
michaelsavage.wnd.com,0.989104637
marklevinshow.com,1
lauraingraham.com,0.765113605
stargazette.com,1
niagara-gazette.com,-1
poughkeepsiejournal.com,1
observer.com,0.480024434
nysun.com,1
lewrockwell.com,1
miami.cbslocal.com,-0.637971866
military.com,1
today.com,1
firstpost.com,-0.061521108
capradio.org,1
turnto23.com,1
pressdemocrat.com,1
cadem.org,-0.386919862
kstp.com,1
governing.com,-1
freespeech.org,-0.743150096
voxxi.com,1
ymlp.com,1
teamsternation.blogspot.com,-0.386919862
thomhartmann.com,-0.580744469
looktothestars.org,1
ultimateclassicrock.com,1
watchdog.org,0.787207858
plannedparenthoodaction.org,-1
teamster.org,-1
credoaction.com,-0.715609217
americanresearchgroup.com,0.59826446
sos.ga.gov,1
tuscaloosanews.com,1
surveyusa.com,1
lacrossetribune.com,-0.386919862
afscme.org,-1
270towin.com,-0.580744469
sos.state.co.us,-1
telegram.com,1
dissentmagazine.org,-1
wepartypatriots.com,1
usdebtclock.org,0.752251727
necn.com,0.049931318
bismarcktribune.com,1
sodahead.com,0.820901203
fox5sandiego.com,0.376990113
nfib.com,1
truethevote.org,1
investigativeproject.org,1
siena.edu,-0.386919862
presidency.ucsb.edu,-0.202597675
freedomoutpost.com,1
beforeitsnews.com,0.796766302
newstaco.com,-0.637971866
kcrg.com,1
mngop.com,-0.386919862
lasvegas.cbslocal.com,1
nces.ed.gov,1
concordmonitor.com,-0.862762701
organicconsumers.org,1
treasurydirect.gov,-1
argusleader.com,-1
journalgazette.net,-1
rgj.com,-0.258342406
naplesnews.com,1
newrepublic.com,-0.632499544
bushcenter.org,-1
sentinelandenterprise.com,-1
registertovote.ca.gov,1
billingsgazette.com,-1
capoliticalreview.com,1
kcrw.com,-1
ksbw.com,1
gantdaily.com,-1
abc3340.com,-0.386919862
ksn.com,1
click2houston.com,1
arkansasnews.com,-1
nccivitas.org,0.140203993
shoebat.com,0.939482365
kcra.com,1
mymotherlode.com,1
isidewith.com,0.452394807
thedenverchannel.com,-0.743150096
psmag.com,-0.637971866
wafb.com,1
rubio.senate.gov,1
rickperry.org,1
campusreform.org,0.703553373
stanforddaily.com,-0.061521108
thv11.com,1
host.madison.com,-0.791588986
infiniteunknown.net,1
disclose.tv,1
wdam.com,-0.386919862
13abc.com,1
njherald.com,1
blacklistednews.com,1
occuworld.org,-0.202597675
sbynews.blogspot.com,1
dailybail.com,1
yesmagazine.org,-1
secretsofthefed.com,1
newsjustforyou1.blogspot.com,1
thecriticalmind.com,1
business2community.com,0.140203993
elephantjournal.com,1
sheeplekill.blogspot.com,1
therealnews.com,0.140203993
democratsforprogress.com,-0.743150096
vtdigger.org,-0.837544733
paradigmsanddemographics.blogspot.com,1
thetruthseeker.co.uk,1
dekerivers.wordpress.com,-1
siliconbeat.com,-1
sustainablepulse.com,1
althealthworks.com,1
nesaranews.blogspot.com,1
idahostatesman.com,-0.637971866
momsrising.org,-1
jonrappoport.wordpress.com,1
sgtreport.com,1
truth11.com,1
newstalkflorida.com,-0.386919862
wnct.com,1
agwired.com,1
nhregister.com,-0.637971866
wakeup-world.com,1
tucsonnewsnow.com,1
economyincrisis.org,-0.061521108
ctvnews.ca,0.511517287
informationclearinghouse.info,-0.386919862
doctoroz.com,1
issuu.com,1
wfla.com,-1
lrb.co.uk,-0.061521108
timeanddate.com,-0.386919862
blog.seattlepi.com,-0.637971866
duckduckgo.com,1
wopular.com,1
umass.edu,1
lp.org,1
journalnow.com,1
onewisconsinnow.org,-1
ncpa.org,1
tasteofcountry.com,-0.061521108
project-syndicate.org,-1
grubstreet.com,-1
myfox8.com,0.452394807
globalwarming.org,1
law.northwestern.edu,-1
scholastic.com,-1
chicago.cbslocal.com,1
drudgereport.com,0.875800953
straight.com,1
forward.com,-0.217304975
nbcchicago.com,-0.243927279
readersupportednews.org,-0.76582773
fdlreporter.com,1
mariettatimes.com,1
ncronline.org,-0.386919862
surveymonkey.com,-0.386919862
brasschecktv.com,1
talkstreamlive.com,1
timesofisrael.com,0.20328829
educate-yourself.org,1
cleantechnica.com,-1
coloradoindependent.com,-0.386919862
fox2now.com,1
twibbon.com,0.824377201
wjtv.com,1
politicalpistachio.blogspot.com,1
breakingnews.com,-0.455564289
nalert.blogspot.com,1
insideclimatenews.org,-1
maggiehassan.com,-0.895275513
kmph-kfre.com,-1
economiccollapsenews.com,1
rootsweb.ancestry.com,1
pgpf.org,1
ctpost.com,0.452394807
cis.org,0.813519405
lubbockonline.com,-1
punditpress.com,1
wjhg.com,1
eventbrite.com,0.909983426
american3rdposition.com,1
sesameworkshop.org,1
dianeravitch.net,-0.386919862
g-a-i.org,1
onlineathens.com,1
ontheissues.org,1
jerrybrown.org,-1
iop.harvard.edu,-1
thelantern.com,1
sfcityattorney.org,-1
rapidcityjournal.com,1
fox6now.com,0.376990113
zeit.de,-1
finnish.ruvr.ru,0.376990113
corriere.it,-1
demorgen.be,1
thestar.com,-0.681452811
businessday.co.za,-1
info.france2.fr,-1
khaleejtimes.com,-1
trouw.nl,1
scientificamerican.com,-1
estadao.com.br,-1
expatica.com,1
abcnews.go.com,-0.158990911
lemonde.fr,-0.54476387
vtm.be,-0.386919862
lefigaro.fr,-1
laopiniondezamora.es,-0.386919862
defensenews.com,-1
ibtimes.co.uk,-0.202597675
tagesspiegel.de,1
jpost.com,0.422435836
tempsreel.nouvelobs.com,1
thenational.ae,1
haaretz.com,-0.386919862
nrc.nl,1
news24.com,-0.061521108
focus.de,1
staradvertiser.com,1
scmp.com,1
dawn.com,1
timesofindia.indiatimes.com,0.140203993
belfasttelegraph.co.uk,1
elsevier.nl,1
abc.es,-0.54476387
hindustantimes.com,1
financialexpress.com,-1
tdg.ch,1
memri.org,1
gulfnews.com,1
hrw.org,-0.386919862
nation.com.pk,-1
atimes.com,1
proceso.com.mx,-0.386919862
haitilibre.com,-1
uaeinteract.com,1
elsalvador.com,-0.386919862
rtve.es,-1
svd.se,-0.061521108
asbarez.com,1
english.alarabiya.net,-0.061521108
greenpeace.org,-0.386919862
thehindu.com,-1
dr.dk,-1
ft.com,0.015475204
tijd.be,1
lastampa.it,-0.386919862
rtbf.be,1
lesechos.fr,1
ad.nl,-1
20minutos.es,-0.061521108
jornada.unam.mx,-0.800972549
yle.fi,-1
aftonbladet.se,-0.637971866
france24.com,-0.386919862
expressen.se,1
samoanews.com,1
presidencia.gob.mx,-1
faz.net,-0.386919862
lanacion.com.ar,-0.637971866
rp-online.de,-0.386919862
prensa.com,-0.54476387
standardmedia.co.ke,1
mirror.co.uk,0.166599724
pitea-tidningen.se,-1
ynetnews.com,1
irishtimes.com,-0.743150096
elespectador.com,-0.386919862
businessweek.com,-0.161801986
japantimes.co.jp,-0.386919862
elcomercio.com,-0.386919862
nos.nl,-1
ultimasnoticias.com.ve,-1
state.gov,1
herald.co.zw,-1
independent.co.uk,-0.364899007
antena3.com,-1
welt.de,-0.386919862
thelocal.se,1
ouest-france.fr,-1
spectator.co.uk,0.511517287
irishexaminer.com,1
theaustralian.news.com.au,0.277502989
sueddeutsche.de,1
guampdn.com,1
tagesschau.de,1
independent.ie,-0.54476387
asharq-e.com,-1
volkskrant.nl,0.140203993
elmundo.es,-1
ibtimes.com,-0.005746843
repubblica.it,1
trust.org,-0.386919862
lepoint.fr,-0.061521108
7sur7.be,1
folha.uol.com.br,-0.743150096
hebdo.ahram.org.eg,-0.061521108
diariocorreo.pe,-0.386919862
publico.es,-1
expansion.com,-0.386919862
dt.se,1
laprensa.com.ni,-0.386919862
lavanguardia.es,-1
itv.com,0.559117405
lorientlejour.com,1
unian.info,-1
thetimes.co.uk,-0.28819873
zazzle.com,1
lesoir.be,-1
slate.fr,-0.386919862
en.savefrom.net,1
worldpoliticsreview.com,1
euronews.com,1
adf.ly,-1
m.foreignaffairs.com,-0.54476387
thejewishweek.com,-1
nme.com,-0.202597675
opendemocracy.net,-1
sentinelsource.com,-0.837544733
huffingtonpost.fr,1
zfacts.com,-1
news-republic.com,-0.386919862
voltairenet.org,1
historycommons.org,-1
dailycurrant.com,-1
thetruthwins.com,1
earthquake.usgs.gov,-0.386919862
snsanalytics.com,-1
davidicke.com,1
intellihub.com,1
patch.com,-0.688925065
ecowatch.com,-0.699498493
sustainablebrands.com,-1
azcapitoltimes.com,1
therealpornwikileaks.com,1
media.tumblr.com,-1
usnewszap.com,1
us1.campaign-archive1.com,-0.061521108
tweetedtimes.com,-0.061521108
rebelmouse.com,1
scoop.it,-0.386919862
trapier.org,1
blogues.lapresse.ca,1
trueactivist.com,-0.502027787
live365.com,1
bloggingblue.com,-1
westernfreepress.com,0.805502946
Planet.com,1
tweepmag.com,-1
directory.libsyn.com,-1
bredred.com,1
whatthefolly.com,1
tmi.me,-0.618441159
po.st,0.497966715
icontact-archive.com,-1
santacruz.com,-1
prorevnews.blogspot.com,-1
ground-zero.biz,-0.386919862
morninginarizona.com,1
createsend.com,1
politics.trendolizer.com,-0.202597675
ahwatukee.com,1
dcourier.com,1
lapresse.ca,-1
mediapart.fr,-0.637971866
hechingerreport.org,-1
wfsb.com,-0.061521108
katv.com,1
acf.hhs.gov,1
seacoastonline.com,-0.386919862
psychologytoday.com,-0.502027787
thelocal.no,1
clarionledger.com,0.140203993
theconversation.com,-0.637971866
swissinfo.ch,-1
iwf.org,0.049931318
renewamerica.com,1
travel.state.gov,1
washington.cbslocal.com,0.277502989
lexpress.fr,1
foxsports.com,0.347018476
pinknews.co.uk,-0.665377018
alongthemalecon.blogspot.com,1
speroforum.com,1
africasacountry.com,1
kyivpost.com,-1
comunidades.semana.com,-0.386919862
ecbloguer.com,1
tmz.com,0.283856293
ansa.it,1
rtlinfo.be,-1
eluniversal.com,-1
newsweek.com,-1
cubadebate.cu,-1
publications.parliament.uk,0.452394807
blogs.alternet.org,-0.748433448
indianexpress.com,-0.061521108
christianitytoday.com,-0.386919862
wardiary.wikileaks.org,0.956605253
veteranstoday.com,0.452394807
cn.linkedin.com,0.290098834
haaretz.co.il,1
topics.abcnews.go.com,-0.50419266
wradio.com.co,-0.637971866
europe1.fr,1
images.ted.com,-1
elnuevoherald.com,-1
newmatilda.com,1
entrepreneur.com,1
elnuevodiario.com.ni,1
9gag.com,-0.386919862
moby.to,1
towleroad.com,-0.901131248
images.google.com,-0.631687645
search.barnesandnoble.com,1
alarabiya.net,-0.54476387
mamamia.com.au,-1
ecuaderno.com,0.468477727
elcomercio.pe,-1
cmi.com.co,1
veja.abril.com.br,-0.061521108
juancole.com,-0.28819873
tr.im,-1
rightpundits.com,-0.386919862
g1.globo.com,-0.895275513
walletpop.com,-0.061521108
informador.com.mx,-1
thecollegianur.com,1
dailytimes.com.pk,-0.386919862
blog.sunlightfoundation.com,-0.386919862
cronica.com.mx,-1
chinamatters.blogspot.com,1
leparisien.fr,-0.386919862
prospectmagazine.co.uk,-1
conjoncture.blogs.challenges.fr,-0.386919862
caracoltv.com,-0.386919862
liberation.fr,-1
balatarin.com,-0.43582404
europapress.es,-0.386919862
teleamazonas.com,1
moneymorning.com,1
notiuno.com,-1
blogs.myspace.com,1
20minutes.fr,0.140203993
elnuevodia.com,-1
brisbanetimes.com.au,1
sdpnoticias.com,-0.386919862
uk.answers.yahoo.com,-0.071872687
counterpunch.com,-0.719899775
fastcompany.com,-0.477502612
expressindia.com,1
e-edition.metro.co.uk,-0.54476387
blogafrica.allafrica.com,1
pcmag.com,-1
hrcbackstory.org,-1
internautismo.com,1
romandie.com,-1
metrotvnews.com,1
elcolombiano.com,1
ecuadorinmediato.com,-1
humantrafficking.change.org,0.140203993
truthout.org,-0.442180631
diariolibre.com,1
lalibre.be,-1
pewglobal.org,-1
libertaddigital.com,-0.386919862
diariodecuba.net,-0.061521108
mondoweiss.net,-0.061521108
courrierinternational.com,-1
usatoday.com,-0.115175855
emol.com,1
blogs.state.gov,-1
rall.com,-1
mlive.com,0.106234839
worldbulletin.net,-1
oliverwillis.com,-0.877074066
presstv.ir,-0.061521108
telesurtv.net,-0.298468189
dnaindia.com,0.214810357
dailyexpress.co.uk,1
defence.pk,-0.386919862
hubpages.com,-0.800972549
dailynewsegypt.com,-1
everyjoe.com,1
flightaware.com,1
eenews.net,1
WABCRadio.com,1
wcpo.com,1
govexec.com,0.140203993
imperfectamerica.blogspot.com,1
cjnews.com,1
mediatrackers.org,1
d25d2506sfb94s.cloudfront.net,1
immigrationreform.com,1
clashdaily.com,0.976947002
umsl.edu,-1
thediplomat.com,-0.743150096
qz.com,-0.693714813
thedailybanter.com,-0.890066664
truthorfiction.com,1
christianpost.com,0.536536334
republicbroadcasting.org,1
medium.com,-0.641098834
thespeechatimeforchoosing.wordpress.com,1
maristpoll.marist.edu,-0.061521108
cambridgechron.com,1
i.cdn.turner.com,0.214810357
healthline.com,-1
wlky.com,1
wltx.com,-0.061521108
russialist.org,1
mhpbooks.com,-1
en.ria.ru,1
freedomwatchusa.org,1
news.va,-1
antiwar.com,0.68276792
gettyimages.com,-1
thepeoplesvoice.org,1
militarytimes.com,0.29361738
drive.google.com,0.511517287
kmbz.com,1
aarp.org,-1
conservativerefocus.com,1
eagnews.org,1
sbnation.com,-0.637971866
barenakedislam.com,1
indiatoday.intoday.in,1
out.com,-1
tedcruz.org,0.711431449
buycott.com,-1
rand.org,-1
dav.org,-1
eutimes.net,1
noquarterusa.net,1
overpasses.org,1
aei.org,0.511517287
smithsonianchannel.com,1
sofrep.com,1
xxlmag.com,-1
tripadvisor.com,1
theiranproject.com,1
nj1015.com,-0.637971866
nfl.com,-0.061521108
cepr.net,1
andmagazine.com,1
ronpaulinstitute.org,1
wbtw.com,1
boston.cbslocal.com,1
illinoisreview.typepad.com,1
cruz.senate.gov,0.923654011
fee.org,-0.637971866
fairfield.dailyvoice.com,1
content.govdelivery.com,1
koin.com,1
gameinformer.com,1
worldtribune.com,1
heavy.com,0.429373271
yellowhammernews.com,1
thecommonsenseshow.com,1
wthr.com,0.376990113
cosmopolitan.com,-1
thunderclap.it,-1
globovision.com,-1
danaloeschradio.com,1
thepeoplescube.com,1
gingrichproductions.com,0.919583109
themissouritimes.com,1
archive.is,1
pix11.com,0.376990113
wwlp.com,1
thoughtcatalog.com,-0.743150096
millercenter.org,1
dl.dropboxusercontent.com,1
thelocal.de,1
eldiario.es,-1
ncsbe.gov,1
standard.co.uk,0.140203993
yougov.co.uk,-1
libertyunyielding.com,1
dailytelegraph.com.au,-1
thelibertybeacon.com,1
uproxx.com,-0.655600512
t-mobile.com,1
komando.com,1
redflagnews.com,0.952254889
politicshome.com,-1
providencejournal.com,-0.743150096
thedp.com,-0.386919862
thedrum.com,1
rare.us,0.85049236
scmagazine.com,1
huffingtonpost.ca,-0.699498493
poorrichardsnews.com,0.452394807
progresstexas.org,-0.637971866
pressofatlanticcity.com,-0.061521108
outlookindia.com,1
lobelog.com,-1
dcclothesline.com,0.953482116
marinecorpstimes.com,-0.54476387
nowtheendbegins.com,1
justice4assange.com,1
houstonpress.com,-0.637971866
gop.gov,1
medicaldaily.com,1
thecollegefix.com,1
phillymag.com,-1
americanfreepress.net,1
boilingfrogspost.com,1
snunes.blogspot.com,1
gulagbound.com,-0.386919862
bizpacreview.com,1
pumabydesign001.com,1
ksl.com,0.511517287
politicaloutcast.com,1
minnesota.cbslocal.com,1
ncrenegade.com,1
etonline.com,-0.477502612
kval.com,-0.386919862
chicksontheright.com,0.787207858
dollarvigilante.com,1
lehighvalleylive.com,1
valuewalk.com,1
conservativefiringline.com,1
aspentimes.com,1
liveblog.abcnews.go.com,0.140203993
10tv.com,-0.386919862
lex18.com,1
credomobilize.com,-1
theglobalist.com,-0.386919862
newjersey.news12.com,1
realverse.com,1
interaksyon.com,1
ijreview.com,1
vault.fbi.gov,0.77670594
kim.com,1
answercoalition.org,1
mms.tveyes.com,1
nbclatino.com,1
flavorwire.com,-1
outdoorlife.com,1
local21news.com,-0.386919862
defenseone.com,0.140203993
wcax.com,-1
ssa.gov,1
gaystarnews.com,-1
ralstonreports.com,-0.061521108
gofundme.com,0.839912324
kansas.com,-1
elitedaily.com,-0.54476387
thereligionofpeace.com,1
christiantoday.com,1
latintimes.com,-0.862762701
golfchannel.com,-0.386919862
snapchat.com,-0.386919862
wavy.com,1
anonymouse.org,-1
armytimes.com,1
dailystar.co.uk,1
icelandreview.com,-1
texasobserver.org,-0.637971866
kxan.com,-0.502027787
johnhodgman.com,-1
battlecreekenquirer.com,1
aclj.org,1
carbonated.tv,1
charliedaniels.com,1
jewishpress.com,1
tarpley.net,1
democracycorps.com,-0.800972549
disinfo.com,-0.061521108
informationliberation.com,1
blackamericaweb.com,-0.743150096
navytimes.com,1
libertyblitzkrieg.com,1
poststar.com,1
21stcenturywire.com,1
historyplace.com,1
spreadshirt.com,0.950423815
iie.com,1
businessinsider.com.au,1
politicalvelcraft.org,1
talkbusiness.net,1
phibetaiota.net,1
plunderbund.com,-1
topinfopost.com,1
p2trc.emv2.com,1
wsmv.com,1
cola.unh.edu,1
runrun.es,-1
wsaz.com,1
fayobserver.com,1
firstthings.com,1
charitynavigator.org,-0.386919862
iheart.com,0.330924603
alangraysonemails.tumblr.com,1
thepoliticalcarnival.net,1
thetower.org,1
universityherald.com,-1
weareultraviolet.org,-1
thepostemail.com,1
texasmonthly.com,-0.699498493
thisainthell.us,1
wbay.com,1
sj-r.com,1
economicpopulist.org,1
conservativeamericaonline.blogspot.com,1
themuslimissue.wordpress.com,1
hslda.org,1
scotthorton.org,1
acq.osd.mil,1
govtslaves.info,1
nwitimes.com,-1
atlantablackstar.com,-1
thinkadvisor.com,1
whatdoesitmean.com,1
tunein.com,0.59826446
fiscalconservatives.com,1
c3headlines.com,1
glenngreenwald.blogspot.com.br,-1
congress.gov,-0.28819873
kutv.com,0.376990113
20committee.com,1
wsfa.com,1
lmgtfy.com,-0.637971866
citizensvoice.com,-1
catholic.org,1
reddirtreport.com,1
designntrend.com,1
humanrightsfirst.org,1
joemiller.us,1
minutemennews.com,1
uneditedpolitics.com,1
wispolitics.com,-0.637971866
monmouth.edu,-0.018091238
wptz.com,-1
fox11online.com,1
dianawest.net,1
guns.com,1
nationalreport.net,0.069471145
ew.com,-0.461592647
teapartytribune.com,1
crfb.org,-1
standwitharizona.com,1
cdrkerchner.wordpress.com,1
warontherocks.com,-1
hinterlandgazette.com,-1
indiana.edu,1
wcvb.com,-1
algemeiner.com,1
gunssavelives.net,1
bfmtv.com,-0.061521108
informe21.com,-0.061521108
larouchepac.com,1
newsninja2012.com,0.968555702
peta.org,-1
thedailysheeple.com,1
rootedcosmopolitan.wordpress.com,-1
reductress.com,1
redstatements.co,1
cubanet.org,1
alan.com,-0.764528347
inserbia.info,1
wkyt.com,1
adinakutnicki.com,1
myfoxal.com,1
theinvestigativefund.org,-0.386919862
jakehasablog.blogspot.com,-0.637971866
mrctv.org,0.734481566
worthynews.com,1
thebaffler.com,-1
hillaryclinton.com,-0.969101048
markdanner.com,-1
dailyrushbo.com,1
foia.state.gov,0.320881768
wfmz.com,1
apfn.org,1
therichest.com,1
macon.com,1
littlesis.org,-0.743150096
apnewsarchive.com,-0.814865164
horsesass.org,-1
waynemadsenreport.com,1
conservativeintel.com,1
delcotimes.com,1
wallstreetonparade.com,1
Presente.org,-1
texasgopvote.com,1
sunherald.com,1
amarillo.com,-1
norwichbulletin.com,1
cair.com,1
mail.com,-1
animalpolitico.com,-1
michaelmoore.com,-0.775728357
timesherald.com,1
verizon.com,-1
puzo1.blogspot.com,1
ips-dc.org,-1
sjlendman.blogspot.com,1
indypendent.org,1
heritageactionscorecard.com,1
rcnradio.com,1
reverbnation.com,1
dot.com,1
tickerforum.org,1
election.princeton.edu,1
ncoic.com,1
ecf.dcd.uscourts.gov,1
ncr-iran.org,1
victorhanson.com,1
thegreenpapers.com,0.376990113
lefarkins.blogspot.com,-1
alipac.us,1
fourwinds10.net,1
hermes-press.com,-1
cuttingedge.org,1
gq-magazine.co.uk,-1
moonshinepatriot.blogspot.com,-1
jstreet.org,-1
eagletribune.com,1
drginaloudon.com,1
appledaily.com.tw,-1
davidstuff.com,1
teapartyorg.ning.com,1
citizen-times.com,-1
intelligencesquaredus.org,1
abc27.com,1
bucyrustelegraphforum.com,-1
regnery.com,1
TrendsResearch.com,1
fcnp.com,-1
aapsonline.org,1
gocomics.com,1
texemarrs.com,1
virtualglobetrotting.com,1
moneytalksnews.com,-0.637971866
worldnetdaily.com,0.931304581
chattanoogan.com,1
gowdy.house.gov,1
newsarama.com,1
hugedomains.com,1
vnnforum.com,1
bettybowers.com,1
wtnh.com,-0.386919862
wisn.com,1
4president.org,0.140203993
moonofalabama.org,1
RuthfullyYours.com,1
work949.wordpress.com,1
mlb.com,1
kgun9.com,1
businesspundit.com,-0.386919862
sba-list.org,1
nhgazette.com,-1
kob.com,-1
arktimes.com,1
dailyprincetonian.com,-1
cookpolitical.com,-0.477502612
kristv.com,1
cnnexpansion.com,-0.386919862
wmtw.com,1
beachpeanuts.com,-0.922733321
myajc.com,0.559117405
junkscience.com,1
thinkinghousewife.com,1
wreg.com,1
nbc15.com,1
eturbonews.com,1
wlwt.com,-0.202597675
flcourier.com,1
lcsun-news.com,-1
yourhoustonnews.com,1
gazette.com,-0.386919862
nrsc.org,-0.743150096
race42016.com,1
chippewa.com,-1
baxterbulletin.com,1
saintpetersblog.com,0.253666921
semissourian.com,1
climatedepot.com,1
wcnc.com,1
democratichub.com,-0.637971866
tedkennedy.org,1
pilotonline.com,0.511517287
whotv.com,1
thetimes-tribune.com,0.376990113
wdrb.com,1
dollarsandsense.org,-1
wzzm13.com,1
americanmanufacturing.org,1
mncourts.gov,-1
netrootsmass.net,-1
southernpoliticalreport.com,1
savannahnow.com,1
headcount.org,1
winknews.com,1
santafenewmexican.com,-0.637971866
secure.pfaw.org,-1
rifuture.org,-1
myflorida.com,1
nwherald.com,1
uppitywis.org,-0.386919862
daily-chronicle.com,1
dreamstime.com,1
browardpalmbeach.com,0.376990113
ap-gfkpoll.com,-1
wwaytv3.com,1
nrcc.org,1
journaltimes.com,-0.061521108
kare11.com,1
votevets.org,-1
leecamp.net,1
utahpolicy.com,1
irishcentral.com,-1
972mag.com,-1
thechronicleherald.ca,-1
conservativehq.com,1
donsurber.blogspot.com,1
biblehub.com,-1
usw.org,-0.54476387
pnj.com,1
911review.org,1
bluevirginia.us,-1
newsleader.com,-1
aipac.org,1
americamagazine.org,1
pal-item.com,-1
13wham.com,-1
timpanogos.wordpress.com,-1
hcrenewal.blogspot.com,1
9news.com,-0.386919862
will.i.am,-0.54476387
whnt.com,1
relevantmagazine.com,-1
henrymakow.com,1
fosters.com,-1
wgal.com,-1
orlandoweekly.com,-1
ledger-enquirer.com,1
oilprice.com,-0.202597675
christiannewswire.com,1
davidduke.com,0.376990113
eventful.com,1
taxhistory.org,-1
pleasecutthecrap.com,-1
journal-news.com,1
xojane.com,-0.637971866
care2.com,-1
prochoiceamerica.org,-0.637971866
nownyc.org,-1
lifenews.com,0.900915179
liveactionnews.org,1
priestsforlife.org,1
wate.com,1
fusion.net,-0.665377018
sos.iowa.gov,1
orbooks.com,1
economy.com,-0.800972549
wkrn.com,0.015475204
trump.com,1
ukprogressive.co.uk,-1
m.freedomworks.org,1
davidwebbshow.com,1
news-leader.com,1
ohnotheydidnt.livejournal.com,-1
nafbpo.org,1
therealdeal.com,-1
wmbriggs.com,1
prioritiesusaaction.org,-1
popville.com,1
nbcconnecticut.com,0.277502989
uspresidentialelectionnews.com,1
msnewsnow.com,-0.061521108
elon.edu,-0.386919862
siriusxm.com,-1
wnyt.com,1
uexpress.com,-1
livetradingnews.com,1
clarionproject.org,1
atlantic.com,1
newsy.com,-0.54476387
frederickdouglassrepublican.com,1
laineygossip.com,1
impeachobamacampaign.com,1
creepingsharia.wordpress.com,1
oddschecker.com,1
unf.edu,-1
sunshinestatesarah.com,1
boxingscene.com,1
clutchmagonline.com,-1
rebelpundit.com,1
csnne.com,1
latina.com,-0.862762701
fixthedebt.org,1
cogwriter.com,-1
commun.it,1
dailymaverick.co.za,1
aceshowbiz.com,1
wgnradio.com,1
rightsidenews.com,1
popcrush.com,-1
wearechange.org,1
phillytrib.com,-1
blabbermouth.net,0.277502989
maxim.com,1
latinousa.org,-1
valleynewslive.com,-1
roanoke.edu,1
madmagazine.com,1
marieclaire.co.uk,-1
rootforamerica.com,1
accesshollywood.com,1
gunpolicies.wordpress.com,1
elizabethwarren.com,-0.743150096
rncresearch.tumblr.com,1
flyoverculture.com,1
libertynews.com,0.77670594
pamplinmedia.com,1
tulchinresearch.com,-1
reagancoalition.com,1
wqow.com,-1
sowetanlive.co.za,1
sciencedebate.org,-1
ora.tv,0.452394807
argojournal.com,-0.386919862
theuglytruth.wordpress.com,1
wgbh.org,1
publicreligion.org,1
cwfpac.com,1
yardbarker.com,1
predictwise.com,1
harpersbazaar.com,0.511517287
mycmag.kantarmediana.com,1
foreignpolicyjournal.com,1
duluthnewstribune.com,1
current.org,1
teenvogue.com,-0.386919862
wkbn.com,-0.386919862
caintv.com,1
thepeoplesview.net,-0.954526965
indiancountrytodaymedianetwork.com,-1
katiecouric.com,-1
catholicvote.org,1
philanthropy.com,1
aurorasentinel.com,-1
counton2.com,1
indiana105.com,1
newenglishreview.org,0.140203993
docdroid.net,0.376990113
akdart.com,1
coloradostatesman.com,-1
commonwealthmagazine.org,-1
broadwayworld.com,-1
notablebiographies.com,1
iowastatedaily.com,-0.386919862
floridadems.org,-0.881203507
marieclaire.com,-1
splitsider.com,1
turnto10.com,-0.386919862
mynews13.com,1
breakingchristiannews.com,1
wxyz.com,1
wtkr.com,1
jpupdates.com,1
imagine2050.newcomm.org,-1
valleycentral.com,-1
eagletonpoll.rutgers.edu,1
ncpssm.org,-1
getlittlebird.com,-1
eater.com,-0.061521108
harvard.edu,1
afa.net,1
scvotes.org,1
libertynewsonline.com,1
theglobaldispatch.com,-0.061521108
kfvs12.com,1
joannenova.com.au,1
wvmetronews.com,0.511517287
500px.com,-1
cleveland.cbslocal.com,1
realitytvworld.com,1
12160.info,1
gazettextra.com,1
wlfi.com,1
theblackvault.com,-0.386919862
aft.org,-1
counterjihadreport.com,1
fox59.com,0.752251727
pmo.gov.il,1
highpoint.edu,-1
gty.org,1
birtherreport.com,0.77670594
americanvision.org,1
womenshealthmag.com,-1
wibc.com,1
biologicaldiversity.org,1
fellowshipoftheminds.com,1
news965.com,1
ethicsalarms.com,-1
edwardklein.com,-1
economics21.org,1
wfmj.com,1
starpulse.com,-0.061521108
nesn.com,-1
metronews.ca,-1
mayoclinic.org,-1
dnj.com,1
onenewspage.com,-1
teespring.com,0.913428231
cchr.org,1
mockpaperscissors.com,-1
local12.com,1
thehayride.com,1
charismanews.com,0.796766302
cuttingthroughthefog.blogspot.com,1
ngpvan.com,-1
nvsos.gov,1
soshable.com,1
freewoodpost.com,-0.699498493
virgin.com,-1
wisdc.org,-0.386919862
latinalista.com,-1
samuel-warde.com,-0.859405073
mnpact.org,-1
yorkdispatch.com,1
nomorecocktails.com,1
letraslibres.com,-1
newnownext.com,-1
the-broad-side.com,0.511517287
racerelations.about.com,-1
koco.com,1
thejc.com,1
hsbc.com,1
ny.eater.com,-1
newsplex.com,1
fox4kc.com,1
politicalforum.com,1
veteransforastrongamerica.org,1
racked.com,-1
siouxlandnews.com,-1
fox43.com,-0.386919862
hyperallergic.com,-1
giants.com,1
visiontoamerica.com,1
live5news.com,1
datalounge.com,1
teriobrien.com,1
moralmatters.org,1
4029tv.com,1
ripr.org,1
mrmediatraining.com,-1
arcamax.com,-1
wbtv.com,1
gastongazette.com,1
autonews.com,1
newpittsburghcourieronline.com,0.140203993
thefrisky.com,-0.386919862
csnphilly.com,-1
gravismarketing.com,0.904269565
ktvn.com,1
collegenews.com,-1
genprogress.org,-1
seventeen.com,1
whas11.com,0.277502989
brown.edu,-1
stevedeace.com,1
newyorkcityguns.com,1
foxbaltimore.com,1
fareedzakaria.com,-1
papermag.com,1
foreignassistance.gov,-1
wgntv.com,1
wane.com,0.140203993
caller.com,1
unitewomen.org,-1
jonathanlast.com,1
solecollector.com,1
abc12.com,1
christianexaminer.com,1
shortlist.com,-1
georgetown.edu,-1
wcmcoop.com,-1
wwe.com,1
whois.com,1
iowapublicradio.org,-1
siasat.pk,-1
americanbridgepac.org,-0.862762701
dukechronicle.com,-1
metrolyrics.com,1
carlyfiorina.com,1
foodsafety.gov,1
kileyrae.tumblr.com,-1
ticketfly.com,1
hellogiggles.com,-1
wn.com,1
wibw.com,-0.386919862
educationviews.org,1
kelo.com,1
cp24.com,1
wilx.com,1
umw.edu,-0.386919862
atlantadailyworld.com,1
kfor.com,1
www2.macleans.ca,-0.202597675
koat.com,-1
krqe.com,-0.386919862
real-time-with-bill-maher-blog.com,-1
chieftain.com,-1
theobamahustle.wordpress.com,1
wokv.com,1
cpusa.org,1
benjaminfulford.net,1
theahafoundation.org,1
m.kwqc.com,-1
ifamericansknew.org,1
wpr.org,-0.386919862
middleeastmonitor.com,-1
wisdems.org,-1
warisboring.com,-1
mprc.me,1
calgaryherald.com,1
wrcbtv.com,1
newsjunkiepost.com,0.277502989
txdemocrats.org,-0.061521108
theminorityreportblog.com,0.015475204
mrconservative.com,1
amazon.ca,1
signupgenius.com,1
chuckbaldwinlive.com,1
clintoncrimes.tripod.com,1
capitalismmagazine.com,1
jimtreacher.com,1
mofopolitics.com,1
liberalforum.org,1
citizensunited.org,1
sohojournal.com,-1
laissez-fairerepublic.com,1
nextcity.org,1
skydancingblog.com,-1
sportingnews.com,-0.502027787
nbcsports.com,-0.151582424
bctd.org,-1
24ahead.com,1
kolotv.com,1
nwfdailynews.com,1
dailyinterlake.com,1
jewsnews.co.il,1
bustle.com,-0.831346569
teaparty.org,0.925436456
washingtonspectator.org,-1
harperpolling.com,1
fau.edu,-0.386919862
publiusforum.com,1
hngn.com,0.703553373
robinhoodtax.org,-1
conservatives4palin.com,1
overland.org.au,1
inforum.com,-1
stoprush.net,1
curbed.com,1
bearingarms.com,0.330924603
huffingtonpost.es,-1
warcriminalswatch.org,-1
nosmokeblown.com,1
ibloga.blogspot.com,1
iowagop.org,1
okcfox.com,-1
ozarksfirst.com,-1
usmessageboard.com,1
wspa.com,1
legal-planet.org,-1
wpxi.com,-1
atlanticcouncil.org,-1
pittsburgh.cbslocal.com,1
thinkprogress.org.feedsportal.com,0.140203993
seafarers.org,-0.637971866
fivefeetoffury.com,1
wset.com,1
greenvilleonline.com,-0.061521108
citizenactionwi.org,-1
news-journal.com,-0.386919862
wjbf.com,1
kevinmd.com,1
mikehuckabee.com,1
act.mtv.com,1
lasvegasnow.com,1
faustasblog.com,1
wivb.com,1
essence.com,-0.915333747
the-toast.net,-1
politiscoop.com,-1
nationalrighttolifenews.org,0.140203993
worldofwonder.net,-1
lucianne.com,1
nydailynews.com.feedsportal.com,-0.386919862
ketv.com,1
wbal.com,1
rigzone.com,1
scnow.com,1
thepoliticalenvironment.blogspot.com,-0.637971866
kwtx.com,1
reflector.com,1
conservativebookclub.com,1
thefoxnation.com,0.973504487
bp.blogspot.com,1
pt.org.br,1
ask.fm,-0.386919862
al-monitor.com,1
Okayplayer.com,-1
Thesource.com,-0.637971866
diverseeducation.com,1
everydayfeminism.com,-1
highbrowmagazine.com,-1
kateharding.net,-1
pando.com,1
recode.net,0.140203993
Sexperienceuk.channel4.com,1
Stanford.edu,-1
thefembassy.com,1
uptownmagazine.com,-1
Webring.org,1
wehuntedthemammoth.com,-1
latinorebels.com,-0.386919862
latinpost.com,-0.557424511
makers.com,-0.637971866
michiganchronicle.com,1
mundohispanico.com,-1
northdallasgazette.com,-1
ozy.com,-0.743150096
refinery29.com,-0.502027787
reforma.com,-0.837544733
semananews.com,-1
thismess.net,-1
vidacristiana.com,1
vox.com,-0.813370236
elfinanciero.com.mx,-1
patreon.com,1
sharylattkisson.com,1
bloombergview.com,-0.28819873
vox-cdn.com,-1
fortune.com,-0.258342406
dailysignal.com,0.887625845
diyphotography.net,-1
vocativ.com,0.231481853
org,-1
conventionofstates.com,1
nowthisnews.com,-0.800972549
dailysabah.com,1
us4palin.com,1
prezi.com,-1
s-nbcnews.com,1
noisey.vice.com,-1
insidephilanthropy.com,-1
collective-evolution.com,1
citylab.com,-1
6abc.com,-0.54476387
foundationcenter.org,-1
brightcove.com,-0.061521108
portside.org,-1
sinembargo.mx,-0.743150096
redbubble.com,-0.386919862
telegraph.feedsportal.com,-0.061521108
malcontends.blogspot.com,-1
everytown.org,-1
abc7.com,-0.426677481
apnews.com,-0.596682997
pamelageller.com,1
truthrevolt.org,0.952505487
momsdemandaction.org,-1
abc13.com,0.140203993
joeforamerica.com,1
returnofkings.com,1
larryelder.com,1
rainn.org,-1
docquery.fec.gov,-0.061521108
allenbwest.com,0.972539623
playbill.com,-1
barbwire.com,1
pottsmerc.com,1
judgybitch.com,1
rooshv.com,1
wxii12.com,1
newobserveronline.com,1
assets.amuniversal.com,-1
heartiste.wordpress.com,1
aattp.org,-0.915333747
americansforresponsiblesolutions.org,-1
priceonomics.com,-1
mypalmbeachpost.com,-0.800972549
forwardprogressives.com,-0.854048843
elderstatement.com,1
pocketfullofliberty.com,1
grabien.com,0.737899673
theconservativetreehouse.files.wordpress.com,1
i24news.tv,1
wacotrib.com,1
libertyalliance.com,1
zoa.org,1
jewishvoiceforpeace.org,-1
topix.com,1
kron4.com,1
whio.com,1
action.americansforresponsiblesolutions.org,-1
ksat.com,1
deadlinedetroit.com,-0.386919862
theverge.com,-0.386919862
francetvinfo.fr,1
mintpressnews.com,-0.23543565
veooz.com,1
shark-tank.com,1
middleeasteye.net,0.376990113
unz.com,0.544316056
anonhq.com,-0.061521108
ksdk.com,-0.637971866
unitedwithisrael.org,1
9news.com.au,1
jewishexponent.com,-0.386919862
si.com,-0.54476387
veteransnewsnow.com,1
themostimportantnews.com,1
breakingisraelnews.com,1
abc7chicago.com,0.191423031
artnet.com,1
desertsun.com,-0.637971866
findlaw.com,1
brandwatch.com,1
alaraby.co.uk,1
lainformacion.com,-0.637971866
mic.com,-0.722332173
youngcons.com,0.927911524
panorama.com.ve,-1
ljworld.com,-1
jewishbusinessnews.com,1
moroccoworldnews.com,-1
noticiasmvs.com,-0.386919862
wix.com,0.68276792
ipolitics.ca,-1
israelvideonetwork.com,1
oximity.com,-0.306802402
quintonreport.com,-1
lainfo.es,1
wncn.com,1
fairobserver.com,-1
countercurrentnews.com,-0.637971866
rightwisconsin.com,1
arabamericannews.com,1
yougov.com,0.094307354
prophecyinthemaking.blogspot.com,1
filmsforaction.org,1
hln.be,1
dailysurge.com,1
commdiginews.com,0.745277703
newsrescue.com,1
excelsior.com.mx,-0.862762701
ici.radio-canada.ca,-1
matzav.com,1
t24.com.tr,-1
ny1noticias.com,-1
clickhole.com,-1
sfu.ca,-1
redsonja-conservativesinaction.blogspot.com,1
centralmaine.com,-1
gospelherald.com,1
instyle.com,-0.386919862
dfw.cbslocal.com,0.140203993
missourinet.com,1
mystatesman.com,0.140203993
atlredline.com,-1
christiannightmares.tumblr.com,-1
saynsumthn.wordpress.com,1
drjengunter.wordpress.com,-0.800972549
northwestgeorgianews.com,1
nhdp.org,-1
redletterchristians.org,-1
abc6onyourside.com,-1
knoxblogs.com,1
travelandleisure.com,-0.386919862
downtrend.com,1
conservativetransparency.org,-1
thefederalistpapers.org,1
bluenationreview.com,-0.956558258
totalfratmove.com,1
about.twitter.com,-0.386919862
lastresistance.com,1
grandforksherald.com,1
bust.com,-1
wmdt.com,1
jenkuznicki.com,1
fandm.edu,-0.386919862
insidesources.com,1
cc.com,-0.898703802
thegailygrind.com,-0.743150096
eaglerising.com,1
dujour.com,1
madworldnews.com,0.911739428
occupydemocrats.com,-0.911075757
wnem.com,1
acton.org,-0.386919862
mprnews.org,-0.386919862
usprisonculture.com,1
arklatexhomepage.com,1
expressnews.com,-0.386919862
charismamag.com,1
wowt.com,1
americasvoice.org,-0.957445358
mydaytondailynews.com,-0.386919862
minx.cc:1080,1
beckershospitalreview.com,-1
waff.com,-1
vademocrats.org,-1
religionandpolitics.org,-1
conservativetribune.com,0.95308011
waaytv.com,1
tucson.com,-0.061521108
thesocialcontract.com,1
krgv.com,1
dailystormer.com,0.65884793
kansansforlife.wordpress.com,1
progressivestoday.com,0.916619098
capsweb.org,1
wisconsinbudgetproject.org,1
kwwl.com,1
beaumontenterprise.com,1
kfyrtv.com,-1
radioformula.com.mx,-1
cur.lv,1
arkansasgop.org,1
pullquote.com,-0.800972549
valuesvotersummit.org,1
billionbibles.org,1
kfyo.com,1
alreporter.com,1
el-nacional.com,-0.275231425
wiat.com,-1
tri-cityherald.com,1
viewfromthewing.boardingarea.com,-0.386919862
nbc4i.com,1
bound4life.com,1
abc11.com,1
dailyorange.com,1
thesecularjurist.wordpress.com,1
conwaydailysun.com,-0.386919862
roadtomajority.com,1
pajiba.com,-1
correctrecord.org,-0.862762701
p3nlhclust404.shr.prod.phx3.secureserver.net,1
kausfiles.com,1
ideastream.org,-1
wkrg.com,1
benjaminstudebaker.com,1
theantimedia.org,0.123548433
fdesouche.com,1
tlvfaces.com,1
instinctmagazine.com,-1
lockerdome.com,1
whdh.com,0.140203993
thebookseller.com,1
basketball.realgm.com,-1
social.newsinc.com,0.712957083
politicalillusionsexposed.com,1
libertyunionparty.org,-1
tundratabloids.com,1
rtlnieuws.nl,-0.386919862
sjlendman.blogspot.ca,1
iranaware.com,1
ulstermanbooks.com,1
mfs-theothernews.com,1
abeldanger.net,1
mcafee.cc,-1
themuslimguy.com,-1
usna.edu,1
arabamerica.com,-1
hugequestions.com,1
etc.se,-1
inhomelandsecurity.com,-0.386919862
stv.tv,-1
eluniversalmas.com.mx,-1
cqrcengage.com,1
ecx.images-amazon.com,1
theflyingcameldotorg.wordpress.com,1
deccanchronicle.com,-0.386919862
constantcontact.com,0.59826446
israelnewsagency.com,1
virtualjerusalem.com,1
fawstin.blogspot.com,1
thezman.com,1
davidstockmanscontracorner.com,1
watchmen-news.com,1
yourtango.com,-1
biasedbbc.org,1
causeur.fr,1
acdemocracy.org,1
kenanmalik.wordpress.com,-1
feedblitz.com,1
newtondailynews.com,-1
refugeeresettlementwatch.wordpress.com,1
camelotcastle.com,1
radixjournal.com,1
politicalscrapbook.net,-1
thefreethoughtproject.com,0.277502989
thefader.com,1
levif.be,1
gewoon-nieuws.nl,1
ari.aynrand.org,1
fraserinstitute.org,1
israelifrontline.com,1
thespreadit.com,1
trunews.com,1
fox10phoenix.com,1
decider.com,1
infobae.com,-0.061521108
turtleboysports.com,1
icpsr.umich.edu,1
patriot.la,1
hiddenmysteries.org,-1
abc30.com,1
longisland.news12.com,1
wsav.com,1
wwmt.com,-0.386919862
laprensa.hn,-0.386919862
gopthedailydose.com,1
lapatilla.com,-0.061521108
oskynews.org,1
americanoverlook.com,1
wach.com,1
oann.com,0.857552996
aids.gov,1
wabe.org,-1
cbs46.com,0.376990113
badgerherald.com,-1
blogs.wlu.edu,-0.386919862
latingrammy.com,-1
christianheadlines.com,1
tristatehomepage.com,1
gossipextra.com,-1
nexos.com.mx,1
wvwvaf.org,-1
occidentalweekly.com,-1
sugardaddyforme.com,1
intellectualconservative.com,1
newstalk1290.com,1
drrichswier.com,1
panampost.com,1
crazydaysandnights.net,-1
good4utah.com,1
poetsandquants.com,1
ppsimmons.blogspot.com,1
badassteachers.blogspot.com,-1
indiawest.com,-0.386919862
marcorubio.com,1
therealcuba.com,1
fox17.com,1
actionnetwork.org,-1
myhighplains.com,-0.061521108
moaa.org,-1
barstoolsports.com,0.140203993
chapelboro.com,1
capitolhilloutsider.com,1
truthstreammedia.com,1
wnpr.org,-1
absoluterights.com,1
nwn.blogs.com,-1
praag.org,1
act.forecastthefacts.org,-1
arizonaspolitics.blogspot.com,1
dailycampus.com,1
tothepointnews.com,1
enable-javascript.com,-0.386919862
etherzone.com,1
giphy.com,-0.54476387
ethanallen.org,1
winwithjmc.com,-0.637971866
sevendaysvt.com,-0.386919862
onwardstate.com,1
clevescene.com,-0.061521108
collegian.psu.edu,-1
wkbw.com,1
politicalislam.com,1
thespoof.com,-1
bradleycountynews.wordpress.com,1
calthomas.com,1
tech.co,1
deneenborelli.com,0.867946881
ksfy.com,-1
hoodline.com,-1
acculturated.com,1
thrillist.com,-0.386919862
thedodo.com,-0.743150096
dailygamecock.com,1
charitywatch.org,-0.851214714
americarisingpac.org,1
israpundit.org,1
comicbook.com,1
wikiwand.com,1
thecable.ng,1
mediatakeout.com,1
newslocker.com,-0.386919862
thetrentonline.com,-0.061521108
allnewspipeline.com,1
rense.gsradio.net:8080,1
mediaequalizer.com,1
timesofsandiego.com,-0.862762701
680news.com,-1
boredpanda.com,-0.386919862
audioboom.com,0.376990113
voicesofliberty.com,1
benghazicommittee.com,-1
girlsjustwannahaveguns.com,1
jn.pt,-1
grumpyelder.com,1
wabi.tv,1
macedoniaonline.eu,1
worldtruth.tv,1
siouxlandmatters.com,-1
press.clintonglobalinitiative.org,1
thenewsnerd.com,1
kticradio.com,1
detroitlions.com,-0.386919862
winthrop.edu,-1
wgno.com,1
gotnews.com,0.844050779
thelibertarianrepublic.com,0.559117405
atoday.org,1
codewit.com,1
betsymccaughey.com,-0.061521108
videtteonline.com,-0.386919862
rotativo.com.mx,-1
voanoticias.com,-1
localsyr.com,1
reclaimourrepublic.wordpress.com,1
thedailycoin.org,1
bpunion.org,1
texaspolitics.utexas.edu,-0.386919862
regularrightguy.wordpress.com,1
toprightnews.com,1
sonsoflibertymedia.com,1
charlestonchronicle.net,-1
1776channel.com,1
americasurvival.org,1
thenewscommenter.com,1
saboteur365.wordpress.com,1
hiphopdx.com,-0.386919862
trendinalia.com,1
axs.com,0.294404252
dcwatchdog.org,1
thewildlifenews.com,1
liberalamerica.org,-0.857859478
viralsurvival.com,1
cw33.com,1
threepercenternation.com,0.140203993
uaw.org,-0.637971866
blackdemographics.com,1
conservativepost.com,1
pzfeed.com,0.441121016
indianz.com,-1
sanduskyregister.com,1
thatgrapejuice.net,-0.061521108
totalconservative.com,1
allenwestrepublic.com,0.892943794
lloydmarcus.com,1
bw.edu,1
overpassesforamerica.com,1
theblacksphere.net,0.881751948
thewilderness.me,1
info.msnbc.com,-1
lovebscott.com,-1
hotpads.com,-0.386919862
worldnewsdailyreport.com,1
skynews.grabyo.com,-0.386919862
batshitcrazynews.com,-0.061521108
vladtv.com,-1
americasfreedomfighters.com,0.935606464
c7.nrostatic.com,-0.386919862
crowdpac.com,-0.061521108
bloodyelbow.com,1
bnonews.com,1
shariaunveiled.wordpress.com,1
realkochfacts.com,-1
instigatornews.com,1
americannews.com,0.875230116
krcu.org,-1
wkow.com,-1
diversitychronicle.wordpress.com,1
blazingcatfur.ca,1
clinton2.nara.gov,-1
suindependent.com,1
aboveaverage.com,-1
anonofficial.com,1
thelastgreatstand.com,1
launch.newsinc.com,1
conservativeread.com,0.949313016
immasmartypants.blogspot.com,-1
us6.campaign-archive2.com,-0.28819873
revolutionradio.org,1
710keel.com,1
newsthump.com,-0.386919862
shariahfinancewatch.org,1
blacksportsonline.com,-1
delawareliberal.net,-1
slatestarcodex.com,1
tomnichols.net,1
inflexwetrust.com,1
therightperspective.org,1
art2superpac.com,1
truthandaction.org,0.827720841
wyblog.us,1
cision.com,1
orlando-politics.com,1
pantex.com,1
yallpolitics.com,1
therightstuff.biz,1
wegoted.com,-1
goodporkbadpork.com,1
badlefthook.com,1
spacecoastdaily.com,1
ptwc.weather.gov,-1
thedirty.com,-1
goplifer.com,-1
nextgenclimate.org,-1
ktiv.com,-0.386919862
centrictv.com,1
educationrealist.wordpress.com,1
is,1
bookingentertainment.com,-1
twcnews.com,-0.502027787
alternativenation.net,1
tpj.org,1
13newsnow.com,1
etcanada.com,-1
adelante.cu,-1
packersnews.com,1
fansided.com,1
blackcommunitynews.com,1
dailyrepublicannews.com,1
thehour.com,1
ethics.state.fl.us,1
ibew.org,-1
agorafinancial.com,1
sots.ct.gov,1
jimrome.com,-1
wrko.com,1
nydems.org,-1
alexanderhiggins.com,1
wben.com,1
usaradio.com,-1
workpermit.com,1
wbsm.com,1
local8now.com,1
oldielyrics.com,1
cabinet.com,-1
tvnewslies.org,1
socialistalternative.org,-1
snappytv.com,-0.429892342
exposefacts.org,1
Omojuwa.com,-1
cbi.org.uk,1
wrex.com,1
flaglerlive.com,1
bobbyjindal.com,1
liberallyconservative.com,1
mauitime.com,-1
thestranger.com,-0.386919862
ssl.clickbank.net,1
cumhuriyet.com.tr,1
polls.saintleo.edu,-0.637971866
everyvoice.org,-1
waxy.org,-0.386919862
rosie.com,-1
yiannopoulos.net,1
theralphretort.com,1
funnyjunk.com,1
attn.com,-1
dangerandplay.com,1
discussionist.com,-0.386919862
thevine.com.au,1
screencast.com,1
americanlibertypac.com,1
theskimm.com,1
rebootingliberty.com,1
uverse.com,1
wallstreetdaily.com,1
cruxnow.com,-1
offthegridnews.com,1
acento.com.do,1
fixthisnation.com,1
loras.edu,1
wlbz2.com,1
bdcwire.com,1
ecouterre.com,-1
19actionnews.com,1
theeventchronicle.com,1
entornointeligente.com,-0.386919862
ibankcoin.com,1
liberalsbackwardsthink.com,1
endtimeheadlines.org,1
nh1.com,-0.386919862
armstrongeconomics.com,1
terezowens.com,1
defund.com,0.376990113
nhlabornews.com,-0.851214714
scottwalker.com,1
stores.ebay.com,1
pacma.es,1
americandemocracy.org,-1
unslaveamerica.com,1
conservativereport.org,1
sputniknews.com,0.712957083
townandcountrymag.com,0.214810357
kokomotribune.com,-1
controversialtimes.com,1
unsavoryagents.com,1
assholeoftheday.us,-1
uml.edu,1
gobankingrates.com,1
wgme.com,1
blogforarizona.net,-1
politopinion.com,1
wthitv.com,-1
businessinsider.in,-0.442180631
republicannewswatch.com,1
nyspnews.com,1
altpress.com,-1
fuse.tv,-1
rebootillinois.com,-0.061521108
benghazi.house.gov,1
wccbcharlotte.com,-0.386919862
eyeonmiami.blogspot.com,-1
sickchirpse.com,-1
libertyviral.com,1
pages.ebay.com,1
projectveritasaction.com,1
politicons.net,1
brianmay.com,-1
news18.com,1
oceandrive.com,-1
rocklandtimes.com,1
richmond.com,-0.202597675
organiclifestylemagazine.com,1
drhurd.com,1
insiderlouisville.com,-1
urbanmilwaukee.com,-1
wjhl.com,-0.386919862
cornerstoneworld.org,1
newschannel9.com,1
headlinepolitics.com,1
givingmatters.guidestar.org,-0.637971866
themarshallproject.org,-1
2paragraphs.com,1
quotes.lifehack.org,1
flchamber.com,-1
truthseekers.com,-0.386919862
zpolitics.com,1
goprapeadvisorychart.com,-1
p2016.org,1
remezcla.com,-0.637971866
voicesempower.com,1
northamericanlawcenter.org,1
publiushuldah.wordpress.com,1
myngp.com,-1
peterdaou.com,-1
edgemedianetwork.com,-0.386919862
conservativeheritagetimesblog.wordpress.com,1
hermancain.com,1
client.prod.iaff.org,1
alamo-girl.com,1
softwar.net,1
fbicover-up.com,1
dagblog.com,-1
pacermonitor.com,-1
mtsupoll.org,1
projectcasting.com,-1
wisconsinvote.org,1
thebullelephant.com,1
labor411.org,-0.386919862
curvemag.com,-1
thelastofthemillenniums.wordpress.com,-1
southcarolinateapartycoalition.com,1
cnnchile.com,-1
conservativeblackchick.com,0.140203993
lagrangenews.com,1
coachisright.com,1
mcrecord.com,-1
ech.case.edu,-1
iotwreport.com,1
bettergeorgia.org,-1
blackrepublican.blogspot.com,1
front-lines.com,1
self.com,-1
travelweekly.com,1
occasionalplanet.org,-0.386919862
allday.com,-1
frederickleatherman.com,-1
ifyouonlynews.com,-0.947816878
the405media.com,0.855274735
breaking911.com,0.480950303
ddbarton48.com,1
latest.com,-0.520050234
oblimination.com,1
dragplus.com,1
sos.ks.gov,1
jessehimself.tumblr.com,1
s1.zetaboards.com,-0.061521108
themadjewess.net,1
factualisrael.com,1
erickontheradio.com,0.609813015
stacyontheright.com,1
nworeport.me,1
teapartycrusaders.com,1
universalfreepress.com,1
mediablackoutusa.com,1
rabblewriter.com,1
acecomments.mu.nu,1
100percentfedup.com,1
up.anv.bz,-1
qpolitical.com,0.452394807
capemaycountyherald.com,-1
rightring.wordpress.com,1
dailypublic.com,-0.743150096
iwillvote.com,-0.996007584
newyorkcityinformer.com,1
politicallyshort.com,1
timedotcom.files.wordpress.com,1
thepoliticalinsider.com,0.944776099
nationalvanguard.org,1
reuters.us.feedsportal.com,0.579600296
conservativebase.com,1
livenewschat.eu,-1
legalspeaks.com,-1
sh.st,0.656493279
issuehawk.com,0.166599724
gokicker.com,1
conservativevideos.com,0.916619098
uatoday.tv,-1
tsu.co,-1
britainfirst.org,1
thesleuthjournal.com,1
daretoreadit.com,1
africanamericanconservatives.com,1
obamareleaseyourrecords.com,1
ap.org,-0.389126198
conservative-headlines.com,1
billwhittle.com,1
fox4news.com,1
cbs2iowa.com,-1
allthingsdemocrat.com,1
files.ctctcdn.com,1
comicallyincorrect.com,1
crowsnestpolitics.com,1
vid.me,-0.061521108
mediarelations.gwu.edu,0.68276792
usnewse.com,1
whowhatwhy.org,1
readfulapp.com,0.671242448
reverbpress.com,-0.904928383
howiecarrshow.com,1
russia-insider.com,0.752251727
rickwells.us,0.986857598
dcinno.streetwise.co,-1
louderwithcrowder.com,0.897781157
jibjab.com,1
ftrradio.com,1
americanactionnews.com,0.879655103
nativenewsonline.net,-1
occidentaldissent.com,1
stridentconservative.com,1
teapartybulletin.com,1
wesa.fm,1
varietylatino.com,-0.386919862
i-d.vice.com,1
blackwestchester.com,-1
stream.org,1
theiowastatesman.com,1
s-media-cache-ak0.pinimg.com,1
eastorlandopost.com,1
acuratings.conservative.org,1
cheatsheet.com,1
jobsgrowth.org,1
stopcommoncorenc.org,1
charlesortel.com,1
rightspeak.net,1
hardnoxandfriends.com,1
politichicks.com,1
againstcronycapitalism.org,1
conservativeminnesotans.blogspot.com,1
bighealthreport.com,1
americanfreedombybarbara.com,0.80123058
ohiorising.org,1
ricardo.ch,1
therealside.com,1
linkplugapp.com,1
freepress.net,-1
bloglovin.com,-0.386919862
sitejabber.com,-1
parismatch.com,1
blogtopsites.com,1
mindy-fischer-writer.com,-1
bakken.com,1
berniesanders.com,-0.630404529
agri-pulse.com,1
socialsecurityworks.org,-0.637971866
climatechange.org,1
drudgegae.iavian.net,1
thenib.com,-1
itemizer.herokuapp.com,1
csteventucker.wordpress.com,1
newburyportnews.com,1
shoqvalue.com,-1
palinsmash.com,1
liberallogic101.com,0.376990113
iowademocrats.org,1
wtxl.com,1
empeopled.com,-1
10000birds.com,-1
rightrelevance.com,-0.800972549
worldometers.info,-1
patriotnetdaily.com,1
northernsun.com,-1
callofthepatriot.blogspot.com,1
ladylibertine.net,-0.061521108
epictimes.com,-0.461592647
intellectualfroglegs.com,1
recovering-liberal.blogspot.com,1
ireader.olivesoftware.com,1
jill2016.com,-0.386919862
tomohalloran.com,1
jamiedupree.blog.ajc.com,1
patricksperry.com,1
yournewswire.com,1
aristeguinoticias.com,-0.837544733
uk.blouinartinfo.com,1
stateofglobe.com,1
adobochronicles.com,-1
iowastartingline.com,-0.895275513
twcc.com,1
adoptapet.com,-1
unfilteredpatriot.com,1
muskogeepolitico.com,1
strategic-culture.org,1
greaterfitchburgforlife.blogspot.com,1
3dprint.com,1
affluentinvestor.com,1
wingright.org,1
therundownlive.com,1
mychamplainvalley.com,-1
grrrgraphics.wordpress.com,1
pressreader.com,1
popmodal.com,1
conservativeoutfitters.com,0.952001632
baltimorepostexaminer.com,-1
newsmachete.com,1
commonconstitutionalist.com,1
shiftwa.org,1
wbhm.org,1
speisa.com,1
imstilljosh.com,-1
aqha.com,1
vaccineimpact.com,1
insideradvantage.com,1
thecount.com,1
iran911case.com,1
samaa.tv,1
socialismisnottheanswer.wordpress.com,1
yahoonewsdigest-us.tumblr.com,-0.386919862
freenorthcarolina.blogspot.com,1
normsaysno.wordpress.com,-0.386919862
mobile.abc.net.au,1
freedom-articles.toolsforfreedom.com,1
taxjusticeblog.org,1
peoplespunditdaily.com,0.827720841
stevepieczenik.com,1
partneringwitheagles.wordpress.com,1
cilisos.my,-0.386919862
teapartypatriotscitizensfund.com,1
lithub.com,-1
mediaconfidential.blogspot.com,1
ageofautism.com,1
stateofthenation2012.com,1
imgflip.com,1
refreshingnews99.blogspot.in,1
sopitas.com,-1
reporteindigo.com,-1
eleconomista.mx,-1
forbes.com.mx,-1
fernanda-familiar.com,-1
24-horas.mx,-0.743150096
sexenio.com.mx,1
social-ecology.org,-0.637971866
bulldognews.net,1
empirestatenews.net,1
thehillarydaily.com,1
americaeconomia.com,-1
charitiesnys.com,-1
boogiefinger.blogspot.com,1
buffer.com,1
oneindia.com,-1
bb4sp.com,0.943061838
odishasuntimes.com,-1
thepulse2016.com,1
rickey.org,-1
noticieros.televisa.com,-0.743150096
bencarson.com,1
tsu.edu,-1
michaelsmithnews.com,1
cotton.senate.gov,1
edberry.com,1
dailyhaymaker.com,1
study.com,1
sbstatesman.com,1
advanceindiana.blogspot.com,1
ezkool.com,-1
playbuzz.com,-1
charleswatson.net,1
jakarta.coconuts.co,-1
blavity.com,-1
tgr.ph,1
freedomforce.com,1
files.wordpress.com,1
randpaul.com,1
caribbeannewsnow.com,1
thebiggreenlie.wordpress.com,1
capx.co,1
zonebourse.com,-1
all-that-is-interesting.com,-1
bvoltaire.fr,1
anewdomain.net,-0.386919862
premiere.fr,-1
politico.eu,-0.322890552
latinovations.com,-1
conservative-daily.com,1
38pitches.wordpress.com,1
twishort.com,1
fineartamerica.com,-1
nationalobserver.com,-1
morningconsult.com,0.414607185
freedomsback.com,1
patriotrising.com,1
usdefensewatch.com,1
politistick.com,0.813519405
clintonemail.com,0.140203993
28pages.org,1
theamericanmirror.com,0.924670903
standunited.org,1
oig.ssa.gov,-1
ccagw.org,1
courtroomstrategy.com,1
almasdarnews.com,1
memoryholeblog.com,1
bostonnewstime.com,1
think-squad.com,1
racismws.com,1
truthinmedia.com,1
cnnphilippines.com,-0.061521108
opportunitylives.com,1
wcbm.com,1
newslo.com,-0.775728357
playlivenew.com,-1
republicbuzz.com,1
cnncommentary.com,1
matthewvadum.blogspot.com,1
myinforms.com,0.140203993
wnyc.org,-0.258342406
newsworks.org,1
dignitasnews.com,1
afscmemn.org,-1
hillbillyreport.org,-1
murphyforflorida.com,-1
yourtubenews.ning.com,1
alantonelson.wordpress.com,-0.061521108
billypenn.com,-1
kgoradio.com,-1
mynewsla.com,1
alibertarianfuture.com,1
khn.org,1
funatfun.com,1
news3lv.com,-0.386919862
dw.com,-0.54476387
churchmilitant.com,1
12news.com,1
elianabenador.com,1
zimbabwe-today.com,-1
specialoperationsspeaks.com,1
pigeonsandplanes.com,1
suthenboy.com,1
karencivil.com,1
a4cgr.wordpress.com,1
nolandalla.com,1
aldianews.com,-1
swedenreport.org,1
johnpavlovitz.com,-1
tradcatknight.blogspot.com,1
sandiegouniontribune.com,1
winteryknight.com,1
pride.com,1
viconsortium.com,-1
swarmapp.com,0.376990113
friendlydb.com,0.511517287
dailynews724.com,1
snip.ly,0.559117405
yahoonewsdigest-us-extra.tumblr.com,1
wordlink.com,1
netsecu.org,-1
shadowproof.com,0.559117405
fox2detroit.com,-0.061521108
cleveland19.com,1
wvgazettemail.com,-0.800972549
theintercept.com,0.190301294
fox5ny.com,1
fox5dc.com,-0.743150096
lifezette.com,0.924608141
presidentialgenderwatch.org,-1
pdafund.com,-1
donaldjtrump.com,0.928614038
lidblog.com,1
dailywire.com,0.648758649
therebel.media,0.787207858
contemptor.com,-0.881203507
conservativesolutionspac.com,1
lansingcitypulse.com,-1
carlyforamerica.com,1
johnkasich.com,0.228204432
rageandwar.com,1
laiguana.tv,1
waragainstallpuertoricans.com,-1
talcualdigital.com,-0.061521108
trofire.com,-0.811097779
feelthebern.org,-0.800972549
abs-cbn.com,1
huffingtonpost.com.au,-0.743150096
xfinity.com,-0.061521108
statnews.com,-0.386919862
cbs4indy.com,1
fox32chicago.com,1
fox13news.com,1
dailynewsbin.com,-0.912541889
cbs5az.com,-0.386919862
foxla.com,0.559117405
thetab.com,0.277502989
broadly.vice.com,1
khpg.org,-1
phillyvoice.com,-0.637971866
pbs.org,-0.593113388
inverse.com,1
manchesterinklink.com,1
abc7ny.com,-0.386919862
fightingopiateabuse.ohio.gov,1
thebiafratimes.co,1
thebiafraherald.co,1
today.ng,-1
sport.es,-1
oantagonista.com,1
folhacentrosul.com.br,1
fort-russ.com,1
us.blastingnews.com,-0.681452811
diariolasamericas.com,1
hosted.vresp.com,1
rpp.pe,-1
lawnewz.com,0.304170709
usuncut.com,-0.428627635
floridapolitics.com,-0.258342406
ivankatrump.com,1
aminewswire.com,-1
trumpuniversitylitigation.com,-1
fox35orlando.com,1
98percentapproval.com,1
americanmilitarynews.com,1
injo.com,1
fox9.com,1
standfortruthpac.com,1
hispolitica.com,1
theresurgent.com,0.236882802
powderedwigsociety.com,0.941440555
hillarymen.com,-0.895275513
1140wrva.iheart.com,1
khow.iheart.com,1
theta360.com,1
urbanintellectuals.com,1
theconservatarianusa.com,1
thetrace.org,-1
hypeline.org,0.452394807
votefiore.com,1
fox5atlanta.com,0.752251727
americas1stfreedom.org,1
muslimgirl.com,-0.386919862
currentaffairs.org,1
2016facts.org,1
jebbush.com,1
voteforbernie.org,-0.386919862
savejersey.com,1
telemundo.com,-0.895275513
rewire.news,-1
tllrwdcc.org,-1
ahtribune.com,-1
periscope.tv,0.914248626
philstockworld.com,1
trumpvsbernie.com,1
bernie.to,-0.151582424
ktnv.com,1
rsbn.tv,0.972456036
diamondandsilkinc.com,1
honestgraft.com,1
opinionsavvy.com,0.330924603
thehornnews.com,0.920291475
jewishinsider.com,-0.580744469
hillaryspeeches.com,-0.917952874
readytofight.org,1
therespectabilityreport.org,-1
electionbettingodds.com,0.140203993
shewinswewin.org,-1
kiro7.com,-0.386919862
telemundo47.com,-0.386919862
libertynewsnow.com,1
maketheunitedstatesgreatagain.com,1
shrinktank.com,-1
hoylosangeles.com,-1
especiales.univision.com,-1
americasrenewablefuture.com,1
zhlaw.com,-1
marylandscramble.com,1
ap.org?playlistid=10204,1
citizensagainstplutocracy.wordpress.com,-1
trumpwinery.com,1
nevertrump.com,1
americanpreppernation.ning.com,1
victorwilliamsforpresident.com,1
ojjpac.org,1
theattackmachine.wordpress.com,1
thebernreport.com,-0.151582424
eastbaytimes.com,-1
themarshallreport.wordpress.com,0.959935559
southfront.org,1
exposingmodernmugwumps.com,1
pollhype.com,1
rightsightings.com,0.452394807
joemygod.com,-0.823657417
democrats-benghazi.house.gov,-1
mooresvilletribune.com,1
willhillarywin.com,-1
winningdemocrats.com,-0.915333747
radixnews.com,1
vetsforbernie.org,-0.386919862
fox26houston.com,1
christiantimesnewspaper.com,1
qu.edu,-0.151582424
bipartisanreport.com,-0.906602322
mamagrizzlyradio.com,1
mtkisco.dailyvoice.com,1
truthburgers.com,1
nuhw.org,1
mattklewis.com,1
rimaregas.com,-1
ihavethetruth.com,1
wpde.com,-0.386919862
raisetheflagreport.com,1
clinton.presidentiallibraries.us,-1
constitution.com,0.940672685
quinhillyer.com,-0.202597675
ooyuz.com,-0.7653774
arkancide.com,1
tmj4.com,1
hightaxhillary.com,1
stubbornthings.org,1
rabaresearch.com,-0.800972549
cowgernation.com,1
predictit.org,-0.061521108
albertpeia.com,1
actionsprout.io,-1
800whistleblower.com,-0.386919862
fullmeasure.news,1
usapoliticstoday.com,1
omegaworldnews.com,1
rcjustice.tripod.com,1
eoinhiggins.com,1
calebsreport.com,1
latinovictory.us,-0.386919862
corpcounsel.com,1
hillarybook.nationalmemo.com,-0.881203507
hp.myway.com,1
actnow.io,-1
expansion.mx,-0.757254806
lindaikejisblog.com,1
africanews247.com,1
quien.com,-1
decisiondeskhq.com,1
freedomdaily.com,0.934676758
overtimepolitics.com,1
politibrew.com,1
mpcdot.com,1
thewashingtonstandard.com,1
laborforbernie.org,-1
genius.it,1
elheraldo.co,1
deportracism.com,-0.061521108
hendersonlefthook.wordpress.com,1
221.129.208,1
trump-putin2016.com,-0.637971866
infostormer.com,1
fox61.com,0.376990113
berniesandersvideo.com,1
milfuegos.blogspot.com,1
lasillarota.com,-1
lopezdoriga.com,-0.386919862
economiahoy.mx,1
redpolitica.mx,-1
josecardenas.com,-0.386919862
us-immigration.com,-0.637971866
diariocambio.com.mx,-1
unotv.com,-1
bluradio.com,1
tgcom24.mediaset.it,1
secondnexus.com,-1
eltiempo.com.ve,1
publimetro.co,1
forbiddenknowledgetv.net,1
fox4now.com,1
tiempo.hn,-0.386919862
noticiasrcn.com,-0.061521108
apps.frontline.org,-1
paraven.net,1
truthkings.com,1
route.overnewser.com,-0.297133906
indiatoday.in,1
newdelhitimes.com,1
thehansindia.com,-1
opindia.com,-1
swarajyamag.com,1
wingztv.com,1
aljazeera.com,-0.482599021
readingthepictures.org,-1
mstarsnews.musictimes.com,0.452394807
thenational.scot,-1
foreigndesknews.com,1
vidmax.com,1
theunaustralian.net,-0.386919862
reportca.net,1
kfiam640.iheart.com,0.277502989
worldstarhiphop.com,-0.743150096
action.emilyslist.org,-1
abc10.com,-1
wbrc.com,1
thecorrespondent.com,-1
mynorthwest.com,-1
greensboro.com,-0.637971866
politicalmoll.com,-1
store.democrats.org,-1
trumpthemedia.com,1
thelibertyconservative.com,1
realprogressivepolitics.com,-0.386919862
wbdaily.com,1
anncorcoran2016.org,1
bold.global,-0.386919862
stupidpartymathvmyth.com,-0.916924912
katiemcginty.com,-0.637971866
heatst.com,0.475479964
worldnewspolitics.com,1
romper.com,-0.386919862
truthuncensored.net,1
netadvisor.org,1
newiprogressive.com,-1
americanbazaaronline.com,1
dailygate.com,1
marijuanapolitics.com,-1
prri.org,-1
baesic.net,1
counterjihad.com,1
uschronicle.com,0.59826446
joy105.com,1
follownews.com,1
collisionofchurchandstate.com,1
washingtonhispanic.com,-1
byrslf.co,-1
fox25boston.com,1
1843magazine.com,-1
businessinsider.sg,-1
seeker.com,-1
elmundo.sv,-1
telemundopr.com,-1
sumarium.com,-0.306802402
miamidiario.com,-0.386919862
maplematch.com,-1
trumpgasm.wordpress.com,0.65884793
panamaamerica.com.pa,1
carlicahn.com,1
cafe.com,-0.655600512
jorgeramos.com,-1
floridabulldog.org,1
wiod.iheart.com,1
realnewsrightnow.com,-1
ellentube.com,-0.637971866
donaldtrumpforvets.com,1
cape-coral-daily-breeze.com,1
ijr.com,0.799468612
redmillennial.com,-0.386919862
woai.iheart.com,1
gilmermirror.com,1
political.com,1
newstalk1130.iheart.com,1
progresspond.com,-1
klsouth.wordpress.com,0.900039527
trumpstrategy.com,1
civilbeat.org,-1
highlighthollywood.com,-1
abulsme.com,1
ogdenonpolitics.com,1
10thperiod.com,1
axiomstrategies.com,1
producthunt.com,-0.386919862
electiongraphs.com,-0.061521108
drudgetoday.com,1
publicfiles.fcc.gov,1
horsesenseblog.com,1
shepherdexpress.com,-1
dailyheadlines.net,0.511517287
ohio.gov,-0.386919862
stirjournal.com,-1
yesimright.com,0.85212122
dcwhispers.com,0.992052112
berniepost.com,-0.386919862
lastnighton.com,-1
garyforbes.wix.com,1
onepoliticalplaza.com,1
conservativenewsandhumor.com,1
watchingthewheelsdad.net,-0.743150096
newsradioklbj.com,1
illwriteit.com,1
youdecidepolitics.com,1
regated.com,1
us10.campaign-archive2.com,-0.386919862
trumpistanbul.com.tr,-1
untruthaboutdonaldtrump.com,0.511517287
content.jwplatform.com,1
morningnewsusa.com,1
guccifer2.wordpress.com,1
thesouthcarolinaconservative.com,1
omnifeed.com,1
megynkelly.org,1
zionists4trump.com,1
donald-trump.leadstories.com,1
politicalcortadito.com,1
illinoishomepage.net,1
epgn.com,-1
still4hill.com,-1
katehon.com,1
theodysseyonline.com,1
evolequals.com,-1
thenewamericana.com,1
united-states.beforeitsnews.com,1
kirkpatrickforsenate.com,-0.862762701
thedeclination.com,1
risenews.net,-0.061521108
gaytimes.co.uk,-1
marycumminsrealestatemarycummins.blogspot.com,1
mishtalk.com,1
dividendreference.com,-1
renegadetribune.com,-0.386919862
nba.nbcsports.com,-0.386919862
bigspeak.com,0.277502989
americannewsx.com,-1
deadstate.org,-0.502027787
faithfamilyamerica.com,1
jantakareporter.com,-1
realtytoday.com,-1
mediamattersforamerica.tumblr.com,-1
bizstandardnews.com,-0.743150096
zionica.com,1
theeastcarolinian.com,1
mmaweekly.com,1
truthfeed.com,0.969934217
newstarget.com,1
freedomsfinalstand.com,1
postguam.com,-1
dennismichaellynch.com,0.904269565
hispanicpatriots.org,1
hillaryhq.com,-0.922733321
illinoisfamilyaction.org,1
prosperousamerica.org,-1
msnbc.com,-1
freepatriotpost.com,1
trumpfilter.com,-1
politicalgarbagechute.com,-1
rideshareapps.com,-0.061521108
opiniontoday.com,-0.502027787
celebtricity.com,-1
710wor.iheart.com,1
superstation95.com,1
sentinel.ht,1
groopspeak.com,-0.92596839
wzakcleveland.hellobeautiful.com,1
usherald.com,1
700wlw.iheart.com,1
usatoday.com.co,-1
welovesoaps.net,-1
artscouncilsc.org,-1
now8news.com,1
ktrh.iheart.com,-1
samepagenation.com,1
cjpearson.org,1
hillarysamericathemovie.com,1
thehilltalk.com,0.715960463
gifs.com,1
espn.com.mx,-1
greenvillegazette.com,-0.906366806
tapwires.com,1
remember1986.com,1
gunsinthenews.com,1
dc.eater.com,1
still4hill.files.wordpress.com,-1
newsiosity.com,1
redstatewatcher.com,0.917830541
hillaryforpresident.com,1
consciouslyenlightened.com,1
correctrecord.tumblr.com,-0.386919862
gamechangerpac.com,1
politicalo.com,-1
dflduluthexposed.com,1
wvtm13.com,-1
nbc.com.co,-0.386919862
polititrends.com,1
southfloridareporter.com,-1
realworldhillary.com,1
stophillarypac.org,1
miblogestublog.com,-1
simonandschuster.com:80,1
pollyvote.com,-0.386919862
toddstarnes.com,1
thepcgraveyard.com,0.827720841
haitiantimes.com,1
matthewvadum.com,1
rawconservative.com,0.745277703
stopcommoncoreinwisconsin.com,1
grrrgraphics.com,1
altoday.com,1
politicops.com,-1
thepatriotfactor.blogspot.com,1
fuhrerious88blog.wordpress.com,1
thegreateststorynevertold.tv,1
electionfraud2016.wordpress.com,1
msfanpage.link,1
masscentral.com,1
thenationalpatriot.com,1
nytimes.com.co,-1
cesrusc.org,1
youthforrandpaul.com,1
reuters.tv,1
savinggraceatguantanamobay.com,1
guccifer2.files.wordpress.com,1
political-heat.blogspot.com,-1
wecanstophate.com,-1
ejecentral.com.mx,-1
atlantajewishtimes.com,1
paulnehlen.com,1
theringer.com,-0.800972549
calledtoresist.org,1
trumplies.com,-0.938783683
redice.tv,1
politicalcult.com,1
undergroundreporter.org,1
newyorkupstate.com,-0.061521108
ivoox.com,-0.637971866
ndctrump.com,1
trumpsingles.com,1
marmel.com,-0.743150096
trumpinfo.org,-0.637971866
psuvanguard.com,1
trump.news,1
conchitasarnoff.com,1
ringoffire.fans.fm,-1
all-len-all.com,-1
dcpols.com,-1
ronpaullibertyreport.com,0.703553373
flyingtigercomics.wordpress.com,1
thompsontimeline.com,1
bients.com,1
citizensfortrump.com,1
inews.co.uk,1
embols.com,1
longroom.com,1
pastudentsfortrump.com,1
r4c16.org,-1
getoffthebs.com,1
ntknetwork.com,1
theconservatarianreview.com,1
silenceisconsent.net,1
meanprogressive.com,-1
donaldtrump2016online.com,0.805502946
malialitman.com,-0.386919862
eohistory.info,1
kmod.iheart.com,1
patriotretort.com,1
freethedelegates.com,-1
ninaillingworth.com,1
bcnn1wp.wordpress.com,1
theduran.com,1
thetruthdivision.com,0.927332613
thisculturalchristian.blogspot.com,1
wearewvproud.com,1
jamieglazov.com,1
therealstrategy.com,0.922343625
trumpedamerica.appspot.com,1
nucleardiner.wordpress.com,-1
rubiobot.com,-1
johnsonweld.com,1
politiek.tpo.nl,1
tuckmagazine.com,1
libertyborn.wordpress.com,1
mainerepublicemailalert.com,1
randyreport.blogspot.com,-1
atticusreview.org,-1
dailymedia.info,1
texture.com,1
alltop.com,1
mailonsunday.co.uk,1
nationalpost.com,-0.119910694
thesundaytimes.co.uk,-1
music-news.com,1
heavenawaits.wordpress.com,1
politicalpeopleblog.com,-0.637971866
cosmoso.net,1
artofthesteal.biz,-0.967783422
angrypatriotmovement.com,1
usatwentyfour.com,1
circa.com,1
lyingcrookedhillary.com,1
conservativesunited.com,1
midnightinthedesert.com,1
fantasticword.com,1
trackingtrump.com,1
modernliberals.com,-1
conservativefifty.com,1
randpaul.trendolizer.com,-0.386919862
openlettertodonaldtrump.com,1
tribunist.com,1
dailyreadlist.com,-0.637971866
duffy.house.gov,1
theconservativehistorian.com,-0.386919862
ipatriot.com,1
downstreampolitics.com,1
abcnews.com.co,0.737899673
newzsentinel.com,1
365usanews.com,1
newsvideo.su,1
libertywritersnews.com,0.904269565
realitycheck753.wordpress.com,1
liberty.news,1
drudgesiren.com,1
friendsofsyria.wordpress.com,1
geopolitics.co,1
flatoutunconstitutional.com,1
planetfreewill.com,0.277502989
right.is,1
robertmorrowpoliticalresearchblog.blogspot.com,1
endingthefed.com,0.968637439
usapoliticsnow.com,1
nearearth.wordpress.com,-1
conservativedailypost.com,0.845383122
fury.news,1
americanews.com,1
dogsfordonald.com,1
wymt.com,1
carlyfiorina.org,-0.800972549
ycombinator.com,-1
knrs.iheart.com,-1
conservative50.com,1
clammr.com,1
enr.electionsfl.org,-1
progressivemidwesterner.wordpress.com,1
concisepolitics.com,1
gettopical.com,-0.341237309
bjpenn.com,1
cruzsexscandal.com,1
conservativeamerica-online.com,1
utah.gop,1
thedailyshow.tumblr.com,-1
gobling.wordpress.com,-1
highway61ent.com,1
liberalsociety.com,-1
j.school,1
hillaryactionfigure.com,-1
alphanewsmn.com,1
thecapitolist.com,1
varianceexplained.org,-0.386919862
dcleaks.com,1
badgop.com,-1
trumpconspiracies.democrats.org,-1
progressivearmy.com,1
magafeed.com,-0.061521108
smobserved.com,1
ycnnow.com,1
politicade.com,-1
theplantain.com,-1
wdasfm.iheart.com,-1
dudecomedy.com,-1
theintellectualist.co,-1
victorygroup.com,1
richardcyoung.com,1
africannewstoday.com,-1
youngprogressivevoices.com,-1
babylonbee.com,-1
yourboyblacktrump.com,-1
amishpac.com,1
petersenshunting.com,1
trumpscrewedme.wpengine.com,-1
theflama.com,1
gomarcellusshale.com,1
lci.fr,-1
anonews.co,1
elections.wvpublic.org,1
hiddenamericans.com,1
domhugs.com,1
thenewrevere.com,1
wvcoalassociation.wordpress.com,1
hotgas.net,1
news2morrow.com,1
patriottribune.com,1
wethevigilant.com,1
faketrumptweet.com,1
912communique.com,1
factsector.com,1
americanlookout.com,1
timebomb2000.com,1
patriotnewsdaily.com,1
truepundit.com,1
vesselnews.io,1
politicsintheusa.com,1
screechingkettle.blogspot.com,-1
thecanary.co,1
wncy.com,1
dcgop.org,1
aldipest.com,1
socialnewswatch.com,1
usadailypolitics.com,1
killingthebreeze.com,-1
virallysuppressed.com,-1
usasupreme.com,1
act.tv,1
firebrandleft.com,1
googleweblight.com,1
progressive.network,-1
malaysiasun.com,1
nearchaosblog.com,1
sultanknish.blogspot.in,1
americanow.com,1
unclesamsmisguidedchildren.com,1
gas-bags.com,-1
barrierbreakers2016.com,-1
fesdc.org,1
trueviralnews.com,-1
sportschatter.com,1
indianatalks.com,1
rightalerts.com,1
nobama.com,1
tvovermind.com,-1
womencanstoptrump.com,-1
thegorkabriefing.com,1
lastmenandovermen.blogspot.com,-1
realtimepolitics.com,-0.862762701
trumpproject.org,-1
rockfeed.net,1
trumphotels.com,1
save-america-now.com,1
mrcblog.com,1
garnetnews.com,-1
kstreet607.com,-1
alternativeeconomics.co,-1
mojahedin.org,-0.386919862
aol.com,0.122840437
notrumpnovote.org,1
mtv.com,-1
rt.com,0.414326529
poll.qu.edu,0.140203993
myaccount.news.com.au,-0.386919862
action.trump2016.com,1
hotglobalnews.com,-1
mainepublic.org,-1
conservative101.com,1
worldboxingnews.net,1
indy100.com,-0.350910454
hedgeaccordingly.com,1
manhattan-institute.org,1
burrardstreetjournal.com,-0.386919862
790talknow.com,1
vietnamveteransplaza.com,1
clintonkaine.com,1
nationalinsiderpolitics.com,1
thetrumpcontract.com,1
stonecoldtruth.com,1
abcnewsgo.co,1
us12.campaign-archive2.com,-1
nhaflcio.org,-1
americanenquirer.org,-1
catholics4trump.com,1
allianceesapoll.com,1
thedcgazette.com,1
therichdontpaytax.com,1
patriotcrier.com,1
particlenews.com,0.101393591
greatagain.gov,0.544316056
firearmspolicy.org,1
sooper.geniusbuilt.com,1
dc.curbed.com,1
origin-nyi.thehill.com,1
thecoachsteam.com,1
hash4tag.com,-1
todnews.weebly.com,1
politicsinformer.com,1
bwcentral.org,1
natl.re,0.552038782
globalsuntimes.com,1
urbannewsletter.com,1
line.us,1
conservativecathy444.tumblr.com,1
obama.trendolizer.com,1
naughtybeyotch.com,1
thetimestimes.trendolizer.com,1
norwegiandefenceleague.info,1
neveragaincanada.ca,1
track.bcvc.mobi,1
tomfernandez28.com,1
usa.tusueldo.com,-0.061521108
newswatchreport.com,1
represent.com,1
justiceleaguetaskforce.wordpress.com,1
en-volve.com,1
openn.eu,-0.54476387
tweetjukebox.com,1
visapolicy.com,1
hotpagenews.com,1
dierotepille.com,1
business-commerce.infignosmedia.com,-0.386919862
megamergedissolutionsolution.blogspot.com,-0.386919862
comunistmanifesto101.blogspot.com,1
stopthesteal.org,1
dropcatch.com,1
1776coalition.com,1
thesccop.com,1
parallax.news,1
app.mhb.io,-0.715609217
bullmarketboard.com,0.640791178
hillarydaily.com,1
jodyfield.sharedby.co,1
rightalertspolls.com,1
financearmageddon.blogspot.com,1
eheadlines.com,1
drudge.today,1
toletin.com,1
hispanictrending.net,1
jeffwinbush.com,-1
thetruth24.info,-1
freezonemediacenternews.com,1
jewtube.tv,1
zziipp.eu,0.097318972
3tags.org,1
dirtyconservative.com,1
saepta.com,1
shawsblog2011.blogspot.com,1
tondan.com,1
politicalpasion.com,-1
polls.trendolizer.com,-0.061521108
watsupamericas.com,-0.061521108
buzznews.altervista.org,-1
prophecytracker.org,1
therussophile.org,0.277502989
viewsandthoughts.com,1
livenewscentral.com,1
kogonuso.com,-0.386919862
topbuzzapp.com,-0.061521108
trendolizer.com,1
jokpeme.com,1
mikehuckabee.trendolizer.com,-0.386919862
teapartymainstreet.blogspot.com,1
poliscijunkee.com,-0.386919862
houston.dailydigest.us,1
jebbush.trendolizer.com,1
teapartyupdate.com,1
i-supportisrael.blogspot.co.il,1
ufpnews.com,1
nexlevol.com,-0.386919862
donaldtrumpnews.co.vu,1
deezer.com,-1
theunitedvoiceofamerica.com,1
ww11.chersonandmolschky.com,1
freedomandlibertylive.blogspot.com,1
proudcons.com,1
themapstories.net,1
jumbotweet.com,1
darkhorsenews.com,1
ledgergazette.com,1
reportuk.org,1
watch-latest-news.com,-1
democurmudgeon.blogspot.com,-1
libertyfirstnews.com,1
curated-news.com,1
gla.news,1
citizen-action.com,1
obama-nation-2.tumblr.com,1
d3dhqk2br2olrw.cloudfront.net,1
getbriefme.com,1
departed.co,1
punchingbagpost.com,1
epeak.in,0.140203993
breaking-news.ca,1
newyork.schmap.com,1
shareblue.com,-0.969971896
toonsonline.net,1
israel.trendolizer.com,1
tprty.co,1
reviveusa.com,1
feed24hnews.com,0.942188801
issuevoter.org,-1
whodoyoulike2016.com,1
arlinreport.com,1
chrischristie.trendolizer.com,-0.637971866
host287.hostmonster.com,1
whatyouthoughtiwentaway.wordpress.com,1
blink.htcsense.com,1
home.twibble.io,-0.743150096
sky1876.com,1
military.trendolizer.com,1
buzzbry.com,-0.386919862
apple.news,-0.061521108
seanmunger.com,-1
jwatch.us,1
reardonreports.com,-1
updatemind.com,1
worldknewz.com,1
weebeethecat.blogspot.com,1
thepienews.com,1
spinzon.com,1
go.newsfusion.com,1
terrorism.trendolizer.com,1
docmurdock.posthaven.com,1
zestynews.com,-0.743150096
worldwideherald.com,1
beautycribtv.com,-1
socio-political-journal.com,1
politicsforum.online,1
stink-eye.net,-0.386919862
illegalaliencrimereport.com,1
egyptday1.blogspot.com,1
newsinfl.com,1
thr.cm,-0.418901491
weareamericaradio.com,1
view.email.premierenetworks.com,1
dcbrief.com,1
fedup.org,-1
tubenews.net,-0.386919862
ukip.trendolizer.com,-0.386919862
pureheartsinternational.wordpress.com,1
thedailyinformer.net,1
newscats.org,1
syria.trendolizer.com,1
sli.mg,1
neuvoo.com,1
futuredanger.com,1
scottwalker.trendolizer.com,-1
madpatriots.com,1
mega.nz,1
stumpinfortrump.com,1
wayneweeks-author.blogspot.com,-0.386919862
garyforbes.wixsite.com,1
followtrump.net,1
trumpvillereport.com,1
970wfla.iheart.com,-0.386919862
newswatchcanada.ca,1
toptidings.net,0.765113605
newsinca.com,1
awakenedwire.com,1
tedcruz.trendolizer.com,1
russia.trendolizer.com,1
allthatsnews.com,0.140203993
joinhouse.party,-0.061521108
curiouscat.me,1
sidewire.com,-1
ampproject.org,1
fenixx.org,1
ramainternational.com,1
rightwingit.com,1
staged.com,-1
howardlroper.sharedby.co,1
vivaliberty.com,1
woodradio.iheart.com,1
miniplanet.us,1
silvanuspublishing.com,1
marcorubio.trendolizer.com,1
grandmageri422.me,1
box1056.bluehost.com,1
proudemocrat.com,-1
sickbias.com,1
noscomunicamos.com,1
usfreedomarmy.com,0.935606464
sharlaslabyrinth.blogspot.com,1
themuslimtimes.info,-1
liberalforum.net,-1
thejacksonpress.org,1
politomix.com,1
vifreepress.com,-1
pd2go.net,-1
dvd-today.de,-1
hardwaymtministry.com,1
news-hl-cm.newsrep.net,-1
justmarketingnews.com,-0.386919862
yabberz.com,-0.386919862
clickittefaq.com,1
natl.io,0.452394807
trumpstump2016.com,0.974184781
streeteye.com,-0.386919862
yourdentalsupply.com,1
next-genpatriots.com,1
makeamericagreattoday.com,1
biafrasocial.com,1
wchp.co,1
patriotjournal.com,1
unitingfortrump.com,1
ameripublications.com,1
ethyper.com,1
sso.foxnews.com,1
searchesinteractive.com,1
billmartinezlive.com,1
ww12.usnewse.com,1
citizenanalyst.net,1
politicschatter.com,-1
alistarable.tumblr.com,-1
mrdemocratic.com,1
politicr.org,-0.800972549
ru-seriously.com,1
puppetstringnews.com,1
streamable.com,1
mdonosomuller.sharedby.co,-1
smartgirlpolitics.com,1
savingourfuture.com,1
presumptivephilospher.blogspot.com,1
trumpbackers.com,1
venitism.wordpress.com,1
gla.cc,1
s.erious.ly,1
lawnews.tv,1
good-mag.co,-1
bowandarchery.org,1
devicedaily.com,1
labprolib.com,-0.637971866
thelibertycaucus.com,1
thebingbing.com,-0.202597675
allnewsintheworld.com,1
affinitymagazine.us,1
jody-call.com,1
ilovemyfreedom.org,1
newshog.co,1
uknewsposts.wordpress.com,-0.386919862
americanrightnow.com,0.887625845
graydc.com,-1
gongsters.com,-0.386919862
newsfoxes.com,1
upstatecriminals.blogspot.com,1
audioburst.com,1
limportant.fr,1
therightists.com,1
hillaryclinton.trendolizer.com,-0.188241515
citizenslant.com,-0.743150096
samanthabee.com,-1
talkingaboutpolitics.com,-1
empowerednewswire.com,-0.386919862
istandwith.com,1
mynbc5.com,1
blbrd.cm,-0.502027787
brianmcarey.com,1
bloodredpatriots.com,1
fox47news.com,1
petitionstocongress.com,1
somicom.com,1
conservativestate.com,1
faithwire.com,1
occurrencesforeigndomestic.com,1
opslens.com,1
conservativeinfidel.com,1
impulsetoday.com,1
northfloridawriter.com,1
newsl.org,1
bikers4trump.com,1
notitoday.co.vu,1
acn.com.ve,1
el32.com,1
funny.trendolizer.com,-1
rightingonthewall.blogspot.com,1
ww10.chersonandmolschky.com,1
myfreshnews.com,1
abc1230news.1230thefan.com,-1
walshfreedom.com,1
the-peruser.blogspot.com,-0.985727162
underthebluetarp.blogspot.com,-1
usrcmag.com,-0.789103194
thejnetwork.com,-1
wvpress.org,1
americanpatriotdaily.com,1
theextract.net,1
powerglobal.us,1
familytree.com,1
projectpurge.com,1
canadanewshunt.com,-1
zerofiltered.com,1
edevhawkesbury.sharedby.co,-0.386919862
hillaryupdates.com,-1
forbloggingoutloud.com,1
awomenshealthclinic.blogspot.com,-0.386919862
ksgf.com,-1
thegedsection.com,-1
livetrucking.com,-1
thepatriotnation.net,-0.061521108
saleminteractivemedia.com,1
shop-diamondandsilkinc.com,1
dennishouse.tv,-1
electleaders.com,1
dnoticie.es.kabch.xyz,1
vidzette.com,1
iris.xyz,1
preservefreedom.org,1
mosh.us,1
alternative-news.tk,1
thepublicslate.com,1
theconservativemonster.com,0.820901203
radionomy.com,-1
ara.cat,-1
irishufology.net,1
vitweet.com,-0.386919862
virginiara.com,1
seriouslymedia.com,1
viral247news.com,1
gagrule.net,1
rightnj.com,1
anebbandflow.blogspot.com,1
conservativerepublicannews.com,1
magnetsala3.xyz,-1
praisecharlotte.hellobeautiful.com,1
truthnation.com,1
deonvsearth.com,1
realtruenews.org,1
rightwingart.com,1
thepoliticsforums.com,1
patriotsandpolitics.com,1
josephbotts.com,1
fromtheright.com,1
alistairreignblog.com,-1
supremepatriot.com,1
juansaaa.com,-1
kurtwvs.tumblr.com,1
politicsinformation.com,1
conservativefreepress.com,1
zmerchnews.com,-1
lumpynews.com,1
gunrights.trendolizer.com,1
70news.wordpress.com,1
cdn.com.do,-0.386919862
tothedeathmedia.com,1
pollstocongress.com,1
ifunny.co,0.277502989
carlyfiorina.trendolizer.com,1
blabber.buzz,1
mediamassdeception.wordpress.com,0.65884793
politicaltruthserum.blogspot.com,1
docs357.tumblr.com,1
worldwide.vote,1
yournationnews.com,1
wildlylazypizza.tumblr.com,-1
dailybellwether.com,1
guim.co.uk,-1
warren.trendolizer.com,-0.386919862
financialspots.com,1
novedadesacapulco.mx,1
bvanews.com,1
30mintrader.com,1
keepliberty.org,1
worldpoliticus.com,1
truthabouttedcruz.com,1
theindependentthinker2016.wordpress.com,1
pukhtunkhwatimes.blogspot.com,-1
player.listenlive.co,1
webdaily.com,1
ironlighthouse.tumblr.com,1
postwaves.com,-0.386919862
unitedstates-politics.com,1
michellepictures.com,-1
currentworlddaily.com,1
rcooley123.wordpress.com,-0.6056774
conservativecrusaders.com,1
axiomwire.com,1
sierra.secure.force.com,-0.386919862
24today.net,1
macressler.sharedby.co,1
newmediapatriotradio.com,1
kbrocking.com,1
obrienandassociates.com,1
smallgovreport.com,1
culturalmarxism.net,1
files.isanet.org,1
realisticobserver.blogspot.com,-0.061521108
paypal.me,1
davdsoultrilogy.wixsite.com,1
nratv.com,1
natsentinel.com,1
thebloomfirm.com,-0.386919862
content.mariettatimes.com,1
click.bsftransmit33.com,1
yalerecord.org,-1
theabundantgift.blogspot.com,1
enemieswithinmovie.com,1
d1sb17b1leotpq.cloudfront.net,1
k2radio.com,-1
en.institutomanquehue.org,1
washingtonstarnews.com,0.140203993
animalpetitions.org,1
rightwise.com,1
duhprogressive.com,1
channeldayton.iheart.com,1
the-blog-of-truth.blogspot.com,-0.386919862
lifedaily.com,1
surlysubgroup.com,-0.386919862
myfaithvotes.org,1
screenertv.com,1
feeds.feedburner.com,-1
justiceforkatie.com,-1
bluntforcetruth.com,1
shiksappeal.wordpress.com,-1
wikileaks.shop,1
quantum-displacement.tumblr.com,-1
freedom.news,1
kwbe.com,1
clinton.media.mit.edu,1
callanelitist.com,1
insiders.fortune.com,-1
newsflow24.com,1
fundersandfounders.com,-1
tmn.today,1
choiceorlife.com,-1
settingrecordstraight.blogspot.com,1
thecitizensaudit.com,1
fo,1
lanavawser.com,1
newcenturytimes.com,-1
elisbergindustries.com,-1
dpnm.net,-1
smokeroom.com,1
thephaser.com,1
viralliberty.com,1
keephopealiveradio.iheart.com,-1
nationonenews.com,1
jookos.com,1
thelastlineofdefense.org,1
c-t.click,1
kuorum.org,1
patriotjournalist.com,1
global-gathering.com,-0.202597675
ntn24webcanal.site,1
crackedpop.com,-1
monitornacional.com,-1
teamliber8.blogspot.com,-1
confirmado.com.ve,1
epmundo.com,-0.258342406
thinkathinka.com,1
hillaryclinton.net,1
notihoy.com,1
central132.cl,1
redrightrepublic.com,1
blackamericansfortrump.net,1
actualidad360.com,-0.637971866
nwnoticias.com,-1
chilevision.cl,1
statespoll.com,0.980222116
smackdown2016.com,1
uk.news-junkies.com,-0.386919862
claytoonz.com,-1
archivo.globovision.com,-1
proud-patriots.com,1
planetnews.space,1
postmodernnews.com,1
theimmoralminority.blogspot.com,-1
releaseyourreturns.us,-1
trumpsaveusnow.com,1
conservativehaven.com,1
aus.usnewsee.com,-0.386919862
noticiasaustral.com,1
thepoliticus.com,-1
eldiarionuevodia.com.ar,-1
venezuelaaldia.com,-0.386919862
recovering-liberal.blogspot.co.nz,1
dlamini.co,-0.061521108
ctxt.es,1
puuzles.com,-1
miami.ysktoday.com,1
beritasatu.com,-0.386919862
noticias.tusueldo.com,-0.637971866
rightwingtribune.com,0.511517287
time-ab.com,-1
ian56.blogspot.co.uk,1
thedigitalfirehose.blogspot.com,-0.386919862
usa2016politics.wordpress.com,1
post-nigeria.com,1
dumptrumpshirts.com,-1
extraclubmagazine.com,1
yusnaby.com,1
krantikaripost.in,1
caribpress.com,1
larazon.com.ar,-1
shaytrippblog.tumblr.com,-1
notialltoday.co.vu,1
seekingthetruth.info,1
latinoswithtrump.org,1
2016candidatesdeclarations.blogspot.com,1
govne.ws,-0.922733321
expose.today,-1
wyng.com,1
captdax2.blogspot.com,1
elpitazo.com,-1
thexreports.com,-1
imagenradio.com.mx,1
deepleftfield.info,-1
mangofeed.com,-0.386919862
viralwomen.com,-1
trendingnewsguide.com,1
opiniez.com,1
fightingfortrump.com,1
politica.entravision.com,-1
naughteeismaxim.blogspot.com,1
theecps.com,1
cloydrivers.com,1
thecontroversy.net,-0.386919862
intrendtoday.com,-1
cablenoticias.tv,-1
bush-nazis.blogspot.com,-1
diariolavoz.net,1
trumpisweak.com,-0.386919862
floridafortrump.com,1
ninjamarketing.it,1
dailypoliticsusa.com,1
politicaonline.com.mx,-1
101greatgoals.com,-1
truthandaction.net,1
twtwsports.blogspot.com,1
orange.fr,-1
the-conservative-underground.com,1
ragereport.com,1
lessgovmorefun.com,1
kauppalehti.fi,-0.386919862
rub.io,0.589144235
the-trump-movement.fwscheckout.com,0.140203993
40billion.com,1
cabpolitical.com,-0.386919862
libertadusa.com,1
ouramazingworld.org,-0.061521108
avengersocial.wordpress.com,1
trump.money,1
radiohuancavilca.com.ec,-1
vote.gop,1
grandmotherafrica.com,1
votespotter.com,1
trc.taboola.com,-1
negociosreforma.com,1
afrivibes.net,1
anews24.org,1
disruptingthenarrative.blogspot.com,1
elinformador.com.ve,1
progressivemind.ucoz.com,-0.608849429
ccnoticias.com,-1
diaryofarepublicanhaterblogspotcom.sharedby.co,-1
thepoliticalwarzone.blogspot.com,1
gopocalypse.org,-0.906366806
independentstream.com,1
questioning-islam.org,1
thetrumpscoop.com,0.277502989
everynewshere.com,1
cochinopop.com,1
webesisters.com,1
lisbonreporter.com,1
responseaction.com,1
oldpicsarchive.com,-1
kazmierskireport.wordpress.com,1
ian56.blogspot.com,1
viraldaily.click,-1
hostgators.website,-0.386919862
truthnation.org,1
forumotion.com,1
dngrminds.net,-1
paolarojas.com.mx,-1
thenewsclub.info,1
donald-trump.beforeitsnews.com,1
desne.ws,-1
thetempesttimes.com,1
alcarrizosdigital.net,1
leftwingnation.org,-1
uniensenada.com,1
archetypeinaction.com,-1
newfiction.com,1
worldlibertynews.com,1
sheveeta.wordpress.com,1
idealmedia.com,-1
evil-exposed.org,-1
americafans.com,1
scontent.cdninstagram.com,1
schousegop.org,1
professorsavings.com,1
aunewsee.com,-0.386919862
concealncarry.net,1
genemcvay.wordpress.com,1
youngconservative.net,1
usaphase.com,1
adamduanebrown.com,1
americatv.com.pe,-1
anyonebuttru.mp,-1
hillaryin2016.blogspot.com,-1
sigalert.com,1
americantoday.news,1
scandal-exposed.beforeitsnews.com,-1
sandersguideblog.wordpress.com,-1
goodolewoody.me,-1
pmnightlynews.com,1
aprillajune.com,1
welcome.pubexchange.com,-1
kristantoparonto.com,1
exquisitofiufiu.com,-1
trumpthevote2016.com,1
yt2fb.com,1
renesprovisions.blogspot.com,-1
cruznews.net,1
customizedgirl.com,-1
theendtimes.news,1
pauljorion.com,1
okdiario.com,-1
canonclast.com,1
rightsmarts.com,1
rejoicemagazine.net,1
hiphopnc.com,1
maurizioblondet.it,1
wounded.wpengine.com,1
facthole.com,-1
theamericanindependent.wordpress.com,1
hallsofkarma.wordpress.com,1
instanews.cmcm.com,-1
nuestravision.com.mx,-1
themisfitsnetwork.com,1
techno.com,1
heaviermetal.net,1
political-capital.blogspot.com,-1
ugafootballlive.com,1
pollshare.com,0.277502989
vvng.com,1
tarbubbles.com,1
bosniatoday.ba,1
theericerbshow.com,1
tangofoxtrot.net,1
usanewsinsider.com,1
dailypresser.com,1
stopthetakeover.org,1
rednationrising.wordpress.com,1
thetrumpreport.com,1
bluewave2016.com,-1
thebiafratelegraph.co,1
theconservativeclub.us,1
whistleblower411.com,1
gkpoetry.com,1
s30.postimg.org,1
uasdata.usc.edu,1
assets.bwbx.io,1
texascruzn.us,1
au.jkmesh.com,-0.386919862
f-o-l.blogspot.com,1
thehacktoday.com,-1
about-trump.beforeitsnews.com,1
thedonaldtrumpfactor.com,1
habitationintention.com,1
usanews24hrs.com,1
has-aids.beforeitsnews.com,1
secure.makedclisten.com,1
ditchandswitch.org,1
vexradio.com,-1
dailynews.lessgovmorefun.com,1
usascans.com,1
thechildslaverysystemofcpsanddocs.wordpress.com,1
ugenespolitics.blogspot.com,-1
therighttobear.com,1
dedicateyournotrumpvote.blogspot.com,-1
trump20never.com,-1
q104.cbslocal.com,1
starsandbanners.com,1
trumpandpalin2016.blogspot.co.nz,1
pornpimpingpolitics.wordpress.com,1
buzzitt.com,1
poll-maker.com,-0.061521108
rabbiyosielevine.blogspot.com,1
tylt.it,-1
imocitytv.com,1
thefreepatriot.org,1
bureaucracybuster.com,1
noozeez.tumblr.com,1
americassaviour.com,1
l2lj.mj.am,1
tpartyus2010.ning.com,0.376990113
morethanyouwantedtoknow.com,1
yeoldejournalist.com,1
goddesskerrilyn.wordpress.com,-1
44news.wevv.com,1
motleynews.net,-1
restoreamericanglory.com,1
ryankantor.com,1
usalibertynews.com,1
payges.co,1
trumpfiresback.blogspot.com,1
usdailywire.com,1
sokomarketing.com,-0.386919862
wicked.online,-1
rncpetition.com,0.65884793
teropongsenayan.com,-1
nfldraftdiamonds.com,-0.386919862
liberty247.net,1
trumpswristbands.com,1
valhallamovement.com,-0.386919862
elconstituyente.mx,1
militianews.com,1
breakingnewsusa.com,-1
rodmartin.org,1
thegenerationme.com,-1
takebackevent.com,-0.386919862
socialmediavote.blogspot.ca,1
criticalthought.me,-0.386919862
moviewriternyu.wordpress.com,1
redmasnoticias.com,1
sasimi1.fantena.com,-0.386919862
conservativepushcoalition.com,1
thetrumptruck.com,1
theneworder.org,1
gagadaily.com,-0.386919862
africanamericanreports.com,-1
downvids.net,1
trumpinsurrection.com,1
interamerica.org,1
donaldjtrumppolls.com,1
interestin.gg,1
iquestioneverything.net,1
westhollywoodguardian.wordpress.com,-1
sethmeyers.org,0.140203993
ctn-politics.com,1
i.engage.ms,0.140203993
eatprayvote.org,-0.637971866
msnbc.stfi.re,-1
buildquorum.com,1
haberdar.com,-1
davideplante.com,1
usapoliticsinsider.com,1
truthexaminer.com,-1
americanlibertyreport.com,1
simply.pylba.com,1
campaign-2016-trendolizer.leadstories.com,1
arrest-jihadists.beforeitsnews.com,1
simpleoldboy.blogspot.com,1
pearlsofprofundity.wordpress.com,1
politicaldig.com,-1
somosnews.com,-1
saynotojeb.com,1
politicususaliberalpolitics.tumblr.com,-1
miami.eater.com,1
multimedios.com,-1
ahijackedlife.com,1
blickwinkel-portal.de,1
theraywarnershow.com,1
artstation.com,1
uknewse.com,-0.386919862
ih8hillary.com,1
apunto.com.es,-0.386919862
tee-party.us,1
southendnewsnetwork.com,1
justicenewsnetwork.com,1
thetrumphub.blogspot.com,1
conservativeworlddaily.com,1
departedmedia.com,1
conservativenewsroom.com,1
thetrumptimes.com,1
harambeunderground.com,1
pasadenademocrats.nationbuilder.com,-1
deprogramyourcollegestudent.com,1
americanjournalreview.com,1
noticensura.com,-1
opinionsamerica.com,1
talesfromatribble.com,1
farrellfile.com,1
openmindmagazine.com,1
c493058.r58.cf2.rackcdn.com,1
extremeliberal.wordpress.com,-1
viralvideos365.com,1
bigbluedimension.com,1
greghalvorsonblog.com,1
rmol.co,-0.386919862
electionado.com,-1
see-it.beforeitsnews.com,1
blogbiester.de,-1
trumpisright.blogspot.com,1
mobverify.com,1
feralpressalliance.wordpress.com,-0.637971866
asnowrose.wordpress.com,1
ofthehighest.wordpress.com,1
nu.or.id,-0.386919862
seekandknowthetruth.wordpress.com,1
thegeneralreport.wordpress.com,1
triumphantwomenblog.wordpress.com,1
palmerreport.com,-1
presidentialvoting2016.com,1
theproudliberal.org,-1
jagrukbharat.com,1
thetruthsoldier.com,1
resistancerepublicaine.eu,1
theredpill.global,1
realitycheckfwis.blogspot.com,1
firsttimesinceaugust.tumblr.com,-1
viralpatriot.com,1
politicaltropes.wordpress.com,1
usaonlinepolitics.com,1
posts.google.com,-1
tomthunkit.com,-0.862762701
theminutemenmedia.com,1
wiseyoungman.com,1
talkandpolitics.wordpress.com,1
charlottevaughancoyle.com,-1
overmanwarrior.wordpress.com,1
debatestressball.com,-1
julieborowski.com,1
pattimaguirearmstrong.com,1
statenation.co,1
hallicasser-jayne.com,1
truthandsatire.com,1
theoswatch.com,1
christianconservatives.net,-0.061521108
24matins.fr,1
thebryancrabtreeshow.com,1
time.stfi.re,-1
sickofyourcrap.com,1
bullshit.ist,1
stellasplace1.com,0.559117405
strongamericanwomen.org,1
sharefortrump.com,1
libertyinvestor.com,1
prepperchimp.com,1
amf.so,1
survivaljoe.net,1
dailyswap.tumblr.com,-1
goodmad.com,-0.061521108
imperialhiphop.com,-1
thecommontruth.net,1
nepba.org,1
unimediosagencia.com,-1
elizabethimus.blogspot.com,1
rinotracker.us,0.703553373
americanspotlight.com,1
word-view.officeapps.live.com,-1
aflcio.shpg.org,-1
starpul.se,-1
getlisty.net,-1
warintel.blogspot.com,-0.386919862
secure.2016committee.org,-0.386919862
hsselite.com,1
nmws.us,1
politico.tumblr.com,-1
saadvisory.com,1
toadvancefreedom.com,1
newdealprogressives.org,-1
social.denne.family,1
pages.townhall.com,1
hsbnoticias.com,1
danielsrepublic.wordpress.com,1
blackmediascoop.com,-1
reagangirl.com,1
naijaspice.com.ng,-0.386919862
supermorgy.com,1
shareonfb.com,-0.386919862
palavraspolivalentes.blogspot.com.br,1
wdednh.wordpress.com,1
allbud.com,1
worlddemocracynews.com,1
ihateliberalsandrinos.com,1
dailyinfo.co,1
aanirfan.blogspot.com,1
pragmaticprinciples.wordpress.com,-0.386919862
thetrumpcard2016.american-forum.net,1
trumpfanapparel.com,1
newdailypolitics.com,1
s.asia,1
gafollowers.com,-0.637971866
alert.psychnews.org,-1
worldviewbydawson.weebly.com,1
alfonzorachel.com,1
nbcpoll.com,1
ewboats.com,1
gopswag.com,1
diariodf.mx,-1
newsexpose.org,1
lajornadamaya.mx,-1
use.com,1
centralnewsamerica.com,1
secondamendmentsupporters.com,1
faithbackrub.com,-0.386919862
famemusicradio.com,1
trumpwall2016.com,1
helpthedonaldwin.org,1
seeatblogs.alternet.org,-1
americanpoliticnews.com,1
vozdesdeeldestierro.juancarlosherreraacosta.over-blog.es,1
trumpsc.wufoo.com,1
patriotsunited.wordpress.com,1
villanovan.com,-1
canewse.com,-0.386919862
next-president.beforeitsnews.com,1
capitaltownship.com,1
stevenbrownsblog.wordpress.com,1
nwsltr.me,1
tucker.wordpress.com,1
canwetalk.buzz,1
winfosantacruz.com,-1
talkatoz.com,1
teapartytown.us,1
shouldbelegal.com,-1
fultonpostnews.com,1
fanmail.com,1
ssm2.hgbc.com,1
inthetrendnews.com,1
equalhealthcare.org,1
culturekill.com,1
twitpl.us,1
politicalwave.org,1
gregdeanes.wordpress.com,1
itsworthliving.com,1
jacksonnewspapers.com,1
fr.kichka.com,1
tomjefferson1976.wordpress.com,1
canalntn24.us,1
yusuftoropov.com,-1
julianraven.wordpress.com,1
beehivebugle.com,1
channel-7-news.com,1
dailyservant.com,1
yourvoiceradio.com,1
honeycuttshollywood.com,1
ecoins.com,1
dailysquat.com,-0.386919862
mondaymondaynetwork.com,1
eyeontherecord.blogspot.com,-0.386919862
wordslinger.us,1
myehaven.com,-0.386919862
linkshrink.net,1
midsouthsentinel.com,1
provisioning.streamtheworld.com,1
thegreatshipcaptainswan.tumblr.com,-1
tbwns.com,1
universepolitics.com,1
willemvincken.wordpress.com,1
rajanlaadnews.blogspot.com,1
marcorubioamnestyman.com,1
thelibertystandard.com,1
ajdelgadoblog.wordpress.com,1
miami.newssides.com,-1
anti-mainstream.com,1
idontsleepiwriteblog.wordpress.com,1
walkwithher.com,-0.386919862
government.brevardtimes.com,1
conservemind.com,1
sponsoredtweets.com,-1
trumpballotsecurity.org,1
veneprensa.com,-1
dailytrumpnews.com,1
tfhnews.com,1
cfgf.org,-1
berniebros4trump.tumblr.com,1
worldwarcouncil.wordpress.com,1
zacherydtaylor.blogspot.com,1
sharrit.net,1
thecallng.com,-1
nationalnewspoint.com,1
stevebatton.com,1
clinton-emails.beforeitsnews.com,1
independent.typepad.com,1
his-iq.beforeitsnews.com,1
tv.today,-1
briancraig.libsyn.com,1
socialsity.com,1
donaldjdumb.com,-1
down.support,1
webelieveamerica.wordpress.com,1
this.watch,1
thecrux.com,1
vote.org,0.140203993
mjmhdaily.com,1
denisebronsdon.com,1
elveedordigital.com,1
campaignupdate.net,1
heat.io,1
byteboy.wordpress.com,1
wuv.de,-0.386919862
downfallofthewest.blogspot.ca,1
dontspreadmywealth.com,1
affaritaliani.it,1
immigrantsfortrump.net,1
newromantimes.com,-1
counter-jihad.uk,1
dineal.com,1
theblockbutton.blogspot.com,1
jim-bakker.beforeitsnews.com,1
teapartyjournal.com,1
buzzkix.com,1
loonybird.com,1
ditchandswitchnow.com,1
educateinspirechange.org,-1
noticialibre.com,1
stoptrump.org,-1
politicalconsultantmisconduct.blogspot.com,-1
demilovatogallery.com,-1
lipstickpundit.com,1
decodingsatan.blogspot.com,1
clintonswar.com,1
wisemindhealthybody.com,1
lutherchips.com,-1
americaorclinton.com,1
inquir.io,1
therationalprogressive.com,-1
anitafinlay.com,-1
jews4tedcruz.blogspot.com,1
heytootssweet.wordpress.com,1
16inchcity.com,-1
truenorthreports.com,-1
thelowdowndirtytruth.com,1
vote.gov,-0.502027787
kenmcvay.com,1
whoobazoo.com,1
corruption-reigns.beforeitsnews.com,1
thetrumptrain.blogspot.com,1
rodeccles.net,1
sheriffali.com,-1
thefabgab.co,-1
citiblog.co.uk,1
barbour2.wordpress.com,-0.061521108
musical.ly,1
planetpov.com,-1
anamericanwarning.com,1
kkoh.com,-1
goldmoney.com,1
cajunconservatism.com,1
noozsaurus.com,1
theterribletruth.org,-1
conservativehappenings.blogspot.com,1
panamericana.pe,-1
idpcaucuses.com,-1
thethinktankdaily.com,1
nycfreeconcerts.com,-1
thegoodmanreport.wordpress.com,1
usadailynews24.com,1
egoallstars.com,-1
nowth.is,-1
yugeusa.com,1
john-gaultier.blogspot.ca,1
rnorthboy.sharedby.co,1
arbeeresponds2.blogspot.com,1
abovethefraypodcast.com,1
ian56.blogspot.ch,1
exileguy-exileguy.blogspot.com,-1
shampoovta.tumblr.com,-1
geopoliticalcenter.com,1
rancagua.evisos.cl,1
pomonews.com,1
bushcrimes.com,1
westernsentinel.com,1
voluntadpopular.com,-1
tradethecycles.tumblr.com,1
lettersfromthegulag.blogspot.com,1
naegeleblog.wordpress.com,1
acoloneloftruth.blogspot.com,1
wittyfeed.com,-1
captiongenerator.com,1
dcposts.com,1
tdnewswire.com,1
vintagemediagroup.com,1
trumpcollection.co,1
wtoe5news.com,1
casareal.es,-1
topcatsroar.wordpress.com,1
wash.politics.narkive.com,1
theconservativeauthor.com,1
hudsonvalleynewsnetwork.com,1
player.warpradio.com,1
kingofmarble-shmatko.com,0.631026526
thorntoncrowe.blogspot.com,1
jakeho.wordpress.com,1
bigredmatt1011.blogspot.com,1
weheartworld.com,1
redpanels.com,1
christianpatriottoda.ipage.com,1
patriotortraitor.com,1
idomains.com,-1
usadailyinfo.com,1
win.vote,1
21onuv2o3diqcdqccz3o9c12iv.wpengine.netdna-cdn.com,1
feelthebernsrq.com,1
i59.fastpic.ru,1
eagleonetowanta.com,1
rogerstone.com,1
subverse.net,1
gazetteunion.com,1
clinton.net,1
politicalwizardry.tumblr.com,1
cobcatnipdew.wordpress.com,1
cecilspride.wordpress.com,-1
americantrends24.blogspot.co.id,1
luvtrump.com,1
futurefirstlady.com,1
ppsimmons.blogspot.bg,1
they-discuss.beforeitsnews.com,1
spartareport.com,1
theuspatriot.com,1
redcarpetcrash.com,-1
action.getliberty.org,1
thevictoryreport.org,1
buzzfond.com,1
undercoverpolitics.com,1
mediazone.news,1
openprespoll.github.io,1
nindalorthrup.tumblr.com,-1
grizznation.com,1
womenfordonaldtrump.com,1
cleburnepress.com,1
geeksandbeats.com,-0.386919862
conspiracydailyupdate.com,1
samtiden.nu,1
k5learning.com,-1
memes.doublie.com,1
trump.vote,1
iatse.net,-1
statusmind.com,1
thecrunchlist.com,1
369news.net,1
standardexcellence.net,1
nicedeb.wordpress.com,1
verkiezingenvs.com,-0.386919862
celebritynews.io,-1
crime-buzz.com,1
people.stfi.re,-1
usa.abalancingact.com,1
teapartyradical.squarespace.com,1
americonnews.com,1
wewillwalk.org,1
plant-basedconservatives.com,1
press24.us,1
geofon.gfz-potsdam.de,-0.386919862
con-tru.com,1
donboys.cstnews.com,1
videopress.com,1
christiantelegram.com,1
trump.build,1
madnology.com,1
neo-nazi--teaparty--kkk.blogspot.com,-1
johnmichaelchambers.com,1
deepadvantage.com,1
mpamag.com,-1
theredpill.wistia.com,1
secrets-revealed.beforeitsnews.com,1
americaweloveyou.com,1
directorateblog.wordpress.com,1
theblaze.co,1
cynthiajquinn.net,1
soundmoneydefense.org,1
globalboo.st,1
americarightnow.com,1
donaldtrumpians.com,1
womenlovetrump.com,1
newhampshirepoliticalreport.com,1
breakingnewsngr.com,1
surenews.com,1
365reasons-not-to-vote-hillary.tumblr.com,1
jebfightsisis.com,-1
blindspotreport.com,1
eoebevy.com,1
usatodaypolitics.com,1
int.house,1
progressflorida.org,-1
kanvz.com,-1
liftable.com,1
occupyconservatives.com,1
ackmanscam.wordpress.com,1
blickwinkelmoderator.tumblr.com,1
leodunson.com,1
realradio.iheart.com,1
newsabc.net,-1
thefinnblog.com,1
pageposts1123.blogspot.com,-1
americanupdater.com,1
themeancanadian.com,1
thegodofrage.wordpress.com,1
hurt-him.beforeitsnews.com,1
pepperhawkfarm.wordpress.com,1
trumpdems.org,1
millennialviews.com,1
hotbeak.com,1
business2community.stfi.re,-1
trump2016media.tumblr.com,1
ethiogrio.com,1
revolutions2040.com,1
i67.tinypic.com,1
snapstream.net,-1
some-love.beforeitsnews.com,1
beritajatim.com,-0.386919862
positivemuslimah.com,1
thetrumptrain.delightfulimageparty.net,1
clickker.in,-1
crowenation.com,1
ozcontent.com,-0.386919862
nevadafortedcruz.com,1
amirite.com,1
nbcpolitics.org,1
implode-explode.com,-1
thewatchtowers.org,1
willempostvs.nl,-0.386919862
jdwinteregg.com,1
newsbbc.net,1
22women.blogspot.com,1
callidorabeach.wordpress.com,1
irontroll.com,-0.837544733
hfotusa.org,1
constitutionreformparty.org,1
tuexperto.com,-0.386919862
ncgopconvention.com,1
presidencia.gob.pa,-1
elchubut.com.ar,-1
wideopenspaces.com,1
travelightgame.com,1
fullymyelinated.wordpress.com,-1
vayagif.com,-1
tiptoptrump.com,1
socialstartnow.com,1
ia600802.us.archive.org,-1
covertcontact.com,1
mcohiogop.org,1
the-daily.buzz,-1
teamrock.com,-1
bzzfdstr.com,1
mostdamagingwikileaks.com,1
iheartamerica.me,1
restoringamericatogether.net,1
teamcombover.com.com,1
bringingupchristian.net,1
whistleblower-newswire.com,1
rapideyereality.com,1
hpnhaiti.com,-1
realtree.com,1
hillaryclintontranscript.webs.com,-1
wedrjuniormacciottigrimaldi.tumblr.com,1
the-politik.com,1
crescentpetroleum.com,1
hmpac.com,-1
diariode.pe,-1
globalnewsherald.com,1
laurenstephens.com,1
technologyreview.es,-1
mariececilenaves.blog.lemonde.fr,1
nowdaily.com,1
their-virgins.beforeitsnews.com,1
quiz-maker.com,1
elections2016merchandise.com,1
sugarpinerealty.blogspot.com,-0.386919862
conservativeinsider.co,1
shock-video.beforeitsnews.com,1
thepoliticalline.blogspot.com,-1
dcstatesman.com,1
secure.democraticgovernors.org,-1
millennialmonitor.com,1
joyreaper.wordpress.com,1
mytrumpclub.com,1
georgetakei.tumblr.com,-1
nvdemconvention.wordpress.com,1
gigibowman.com,1
dopeupdates.com,-0.386919862
vaughnlive.tv,1
clapway.com,1
mygoodplanet.com,-1
nytimespolitics.com,1
conservativekudzu.com,1
twentyfirstcenturycontent.com,-1
trumpgeneral.com,1
wrongwayrubio.com,1
moldychum.com,1
lockdownrooms.com,-1
libyanwarthetruth.com,1
starconnectmedia.com,1
thomasdishaw.com,1
unlvdebate.com,1
courageousmotherhood.net,1
globalpublishers.co.tz,1
defender.org.br,-1
palmbeachrepublicanclub.org,1
blackandblondemedia.com,1
danajsummers.com,1
usmclife.com,1
synergybydesign.wordpress.com,1
stationdebunk.tumblr.com,1
nanb.co.za,1
kindercarepediatrics.ca,-1
i.reddituploads.com,1
dc-machine.beforeitsnews.com,1
danpena.com,1
attractionlistbuilding.com,1
presidential-ambitions.beforeitsnews.com,1
womanofvalorgala.com,1
augur.net,1
behindthegloves.com,1
about.women4bernie.us,1
iemoji.com,1
nestegg.com.au,-1
ww11.donaldjturmp.com,1
themaulreport.com,1
activote.ontheissues.org,1
arteycaricaturas.blogspot.com,-1
livinginaheartbeat.tumblr.com,-1
goangryhornet.com,1
jimsjustsayin.blogspot.com,1
cash.me,1
americanscenemagazine.blogspot.com,1
theburningspear.com,-1
diaryofadelegate.com,1
greedypicks.com,1
trump-2016.blogspot.com,0.960403074
skopemag.com,1
ujustgottrumped.com,1
barkshop.com,-1
kaivanshroff.com,-1
mrickscarter.com,1
smartbusinesstrends.com,1
trumpnewsdaily.blogspot.com,1
helpingmisguidedvoters.com,1
fotlipou.com,-0.386919862
familypedia.wikia.com,1
themjreport.blogspot.com,-1
cdnapi.kaltura.com,1
stevensavage.com,-1
blastedfools.wordpress.com,1
rulersmakebadlovers.com,-1
coalitionfortrumpsuperstore.com,1
white-house.beforeitsnews.com,1
lzclips.com,-1
nsfwv-listening.beforeitsnews.com,1
endorsementsforbernie.com,-0.386919862
secure3.2dialog.com,1
globalinfotoday.com,1
stilldickingbimbos.com,1
ronfutrell.com,1
familytreegirl.com,-1
tctragwnd.org,1
opusnews.com,1
usadailytime.com,1
politicaledu.org,-1
images1-focus-opensocial.googleusercontent.com,1
therealcvp.com,1
statepoll.com,1
assets.change.org,1
brotherhood-letter.beforeitsnews.com,1
wheretheworldisgoing.com,1
washingtontimes.com.co,1
politics.getyarn.io,1
bullockpaydirt.com,1
chrislittleton.com,1
pages.redstate.com,1
trumpmarchrnc.com,1
biggovernment.news,1
hyperlinknewssite.wordpress.com,1
patrickhostis.wixsite.com,1
readyformarco.wordpress.com,1
wayyradio.com,-1
wallstreetplayboys.com,1
thestarsandstripes.info,1
chevydetroit.com,1
virat3.org,1
warnewsupdates.blogspot.ca,1
rhymemepoet.wordpress.com,1
thevoiceofreason-ann.blogspot.co.uk,1
thetrumptrain.galaxyofemotions.me,1
massholesports.com,1
tmcap.wordpress.com,-1
houseofhillary.com,-1
informedvote2016.wordpress.com,1
latinacomunica.com,-0.061521108
ia600406.us.archive.org,1
rsbn.tv.linkis.com,1
register.gop,1
wehearthillary.com,1
leagueofpower.com,1
flowersforsocrates.com,1
davidmiano.net,-1
freepressamerica.com,1
taxesbytrump.com,-1
chosenppl4donald.wixsite.com,1
heiscomingblog.wordpress.com,1
northcrane.com,1
is-clueless.beforeitsnews.com,1
elections.mytimetovote.com,1
letterstotrump.tumblr.com,-1
lies.news,1
vickynanjappa.com,1
foragainst.com,1
newshubpage.com,1
cooltobeconservative.com,1
teamcombover.com,1
peoplesvoicesusa.info,1
mcspocky.com,-1
bicoastalgrandma.blogspot.com,1
educatedwhitewoman.com,1
fair.media,1
tomremington.com,1
numbers.watch,1
scarylawyerguy.blogspot.com,-1
family-operations.beforeitsnews.com,1
usafortrump2016.com,1
releasereturns.wpengine.com,-1
honorabletrump.com,1
us.politwi.de,1
gossiplyfe.com,-0.386919862
to-reality.beforeitsnews.com,1
donaldtrumpet.allalla.com,1
borderwallbricks.com,1
politicalref.com,1
gazr.co,1
socialmediavote.blogspot.co.za,1
winechics.wordpress.com,1
presidential-campaign.beforeitsnews.com,1
the-nominee.beforeitsnews.com,1
themovement.news,1
timetag.com,1
theundiscoveredcountry.blogspot.com,1
amerigeddonthemovie.com,1
historiek.net,1
donaldtrumpsvulgarianelite.wordpress.com,1
worldwithouthate.org,-0.386919862
muungwana.co.tz,1
hollerhear.me,1
designyourworld.space,-1
easttnnews.com,-1
darkmoonseries.wordpress.com,-1
valeriethompsonracing.com,1
greenbaypressgazette.wi.newsmemory.com,-1
rightondaily.com,1
fast-n-delicious.com,1
writing-jobs.net,1
cyceon.com,1
naturalgasworld.com,1
seniorcitizenspublicsquare.com,1
protest-video.beforeitsnews.com,1
kevmill.wordpress.com,1
communist-america.beforeitsnews.com,1
eye.vote,1
teacaucus.org,1
majinoaw.blogspot.com,1
theindicter.com,1
man.com,1
stophillarynow.com,1
nobodysopinion.org,1
towncriernews.blogspot.com,1
ma4trump.com,1
stars.topix.com,-1
pennsylvania-donaldtrump.nationbuilder.com,1
hitandrun.gr,-0.386919862
dailybuzzlive.com,-1
newpollz.com,-0.386919862
isaacbrocksociety.ca,1
greenstarparadox.wixsite.com,1
libertyhousenh.org,1
focusonamerica.net,-0.386919862
fightbookmma.com,-1
jaredleto.com,-1
content.newsandsentinel.com,1
michaelpramirez.com,1
965ksom.com,1
giveusliberty1776.blogspot.in,1
olivermcgee.org,1
pastorschober.org,1
comentariosdeweebee.blogspot.com,1
palavraspolivalentes.blogspot.com,1
cucknews.com,1
patriotmobile.com,1
comptonbusinessjournal.com,-1
again.media,1
store.thegoldenlifeclothing.com,1
taxistory.it,-1
psychicsoldier.bandcamp.com,1
timesofislamabad.com,-0.386919862
todaysdocument.tumblr.com,-1
phoenixconventioncenter.com,-1
breakingtothink.wordpress.com,-1
herezproof.mysharebar.com,1
briancraigshow.com,1
elvisduran.iheart.com,1
conservativeconstitutionalists.com,1
bigbluevision.org,1
theinternationalcoalition.blogspot.com,-1
twimg.com,-0.492605975
artemisrecordsradio.org,1
gosporttimes.com,1
georgevecsey.com,-1
ziplook.house.gov,1
shock-you.beforeitsnews.com,1
mitchellvii.com,1
todaysinfo.net,1
muslimfunnyfest.com,-1
highbinder.org,1
magaupdate.com,1
cowpost.com,1
thewordonpolitics.com,1
guitarandpen.blogspot.com,-1
northerniowan.com,1
bernietrump2016.com,1
emicroblog.cf,1
wibqam.com,-1
trumpnews2016.org,1
cruzmotherbirthcertificatenogood.blogspot.com,1
controlling-clinton.beforeitsnews.com,1
zpr.com,-0.386919862
lovethispic.com,1
richvermillion.com,1
notb4coffee.com,1
washingtonsuntimes.com,1
usapubliclife.com,1
craciunresearch.com,-1
hillarys-coffin.beforeitsnews.com,1
faithhub.net,1
dduane.tumblr.com,-1
mariakelsoblog.wordpress.com,1
fucknohillary.com,1
covered.life,1
movement-video.beforeitsnews.com,1
inspireconversation.com,1
politickingpriscilla.weebly.com,-1
conspiratology.com,-1
internet.realitytvcalendar.com,-0.386919862
battleborndesign.com,1
lesmoutonsrebelles.com,1
mpsnet.net,1
brandingin4d.wordpress.com,1
cleveland.about.com,1
cyrusreport.blogspot.com,1
ritafamous.com,1
static2.smi2.net,-1
bewhallend.blogspot.com,1
rapmusic.com,1
elgatoweebee.wordpress.com,1
logikcull.com,1
thedailyiq.com,-1
tharacecard.tumblr.com,-1
cafortrump.com,1
el-carabobeno.com,-1
trendingviews.com,1
melodyeshore.com,-1
on.org,1
hillarytranscriptclock.com,1
xmmlbchat.blogspot.com,1
thereplawyer.blogspot.com,1
americanstrawpoll.com,1
la-belle-laide.tumblr.com,-1
btv24.co.uk,-1
uniteagainsttrump.com,-0.386919862
27x.net,1
ricciprinting.com,1
domsdomainpolitics.blogspot.com,-1
radiopatriot.net,1
workwithiws.com,1
blackhillsportal.com,1
flimen.org,1
e8k0luq9wg.execute-api.us-east-1.amazonaws.com,-1
donaldtump.com,1
thesomervillenewsweekly.wordpress.com,1
clips.abcotvs.com,1
specialon.pleasantimageplanet.me,1
gaelle.hautetfort.com,1
jassogne.tumblr.com,1
lifeassuranceministries.org,1
consamericans.com,1
gamertics.com,1
bereansatthegate.com,1
babe-elder.blogspot.com,1
black-magic.beforeitsnews.com,1
hitlerwenttoheaven.wordpress.com,1
fanmail.biz,-0.386919862
trump.bigboardlive.com,1
getspun.com,1
edgarcountywatchdogs.com,1
myweb.loras.edu,-1
salaamsblog.wordpress.com,-1
her-campaign.beforeitsnews.com,1
clientlink.directiq.com,1
endtimesforetold.org,1
timesofisrael.linkis.com,1
agconservative.wordpress.com,1
davidoates.com,1
shofarbetzion.com,1
votepolitics.us,1
trumplies2.us,-1
fun-secrets.beforeitsnews.com,1
dailystar.com.lb,1
leftist.lol,1
realitytvscandals.com,1
sociopathicstyle.com,1
liftedspirits.net,1
e-thirteen.ca,-1
done.report,1
backwoodsnews.com,1
christianmoney.com,1
icudc.com,1
blackrepublican.blogspot.my,1
thebiquefactor.wordpress.com,1
electioneducation.wixsite.com,-1
drwilliammount.blogspot.com,1
dumptrumpinitiative.com,-1
partipopulaire.be,1
testingvt.com,1
mkegop.com,1
dailypakistan.com.pk,1
rollingitout.com,1
forums.popmalt.com,1
abccitizen.net,1
missingchildprevention.wordpress.com,-1
tomheneghanbriefings.com,1
bc8.a98.myftpupload.com,1
pamjonesforliberty.com,1
timinhonolulu.files.wordpress.com,-1
robertariail.com,1
pacificcog.org,1
unity2016.net,-1
poppiblog.com,-1
natural-borncitizens.com,1
unlockyourbravado.com,1
seatingchair.com,1
officiallatinosfortrump.com,1
woapradio.com,1
trumplatinofever.com,1
historychickinaz.com,-1
running2016.com,1
primaryprojection.com,-1
supporthillary.hostingsiteforfree.com,-1
waterchristianstore.com,1
all-costs.beforeitsnews.com,1
visitwatertown.com,1
donaldtrump.sucks,-0.386919862
tfsnews.com,1
wethepeopleconvention.org,1
ww12.webesisters.com,1
wtkf107.com,1
comellacd.tumblr.com,-1
americaisgreatagain.com,1
biesloaded.com,1
foxpoll.com,1
washingtonisbroken.org,1
goldman-sachs.beforeitsnews.com,1
badawy.ca,1
usalovelist.com,1
maga3x.com,1
lenbilen.com,1
voiceofpeopletoday.com,1
carlgottlieb.net,1
edition.pagesuite.com,-1
readyformarco.org,1
ww12.news-freak.com,-1
ntn24webdigital.com,1
usa2016elections.com,1
ceepur.org,-0.637971866
thecarsmagazine.com,1
nevo.news,1
donaldtrumpnews.co,1
elmundo.feedsportal.com,1
zerohedge.feedsportal.com,1
friatider.se,1
ndtv.com.feedsportal.com,-0.386919862
nationaljournal.com,0.01709552
chicagotribune.feedsportal.com,1
bigbluevision.com,1
detik.feedsportal.com,-0.386919862
salon.com.feedsportal.com,-0.699498493
teapartypolitics.com,1
youreon.media,-0.386919862
theatlantic.feedsportal.com,-0.775728357
cnet.com.feedsportal.com,1
heady.xyz,-0.386919862
nymag.feedsportal.com,-1
google.com,-1
theonion.com.feedsportal.com,-1
gistsnow.com,1
trump4women.com,1
i-donate-my-voice.for-additional.info,-1
ww38.funnygeico.com,1
startribune.com,-0.457462602
marketwatch.com,0.069471145
stks.co,1
everydayworldnews.com,1
dispatchtimes.com,1
americanthinker.com,0.945551446
thefederalist.com,0.548108789
everyday24.com,1
stage2omega.com,1
alltechprime.com,1
vogue.com,-1
houstonchronicle.com,-0.502027787
seeking-the-truth.giveback.cf,1
elle.com,-0.665377018
liberation.fr.feedsportal.com,-1
trumpnews.xyz,1
socialistmop.com,1
cbn.com,0.897781157
shaleforum.com,1
igberetvnews.com,1
conservativereview.com,0.730081484
esquire.com,-0.782621312
america.vote,1
pollitical.com,1
corp.primal.com,1
cherijacobus.com,1
kycisrael.com,-0.386919862
unionleader.com,-0.247825821
israelbeyond.com,1
celebritiesreport.com,-1
foxbusiness.com,0.860991699
ktla.com,-0.270117308
bigshowgirl.blogspot.in,-1
charleswatsonblog.wordpress.com,1
stupidpartyland.com,-0.906366806
mahasiswabicara.com,-1
caraycecaonline.com.ar,-1
dailydot.com,-0.709376768
demofta.com,1
joseph-jett.com,1
wbur.org,-0.002707376
americanallegiancepac.com,1
moviestube.xyz,1
pressherald.com,-0.386919862
vdlfa.org,-1
fiorina-8.beforeitsnews.com,1
nepafortrump.com,1
thefiscaltimes.com,-0.024539987
friynds.com,1
blaze.com,1
africwap.com,-0.386919862
burlingtonfreepress.com,-0.699498493
preble411.com,1
advocate.com,-0.527380895
headlineswiki.com,1
learn.bowdoin.edu,1
gallup.com,-0.40413683
denverpost.com,0.204954959
imdb.com,-0.061521108
sfchronicle.com,0.330924603
thesmokinggun.com,0.536536334
nationalenquirer.com,0.948738739
cfr.org,0.483642905
taxpolicycenter.org,-1
taxfoundation.org,0.376990113
wmur.com,-0.6056774
pagesix.com,0.615341834
glamour.com,-1
cato.org,0.452394807
nbc.com,0.721782538
insideedition.com,0.68276792
theadvocate.com,-0.637971866
thestate.com,-0.044024765
theroot.com,-0.690738674
thefridaytimes.com,-1
arynews.tv,-1
